subject,seed,condition,accuracy,nll,brier,correct_margin
1,0,full,0.7599999904632568,0.46440085768699646,0.3070518970489502,1.1635545492172241
1,0,remove_4_8,0.7749999761581421,0.45093807578086853,0.2985919713973999,1.2408881187438965
1,0,remove_8_13,0.6949999928474426,0.5242358446121216,0.35588765144348145,0.9740872383117676
1,0,remove_13_20,0.7250000238418579,0.508506715297699,0.3384564518928528,1.0110472440719604
1,0,remove_20_30,0.7649999856948853,0.4622437357902527,0.30588555335998535,1.1672718524932861
1,0,remove_30_40,0.75,0.46563729643821716,0.3083142638206482,1.160082221031189
1,0,only_4_8,0.6200000047683716,0.6911773681640625,0.4855169653892517,0.4927952289581299
1,0,only_8_13,0.7749999761581421,0.476103812456131,0.3113018870353699,1.1571928262710571
1,0,only_13_20,0.7350000143051147,0.5035368204116821,0.34109917283058167,1.0998246669769287
1,0,only_20_30,0.6449999809265137,0.6604456901550293,0.46524474024772644,0.5372068881988525
1,0,only_30_40,0.6349999904632568,0.6492960453033447,0.45780837535858154,0.55572110414505
1,0,smr_only_8_30,0.7850000262260437,0.4521789252758026,0.29978445172309875,1.2410564422607422
1,0,non_smr_only_4_8_30_40,0.6200000047683716,0.6837751269340515,0.47977423667907715,0.5207604765892029
1,0,beta_only_13_30,0.7400000095367432,0.5045785307884216,0.34239935874938965,1.0977050065994263
1,0,raw_only,0.625,0.6581094264984131,0.46861714124679565,0.5063735842704773
1,0,spectral_full,0.8050000071525574,0.8119011521339417,0.33218055963516235,4.476608753204346
1,1,full,0.6549999713897705,0.6816041469573975,0.46280163526535034,0.4662362337112427
1,1,remove_4_8,0.6600000262260437,0.6598700881004333,0.44908368587493896,0.4828905463218689
1,1,remove_8_13,0.6000000238418579,0.7181318402290344,0.4941693842411041,0.39707139134407043
1,1,remove_13_20,0.6499999761581421,0.6923929452896118,0.47034499049186707,0.4438110589981079
1,1,remove_20_30,0.6499999761581421,0.6837506294250488,0.46337729692459106,0.46423882246017456
1,1,remove_30_40,0.6549999713897705,0.6819483041763306,0.46282413601875305,0.4667816460132599
1,1,only_4_8,0.5799999833106995,0.7703168392181396,0.529649555683136,0.3128742277622223
1,1,only_8_13,0.6650000214576721,0.6647294759750366,0.4506874084472656,0.46791374683380127
1,1,only_13_20,0.6349999904632568,0.6903254985809326,0.4736543893814087,0.41529884934425354
1,1,only_20_30,0.6100000143051147,0.7105592489242554,0.49193572998046875,0.32259953022003174
1,1,only_30_40,0.6100000143051147,0.7269240617752075,0.504176914691925,0.2820624113082886
1,1,smr_only_8_30,0.6650000214576721,0.6590726375579834,0.4485008716583252,0.4852530360221863
1,1,non_smr_only_4_8_30_40,0.5799999833106995,0.7661905884742737,0.5283139944076538,0.31430262327194214
1,1,beta_only_13_30,0.6349999904632568,0.6879056692123413,0.4720369577407837,0.4125235676765442
1,1,raw_only,0.5899999737739563,0.7261560559272766,0.5043738484382629,0.27764880657196045
1,1,spectral_full,0.6600000262260437,0.9641130566596985,0.5382925271987915,1.5109094381332397
1,2,full,0.6150000095367432,0.7435452342033386,0.5049229264259338,0.5005919933319092
1,2,remove_4_8,0.625,0.703911304473877,0.476421594619751,0.580089807510376
1,2,remove_8_13,0.6100000143051147,0.7674316167831421,0.5237390398979187,0.42515259981155396
1,2,remove_13_20,0.5799999833106995,0.7786102890968323,0.5286319851875305,0.42479199171066284
1,2,remove_20_30,0.6150000095367432,0.74798583984375,0.5061005353927612,0.49268972873687744
1,2,remove_30_40,0.6200000047683716,0.7457846999168396,0.5034149885177612,0.49749091267585754
1,2,only_4_8,0.550000011920929,0.8644424676895142,0.5773530006408691,0.2084174007177353
1,2,only_8_13,0.6200000047683716,0.7217339873313904,0.4808603525161743,0.5472440719604492
1,2,only_13_20,0.625,0.7217861413955688,0.49045121669769287,0.5110474824905396
1,2,only_20_30,0.6100000143051147,0.7969384789466858,0.5505465269088745,0.24057893455028534
1,2,only_30_40,0.5799999833106995,0.8046547174453735,0.5567371845245361,0.22899316251277924
1,2,smr_only_8_30,0.6299999952316284,0.7027261257171631,0.47399842739105225,0.581605851650238
1,2,non_smr_only_4_8_30_40,0.5350000262260437,0.8609777688980103,0.5822150707244873,0.21076327562332153
1,2,beta_only_13_30,0.6150000095367432,0.7237883806228638,0.4926796853542328,0.5107621550559998
1,2,raw_only,0.5849999785423279,0.8050287365913391,0.5512957572937012,0.22324787080287933
1,2,spectral_full,0.625,1.4253791570663452,0.6144837141036987,2.0768439769744873
10,0,full,0.6150000095367432,0.7390286326408386,0.515200138092041,0.3936120867729187
10,0,remove_4_8,0.6150000095367432,0.7144975066184998,0.4978224039077759,0.4202244281768799
10,0,remove_8_13,0.6200000047683716,0.7559216022491455,0.5225316882133484,0.3596477508544922
10,0,remove_13_20,0.6100000143051147,0.7477837204933167,0.5241186618804932,0.35893428325653076
10,0,remove_20_30,0.6100000143051147,0.7460065484046936,0.5209811329841614,0.38634032011032104
10,0,remove_30_40,0.5799999833106995,0.7530497908592224,0.5278818011283875,0.35741645097732544
10,0,only_4_8,0.574999988079071,0.8283407688140869,0.5783253312110901,0.1883547157049179
10,0,only_8_13,0.5849999785423279,0.7632359266281128,0.5339486598968506,0.3029886484146118
10,0,only_13_20,0.5649999976158142,0.7545335292816162,0.5271651744842529,0.3033868074417114
10,0,only_20_30,0.550000011920929,0.7709633111953735,0.5485190749168396,0.22692516446113586
10,0,only_30_40,0.5649999976158142,0.7863916754722595,0.5519493818283081,0.26923370361328125
10,0,smr_only_8_30,0.5849999785423279,0.7228873372077942,0.5058039426803589,0.39719298481941223
10,0,non_smr_only_4_8_30_40,0.5699999928474426,0.7830091714859009,0.542455792427063,0.29612258076667786
10,0,beta_only_13_30,0.5649999976158142,0.749692440032959,0.5242143869400024,0.30487874150276184
10,0,raw_only,0.550000011920929,0.7962337732315063,0.568484902381897,0.11372552812099457
10,0,spectral_full,0.6449999809265137,1.39324951171875,0.6086936593055725,2.114311456680298
10,1,full,0.550000011920929,0.7167285084724426,0.5162570476531982,0.12577539682388306
10,1,remove_4_8,0.5600000023841858,0.7160782814025879,0.5154704451560974,0.12020895630121231
10,1,remove_8_13,0.5350000262260437,0.7340654730796814,0.5326650738716125,0.09898073226213455
10,1,remove_13_20,0.574999988079071,0.7165867686271667,0.5168091058731079,0.11870454996824265
10,1,remove_20_30,0.5699999928474426,0.7115750312805176,0.5122056007385254,0.13462020456790924
10,1,remove_30_40,0.550000011920929,0.7319286465644836,0.5286237597465515,0.0940602496266365
10,1,only_4_8,0.49000000953674316,0.7637335062026978,0.5599453449249268,0.031153550371527672
10,1,only_8_13,0.5450000166893005,0.7178784012794495,0.5145585536956787,0.0857582837343216
10,1,only_13_20,0.5199999809265137,0.7409011721611023,0.5366839170455933,0.06828588992357254
10,1,only_20_30,0.5199999809265137,0.7629854083061218,0.5557612180709839,0.007489440031349659
10,1,only_30_40,0.5400000214576721,0.7249107956886292,0.5264042615890503,0.09061165153980255
10,1,smr_only_8_30,0.5400000214576721,0.729204535484314,0.5236121416091919,0.08966965973377228
10,1,non_smr_only_4_8_30_40,0.5249999761581421,0.7330366373062134,0.5336261987686157,0.09620031714439392
10,1,beta_only_13_30,0.5249999761581421,0.7516491413116455,0.5448951125144958,0.051626019179821014
10,1,raw_only,0.5,0.7441443800926208,0.5420380234718323,0.012142980471253395
10,1,spectral_full,0.6399999856948853,1.1695457696914673,0.605635404586792,0.990700364112854
10,2,full,0.574999988079071,0.7180248498916626,0.5157104730606079,0.1110413521528244
10,2,remove_4_8,0.550000011920929,0.7101609110832214,0.5100817084312439,0.11675088852643967
10,2,remove_8_13,0.5600000023841858,0.7196581959724426,0.5172883868217468,0.1006397232413292
10,2,remove_13_20,0.5699999928474426,0.7249399423599243,0.5216220617294312,0.09240276366472244
10,2,remove_20_30,0.574999988079071,0.7212305665016174,0.5182756185531616,0.10682092607021332
10,2,remove_30_40,0.550000011920929,0.7342016100883484,0.5290472507476807,0.09057776629924774
10,2,only_4_8,0.5149999856948853,0.7686006426811218,0.5579161643981934,0.02595355361700058
10,2,only_8_13,0.5350000262260437,0.7443690299987793,0.5382370948791504,0.05961966514587402
10,2,only_13_20,0.5550000071525574,0.7252963185310364,0.5243181586265564,0.09284129738807678
10,2,only_20_30,0.5199999809265137,0.7406373620033264,0.537785530090332,0.04042763635516167
10,2,only_30_40,0.5450000166893005,0.7311769127845764,0.5289376378059387,0.0671425610780716
10,2,smr_only_8_30,0.5649999976158142,0.7207827568054199,0.5189622640609741,0.10661180317401886
10,2,non_smr_only_4_8_30_40,0.5550000071525574,0.7284153699874878,0.5242254734039307,0.07979025691747665
10,2,beta_only_13_30,0.5350000262260437,0.7261728048324585,0.5248135328292847,0.08290410041809082
10,2,raw_only,0.4650000035762787,0.7547214031219482,0.550723135471344,0.010584617964923382
10,2,spectral_full,0.6150000095367432,1.013961911201477,0.6065109372138977,0.861409068107605
11,0,full,0.48500001430511475,0.9319013953208923,0.6627925038337708,0.04025835916399956
11,0,remove_4_8,0.47999998927116394,0.9121504426002502,0.6530126929283142,0.04341262951493263
11,0,remove_8_13,0.4650000035762787,0.9508207440376282,0.6743813157081604,0.023427093401551247
11,0,remove_13_20,0.48500001430511475,0.9309185147285461,0.6618160009384155,0.04500332847237587
11,0,remove_20_30,0.48500001430511475,0.9301443696022034,0.6613053679466248,0.0400913804769516
11,0,remove_30_40,0.48500001430511475,0.931256115436554,0.6624000668525696,0.04041082412004471
11,0,only_4_8,0.47999998927116394,0.9501070380210876,0.672985851764679,0.02561960369348526
11,0,only_8_13,0.49000000953674316,0.905163586139679,0.6476261615753174,0.046327460557222366
11,0,only_13_20,0.4749999940395355,0.9241482019424438,0.6603771448135376,0.025149254128336906
11,0,only_20_30,0.48500001430511475,0.9259371757507324,0.6623336672782898,0.03340020030736923
11,0,only_30_40,0.48500001430511475,0.9213070869445801,0.659518301486969,0.025447499006986618
11,0,smr_only_8_30,0.47999998927116394,0.911227822303772,0.6524158716201782,0.0440988652408123
11,0,non_smr_only_4_8_30_40,0.47999998927116394,0.9510180950164795,0.673748254776001,0.02461978979408741
11,0,beta_only_13_30,0.4699999988079071,0.9269726276397705,0.6624341607093811,0.028349699452519417
11,0,raw_only,0.47999998927116394,0.917593777179718,0.6570968627929688,0.028112029656767845
11,0,spectral_full,0.5199999809265137,0.8342470526695251,0.5933759808540344,0.10953402519226074
11,1,full,0.5249999761581421,0.8072853684425354,0.5824489593505859,0.22134630382061005
11,1,remove_4_8,0.5199999809265137,0.806800365447998,0.5822126865386963,0.211311474442482
11,1,remove_8_13,0.5249999761581421,0.8155471682548523,0.5887463092803955,0.21919548511505127
11,1,remove_13_20,0.5299999713897705,0.8121644854545593,0.5857563018798828,0.22674649953842163
11,1,remove_20_30,0.5249999761581421,0.8080149292945862,0.5830960273742676,0.22107136249542236
11,1,remove_30_40,0.5199999809265137,0.8055841326713562,0.5812563896179199,0.22340093553066254
11,1,only_4_8,0.5299999713897705,0.827109158039093,0.5968849062919617,0.22613105177879333
11,1,only_8_13,0.5199999809265137,0.8106455206871033,0.5848059058189392,0.21425969898700714
11,1,only_13_20,0.5249999761581421,0.8125247359275818,0.587597131729126,0.20286548137664795
11,1,only_20_30,0.5149999856948853,0.8250765204429626,0.5958807468414307,0.2154749631881714
11,1,only_30_40,0.5099999904632568,0.8415042161941528,0.6075435280799866,0.2059856653213501
11,1,smr_only_8_30,0.5149999856948853,0.8041262030601501,0.580279529094696,0.21350406110286713
11,1,non_smr_only_4_8_30_40,0.5149999856948853,0.8302884697914124,0.5987042784690857,0.22539198398590088
11,1,beta_only_13_30,0.5249999761581421,0.8093860745429993,0.5848224759101868,0.20914222300052643
11,1,raw_only,0.5299999713897705,0.8327080011367798,0.6022520661354065,0.20872072875499725
11,1,spectral_full,0.5249999761581421,1.1215782165527344,0.7411074042320251,0.10707952827215195
11,2,full,0.5249999761581421,0.7379774451255798,0.5358960032463074,0.12379499524831772
11,2,remove_4_8,0.5299999713897705,0.7379305362701416,0.5359281301498413,0.1210324689745903
11,2,remove_8_13,0.5299999713897705,0.7391269207000732,0.5368223786354065,0.12282387912273407
11,2,remove_13_20,0.5249999761581421,0.7354320287704468,0.5339229106903076,0.12763729691505432
11,2,remove_20_30,0.5249999761581421,0.7384523153305054,0.5362522602081299,0.12328732758760452
11,2,remove_30_40,0.5249999761581421,0.7382010817527771,0.536125898361206,0.12371604144573212
11,2,only_4_8,0.5350000262260437,0.7373071908950806,0.5355952978134155,0.1268022656440735
11,2,only_8_13,0.5249999761581421,0.7361695170402527,0.5347638130187988,0.12346842885017395
11,2,only_13_20,0.5299999713897705,0.7401193976402283,0.5376745462417603,0.11853179335594177
11,2,only_20_30,0.5299999713897705,0.7352596521377563,0.534191370010376,0.12399904429912567
11,2,only_30_40,0.5350000262260437,0.7354883551597595,0.5337629914283752,0.12382343411445618
11,2,smr_only_8_30,0.5249999761581421,0.7382493615150452,0.5361840724945068,0.12100134044885635
11,2,non_smr_only_4_8_30_40,0.5299999713897705,0.7363599538803101,0.5345361232757568,0.1277628391981125
11,2,beta_only_13_30,0.5299999713897705,0.7391674518585205,0.5369576215744019,0.11954988539218903
11,2,raw_only,0.5249999761581421,0.7351794242858887,0.5338647365570068,0.12372373789548874
11,2,spectral_full,0.47999998927116394,0.7910928130149841,0.5830470323562622,0.0006663381936959922
12,0,full,0.6200000047683716,0.8396143317222595,0.5261505842208862,0.7916575074195862
12,0,remove_4_8,0.6349999904632568,0.8036711812019348,0.507468581199646,0.7317817807197571
12,0,remove_8_13,0.6150000095367432,0.8470417261123657,0.5292514562606812,0.7914597392082214
12,0,remove_13_20,0.6150000095367432,0.873534083366394,0.541810929775238,0.7896233201026917
12,0,remove_20_30,0.625,0.833823561668396,0.5230904221534729,0.7913205027580261
12,0,remove_30_40,0.625,0.8339051008224487,0.5230932235717773,0.7911742925643921
12,0,only_4_8,0.6050000190734863,0.8698886036872864,0.5395253300666809,0.7914463877677917
12,0,only_8_13,0.6150000095367432,0.8220702409744263,0.5186597108840942,0.7404015064239502
12,0,only_13_20,0.6499999761581421,0.7673614621162415,0.47826865315437317,0.731963038444519
12,0,only_20_30,0.5950000286102295,0.8449357748031616,0.5304001569747925,0.7208647131919861
12,0,only_30_40,0.6050000190734863,0.8437997698783875,0.5298535227775574,0.7281014919281006
12,0,smr_only_8_30,0.6349999904632568,0.7983757853507996,0.5037113428115845,0.7327368855476379
12,0,non_smr_only_4_8_30_40,0.5899999737739563,0.8816571831703186,0.5461471676826477,0.7915966510772705
12,0,beta_only_13_30,0.6499999761581421,0.7747601270675659,0.48423653841018677,0.732205867767334
12,0,raw_only,0.625,0.8026852607727051,0.5044767260551453,0.7269256711006165
12,0,spectral_full,0.574999988079071,1.2526849508285522,0.6791881322860718,0.5440980792045593
12,1,full,0.6000000238418579,0.8027696013450623,0.5356015563011169,0.6911723613739014
12,1,remove_4_8,0.6000000238418579,0.7888534665107727,0.5289502143859863,0.6601033210754395
12,1,remove_8_13,0.6050000190734863,0.8271667957305908,0.5511924624443054,0.6786518692970276
12,1,remove_13_20,0.6050000190734863,0.8080787062644958,0.5360918641090393,0.6990537047386169
12,1,remove_20_30,0.5950000286102295,0.7865939140319824,0.526288628578186,0.7026839256286621
12,1,remove_30_40,0.5950000286102295,0.7983753085136414,0.5330526232719421,0.6920282244682312
12,1,only_4_8,0.6150000095367432,0.8149853348731995,0.5399237275123596,0.7162862420082092
12,1,only_8_13,0.6150000095367432,0.7601354122161865,0.5088890790939331,0.6623601317405701
12,1,only_13_20,0.5899999737739563,0.7812292575836182,0.5282701849937439,0.6340171694755554
12,1,only_20_30,0.6000000238418579,0.8390392065048218,0.559759795665741,0.608309805393219
12,1,only_30_40,0.6000000238418579,0.8125582337379456,0.5441179871559143,0.6165707111358643
12,1,smr_only_8_30,0.6050000190734863,0.7847259640693665,0.526237964630127,0.659455418586731
12,1,non_smr_only_4_8_30_40,0.6150000095367432,0.8252846598625183,0.5453448295593262,0.7126193046569824
12,1,beta_only_13_30,0.5799999833106995,0.8130512237548828,0.5471909046173096,0.6218084692955017
12,1,raw_only,0.5899999737739563,0.7826696038246155,0.5247349143028259,0.6191052198410034
12,1,spectral_full,0.5699999928474426,1.193878173828125,0.688463032245636,0.6247603297233582
12,2,full,0.6150000095367432,0.9374555349349976,0.5363094806671143,1.2011783123016357
12,2,remove_4_8,0.6549999713897705,0.9043243527412415,0.5221625566482544,1.0310161113739014
12,2,remove_8_13,0.6050000190734863,0.9397894144058228,0.5464352965354919,1.177209734916687
12,2,remove_13_20,0.625,0.9932209253311157,0.5579640865325928,1.1780253648757935
12,2,remove_20_30,0.6299999952316284,0.9227365255355835,0.5265039205551147,1.191098690032959
12,2,remove_30_40,0.6150000095367432,0.9330329895019531,0.5340083241462708,1.2234506607055664
12,2,only_4_8,0.5899999737739563,0.9869387149810791,0.5644658803939819,1.1475614309310913
12,2,only_8_13,0.6200000047683716,0.964295506477356,0.5494948029518127,0.9593501091003418
12,2,only_13_20,0.6399999856948853,0.8410069346427917,0.4954105317592621,0.9758785963058472
12,2,only_20_30,0.6050000190734863,0.9371346235275269,0.5544127225875854,0.938334047794342
12,2,only_30_40,0.5950000286102295,0.9866461753845215,0.5736663341522217,0.8345699310302734
12,2,smr_only_8_30,0.6499999761581421,0.8929911851882935,0.5184218883514404,1.0515285730361938
12,2,non_smr_only_4_8_30_40,0.5950000286102295,0.9894750714302063,0.5632838606834412,1.130494475364685
12,2,beta_only_13_30,0.6449999809265137,0.8550153374671936,0.507521390914917,1.0280381441116333
12,2,raw_only,0.5899999737739563,0.889417290687561,0.5368354916572571,0.8380352854728699
12,2,spectral_full,0.675000011920929,1.8676189184188843,0.6090419292449951,2.5216948986053467
13,0,full,0.6200000047683716,0.7358171939849854,0.5025624632835388,0.5641155242919922
13,0,remove_4_8,0.6050000190734863,0.7292354702949524,0.4994468688964844,0.5608553290367126
13,0,remove_8_13,0.6050000190734863,0.7485725283622742,0.5130923390388489,0.534863293170929
13,0,remove_13_20,0.625,0.7373892068862915,0.5028383135795593,0.5642752051353455
13,0,remove_20_30,0.6150000095367432,0.7348071336746216,0.5019349455833435,0.5643668174743652
13,0,remove_30_40,0.6150000095367432,0.7340320348739624,0.501380443572998,0.5649624466896057
13,0,only_4_8,0.6050000190734863,0.7452247142791748,0.5099011063575745,0.5372226238250732
13,0,only_8_13,0.6050000190734863,0.7300005555152893,0.499001145362854,0.5675903558731079
13,0,only_13_20,0.6050000190734863,0.726574182510376,0.502211332321167,0.507777988910675
13,0,only_20_30,0.6100000143051147,0.7346199750900269,0.5054855942726135,0.503639280796051
13,0,only_30_40,0.6150000095367432,0.7414425015449524,0.509677529335022,0.4997763931751251
13,0,smr_only_8_30,0.6150000095367432,0.728812575340271,0.499131441116333,0.5624209642410278
13,0,non_smr_only_4_8_30_40,0.5950000286102295,0.7496902346611023,0.5125647783279419,0.5364400148391724
13,0,beta_only_13_30,0.6100000143051147,0.7277987599372864,0.5029988288879395,0.508484423160553
13,0,raw_only,0.6050000190734863,0.7303125858306885,0.5033748745918274,0.5012211203575134
13,0,spectral_full,0.5550000071525574,1.4461712837219238,0.7426567673683167,0.5002788305282593
13,1,full,0.5899999737739563,0.8681032657623291,0.563846230506897,0.39447081089019775
13,1,remove_4_8,0.6050000190734863,0.870166540145874,0.5648577213287354,0.38901135325431824
13,1,remove_8_13,0.6000000238418579,0.8689582943916321,0.5638259649276733,0.38891419768333435
13,1,remove_13_20,0.5950000286102295,0.868269681930542,0.5641079545021057,0.39373672008514404
13,1,remove_20_30,0.5849999785423279,0.8680669665336609,0.5637466907501221,0.3946543037891388
13,1,remove_30_40,0.5849999785423279,0.8682243227958679,0.5639196634292603,0.3942194879055023
13,1,only_4_8,0.5950000286102295,0.8682627081871033,0.5637708902359009,0.38884294033050537
13,1,only_8_13,0.6050000190734863,0.8709048628807068,0.5651475787162781,0.3880152404308319
13,1,only_13_20,0.5849999785423279,0.8707086443901062,0.563782811164856,0.3752165138721466
13,1,only_20_30,0.6050000190734863,0.8700597882270813,0.5652542114257812,0.37077629566192627
13,1,only_30_40,0.6050000190734863,0.8697378039360046,0.5645679831504822,0.3717210292816162
13,1,smr_only_8_30,0.6050000190734863,0.87073814868927,0.5650767683982849,0.3890458047389984
13,1,non_smr_only_4_8_30_40,0.6000000238418579,0.868101179599762,0.5637391805648804,0.38989517092704773
13,1,beta_only_13_30,0.5849999785423279,0.8706479668617249,0.5646746158599854,0.3735400438308716
13,1,raw_only,0.5950000286102295,0.8696469068527222,0.5640151500701904,0.37159836292266846
13,1,spectral_full,0.5450000166893005,1.0107311010360718,0.6670796871185303,0.19821153581142426
13,2,full,0.6100000143051147,0.8857426643371582,0.5415156483650208,0.6138442754745483
13,2,remove_4_8,0.5899999737739563,0.856492280960083,0.5303686261177063,0.6176918148994446
13,2,remove_8_13,0.6200000047683716,0.8834171891212463,0.544575572013855,0.5976337194442749
13,2,remove_13_20,0.625,0.8984901309013367,0.5464651584625244,0.604118824005127
13,2,remove_20_30,0.6100000143051147,0.8841152787208557,0.5412539839744568,0.6128250956535339
13,2,remove_30_40,0.6100000143051147,0.8861697316169739,0.5414921641349792,0.6162921190261841
13,2,only_4_8,0.6200000047683716,0.897827684879303,0.5511671304702759,0.5856961607933044
13,2,only_8_13,0.6100000143051147,0.8675684928894043,0.5339630246162415,0.6078187823295593
13,2,only_13_20,0.6000000238418579,0.8454560041427612,0.5342618823051453,0.5863963961601257
13,2,only_20_30,0.6000000238418579,0.8648865222930908,0.5445788502693176,0.5692816376686096
13,2,only_30_40,0.6000000238418579,0.8579623699188232,0.5423964858055115,0.5609657764434814
13,2,smr_only_8_30,0.5899999737739563,0.8559989929199219,0.5295203924179077,0.6225855946540833
13,2,non_smr_only_4_8_30_40,0.6150000095367432,0.8970131874084473,0.550697922706604,0.5838893055915833
13,2,beta_only_13_30,0.6100000143051147,0.8459557890892029,0.5334333181381226,0.5910013318061829
13,2,raw_only,0.5950000286102295,0.8567344546318054,0.5420963168144226,0.5582675933837891
13,2,spectral_full,0.5600000023841858,1.4119248390197754,0.7426904439926147,0.397138774394989
14,0,full,0.5950000286102295,0.7188946604728699,0.5080049633979797,0.1778632551431656
14,0,remove_4_8,0.5950000286102295,0.7143701910972595,0.5053362250328064,0.16780750453472137
14,0,remove_8_13,0.6000000238418579,0.7224247455596924,0.5112825632095337,0.16642378270626068
14,0,remove_13_20,0.574999988079071,0.7190240621566772,0.5082182288169861,0.18442653119564056
14,0,remove_20_30,0.5849999785423279,0.7214335799217224,0.5102571845054626,0.1790052056312561
14,0,remove_30_40,0.5899999737739563,0.719357967376709,0.5084752440452576,0.17984923720359802
14,0,only_4_8,0.5649999976158142,0.7353373169898987,0.5228569507598877,0.1691640019416809
14,0,only_8_13,0.5649999976158142,0.7189505696296692,0.509621798992157,0.17641307413578033
14,0,only_13_20,0.6050000190734863,0.7175911664962769,0.5092715620994568,0.1540476679801941
14,0,only_20_30,0.6050000190734863,0.7126344442367554,0.5043015480041504,0.16180437803268433
14,0,only_30_40,0.5799999833106995,0.7163936495780945,0.5072910189628601,0.1629413366317749
14,0,smr_only_8_30,0.6000000238418579,0.7151736617088318,0.5061169266700745,0.16697530448436737
14,0,non_smr_only_4_8_30_40,0.5799999833106995,0.7284085750579834,0.5165548920631409,0.1750236302614212
14,0,beta_only_13_30,0.6100000143051147,0.7145473957061768,0.5067225694656372,0.15668950974941254
14,0,raw_only,0.574999988079071,0.7198097109794617,0.5114969611167908,0.15388432145118713
14,0,spectral_full,0.5550000071525574,1.0659257173538208,0.6826518177986145,0.20854784548282623
14,1,full,0.6000000238418579,0.7599043250083923,0.5286595821380615,0.261819064617157
14,1,remove_4_8,0.5899999737739563,0.7468501925468445,0.5182962417602539,0.2810048758983612
14,1,remove_8_13,0.5849999785423279,0.7635051012039185,0.5345650315284729,0.2373661994934082
14,1,remove_13_20,0.6000000238418579,0.7638299465179443,0.5317644476890564,0.2563820779323578
14,1,remove_20_30,0.5950000286102295,0.759453296661377,0.5276306867599487,0.26524680852890015
14,1,remove_30_40,0.5899999737739563,0.7566956281661987,0.5270307064056396,0.26183024048805237
14,1,only_4_8,0.574999988079071,0.7628394365310669,0.5344746112823486,0.22859928011894226
14,1,only_8_13,0.6050000190734863,0.7393968105316162,0.5121133327484131,0.2980493903160095
14,1,only_13_20,0.6050000190734863,0.7351495623588562,0.5146422982215881,0.27040836215019226
14,1,only_20_30,0.5550000071525574,0.7462154626846313,0.5256007313728333,0.23206359148025513
14,1,only_30_40,0.574999988079071,0.7471136450767517,0.5209433436393738,0.2562708854675293
14,1,smr_only_8_30,0.5950000286102295,0.7404915690422058,0.514254093170166,0.2861992120742798
14,1,non_smr_only_4_8_30_40,0.5649999976158142,0.7683194875717163,0.537509560585022,0.23110966384410858
14,1,beta_only_13_30,0.5899999737739563,0.7381580471992493,0.517964243888855,0.2556171119213104
14,1,raw_only,0.574999988079071,0.7303605675697327,0.5128998756408691,0.25380656123161316
14,1,spectral_full,0.4950000047683716,1.7788063287734985,0.874448835849762,0.0660073533654213
14,2,full,0.5600000023841858,0.7110309600830078,0.5145626068115234,0.06424491107463837
14,2,remove_4_8,0.5550000071525574,0.7087641358375549,0.5127445459365845,0.06391163170337677
14,2,remove_8_13,0.5600000023841858,0.7102380990982056,0.5138713121414185,0.06182583421468735
14,2,remove_13_20,0.5699999928474426,0.7102925777435303,0.5139010548591614,0.0675603374838829
14,2,remove_20_30,0.5699999928474426,0.7118024230003357,0.5150997042655945,0.06588103622198105
14,2,remove_30_40,0.5550000071525574,0.711907148361206,0.5154678821563721,0.06439794600009918
14,2,only_4_8,0.5350000262260437,0.7131935954093933,0.5165579319000244,0.06752347201108932
14,2,only_8_13,0.5600000023841858,0.711504340171814,0.5152414441108704,0.06927050650119781
14,2,only_13_20,0.574999988079071,0.7087723612785339,0.5126384496688843,0.061521150171756744
14,2,only_20_30,0.5450000166893005,0.7037975788116455,0.508846640586853,0.06419824063777924
14,2,only_30_40,0.5600000023841858,0.7060546278953552,0.5100858807563782,0.06709751486778259
14,2,smr_only_8_30,0.550000011920929,0.7096378207206726,0.5136674642562866,0.06309034675359726
14,2,non_smr_only_4_8_30_40,0.5550000071525574,0.7102964520454407,0.5136915445327759,0.06740280240774155
14,2,beta_only_13_30,0.5550000071525574,0.7077653408050537,0.5121322870254517,0.0593850240111351
14,2,raw_only,0.5600000023841858,0.704765796661377,0.5095183253288269,0.06820197403430939
14,2,spectral_full,0.4699999988079071,0.8629267811775208,0.6351170539855957,-0.03703168034553528
15,0,full,0.7649999856948853,0.4948159158229828,0.32032135128974915,1.8028525114059448
15,0,remove_4_8,0.75,0.5177552700042725,0.3422902226448059,1.6649490594863892
15,0,remove_8_13,0.7699999809265137,0.4888093173503876,0.3135387599468231,1.8302878141403198
15,0,remove_13_20,0.7649999856948853,0.49502548575401306,0.3204510807991028,1.8017473220825195
15,0,remove_20_30,0.7649999856948853,0.4946208596229553,0.3203299641609192,1.8015851974487305
15,0,remove_30_40,0.7649999856948853,0.49457836151123047,0.3203563690185547,1.8009251356124878
15,0,only_4_8,0.7699999809265137,0.4891597330570221,0.3140401542186737,1.82308030128479
15,0,only_8_13,0.7549999952316284,0.5189507007598877,0.34421250224113464,1.6588068008422852
15,0,only_13_20,0.75,0.5097533464431763,0.33238300681114197,1.6636391878128052
15,0,only_20_30,0.7549999952316284,0.5158388018608093,0.3354124128818512,1.6635395288467407
15,0,only_30_40,0.75,0.5154189467430115,0.3342764973640442,1.6634172201156616
15,0,smr_only_8_30,0.75,0.517780065536499,0.34296414256095886,1.663267970085144
15,0,non_smr_only_4_8_30_40,0.7699999809265137,0.48909416794776917,0.31381890177726746,1.826968789100647
15,0,beta_only_13_30,0.7549999952316284,0.5117376446723938,0.33320164680480957,1.6657137870788574
15,0,raw_only,0.7549999952316284,0.5133631229400635,0.334706574678421,1.6578248739242554
15,0,spectral_full,0.6349999904632568,1.2222903966903687,0.6135665774345398,1.2968413829803467
15,1,full,0.75,0.47909337282180786,0.32098883390426636,1.399604082107544
15,1,remove_4_8,0.7450000047683716,0.4858338236808777,0.3247916102409363,1.3145757913589478
15,1,remove_8_13,0.7549999952316284,0.4720766842365265,0.31621822714805603,1.4254918098449707
15,1,remove_13_20,0.7450000047683716,0.48582786321640015,0.3263152837753296,1.4054330587387085
15,1,remove_20_30,0.7450000047683716,0.4785824120044708,0.3205970525741577,1.3970885276794434
15,1,remove_30_40,0.7450000047683716,0.48070988059043884,0.3223448693752289,1.3992482423782349
15,1,only_4_8,0.7450000047683716,0.48299676179885864,0.3247872292995453,1.4295483827590942
15,1,only_8_13,0.7300000190734863,0.4996472895145416,0.3363632261753082,1.3023390769958496
15,1,only_13_20,0.7549999952316284,0.47672805190086365,0.31836262345314026,1.3165336847305298
15,1,only_20_30,0.75,0.4891248941421509,0.32930874824523926,1.3377494812011719
15,1,only_30_40,0.7450000047683716,0.4812200963497162,0.32275161147117615,1.3258049488067627
15,1,smr_only_8_30,0.75,0.4877500832080841,0.3263266682624817,1.3138118982315063
15,1,non_smr_only_4_8_30_40,0.7549999952316284,0.4790647625923157,0.32168468832969666,1.4359307289123535
15,1,beta_only_13_30,0.7400000095367432,0.4770094156265259,0.3186230957508087,1.329871416091919
15,1,raw_only,0.7450000047683716,0.4896617531776428,0.33026182651519775,1.3189905881881714
15,1,spectral_full,0.6650000214576721,0.838064968585968,0.526599645614624,0.7552928328514099
15,2,full,0.7149999737739563,0.5737828612327576,0.3804774880409241,1.6175131797790527
15,2,remove_4_8,0.699999988079071,0.5681957602500916,0.3882680833339691,1.4678999185562134
15,2,remove_8_13,0.7250000238418579,0.5780812501907349,0.3788650631904602,1.6344021558761597
15,2,remove_13_20,0.7149999737739563,0.5753107666969299,0.3807751536369324,1.616178035736084
15,2,remove_20_30,0.7149999737739563,0.575869083404541,0.3817295730113983,1.612717628479004
15,2,remove_30_40,0.7149999737739563,0.575843095779419,0.3815271258354187,1.6152995824813843
15,2,only_4_8,0.7200000286102295,0.5815603733062744,0.38110506534576416,1.6172285079956055
15,2,only_8_13,0.7099999785423279,0.5715741515159607,0.39075297117233276,1.4511219263076782
15,2,only_13_20,0.7099999785423279,0.5625163316726685,0.38161593675613403,1.4752838611602783
15,2,only_20_30,0.7200000286102295,0.5575364828109741,0.37819698452949524,1.4944376945495605
15,2,only_30_40,0.7250000238418579,0.55498206615448,0.37424278259277344,1.470798373222351
15,2,smr_only_8_30,0.699999988079071,0.5696317553520203,0.38978782296180725,1.467639446258545
15,2,non_smr_only_4_8_30_40,0.7149999737739563,0.5809818506240845,0.3803847134113312,1.6235754489898682
15,2,beta_only_13_30,0.7200000286102295,0.5592132806777954,0.3801662027835846,1.4963957071304321
15,2,raw_only,0.7149999737739563,0.5624850988388062,0.3788660168647766,1.4563347101211548
15,2,spectral_full,0.6299999952316284,1.555672287940979,0.6790257096290588,1.3855433464050293
16,0,full,0.6499999761581421,0.7191477417945862,0.4751845896244049,1.6181864738464355
16,0,remove_4_8,0.6150000095367432,0.7380893230438232,0.4928962290287018,1.4924267530441284
16,0,remove_8_13,0.6499999761581421,0.7133657336235046,0.47087562084198,1.630913257598877
16,0,remove_13_20,0.6549999713897705,0.7212173342704773,0.475168913602829,1.6405165195465088
16,0,remove_20_30,0.6499999761581421,0.7222216129302979,0.4768584072589874,1.6255502700805664
16,0,remove_30_40,0.6499999761581421,0.7198865413665771,0.4761214554309845,1.6218663454055786
16,0,only_4_8,0.6549999713897705,0.7210218906402588,0.47256016731262207,1.680873990058899
16,0,only_8_13,0.6000000238418579,0.7504263520240784,0.5017106533050537,1.506257176399231
16,0,only_13_20,0.6200000047683716,0.7520707845687866,0.5015095472335815,1.4652929306030273
16,0,only_20_30,0.6349999904632568,0.7299043536186218,0.4900391697883606,1.4706261157989502
16,0,only_30_40,0.6399999856948853,0.7416473627090454,0.49478819966316223,1.464401364326477
16,0,smr_only_8_30,0.6150000095367432,0.7400776743888855,0.49453312158584595,1.494802713394165
16,0,non_smr_only_4_8_30_40,0.675000011920929,0.7204022407531738,0.47173503041267395,1.6760280132293701
16,0,beta_only_13_30,0.625,0.740628182888031,0.4946739077568054,1.469559907913208
16,0,raw_only,0.6449999809265137,0.7447245121002197,0.4979567229747772,1.4737639427185059
16,0,spectral_full,0.6549999713897705,1.0794885158538818,0.5739923715591431,1.1528888940811157
16,1,full,0.6399999856948853,0.9363264441490173,0.5391836762428284,1.7075848579406738
16,1,remove_4_8,0.6000000238418579,1.0422778129577637,0.5878473520278931,1.3167848587036133
16,1,remove_8_13,0.6399999856948853,0.9287798404693604,0.5356797575950623,1.732560157775879
16,1,remove_13_20,0.6449999809265137,0.9069854021072388,0.5320764780044556,1.7306857109069824
16,1,remove_20_30,0.6499999761581421,0.9465482831001282,0.5402356386184692,1.702867031097412
16,1,remove_30_40,0.6349999904632568,0.9392817616462708,0.5395630598068237,1.7108089923858643
16,1,only_4_8,0.6499999761581421,0.8902269601821899,0.5212089419364929,1.7973355054855347
16,1,only_8_13,0.6150000095367432,1.0305696725845337,0.5880292654037476,1.2884936332702637
16,1,only_13_20,0.5849999785423279,1.1764750480651855,0.6381494998931885,1.1666525602340698
16,1,only_20_30,0.5950000286102295,1.0053483247756958,0.5904863476753235,1.2684062719345093
16,1,only_30_40,0.6050000190734863,1.029512882232666,0.5981811881065369,1.1925784349441528
16,1,smr_only_8_30,0.5899999737739563,1.0547456741333008,0.5923860669136047,1.3151710033416748
16,1,non_smr_only_4_8_30_40,0.6549999713897705,0.8902844190597534,0.5226619839668274,1.7918418645858765
16,1,beta_only_13_30,0.574999988079071,1.0919525623321533,0.611849844455719,1.2572168111801147
16,1,raw_only,0.574999988079071,1.0679179430007935,0.6112995743751526,1.1641441583633423
16,1,spectral_full,0.8100000023841858,0.7795303463935852,0.3428161144256592,4.047994613647461
16,2,full,0.6899999976158142,0.6536868214607239,0.4402824640274048,1.4164326190948486
16,2,remove_4_8,0.6949999928474426,0.6671068668365479,0.446554034948349,1.3265058994293213
16,2,remove_8_13,0.6800000071525574,0.6491775512695312,0.43832558393478394,1.4315968751907349
16,2,remove_13_20,0.6899999976158142,0.6484247446060181,0.43646419048309326,1.4203068017959595
16,2,remove_20_30,0.6949999928474426,0.6580647230148315,0.4426068961620331,1.423669457435608
16,2,remove_30_40,0.6899999976158142,0.6558821201324463,0.4417175352573395,1.418756127357483
16,2,only_4_8,0.6949999928474426,0.6512478590011597,0.4373547434806824,1.4453357458114624
16,2,only_8_13,0.675000011920929,0.6739818453788757,0.4509032964706421,1.3194944858551025
16,2,only_13_20,0.6800000071525574,0.6861608028411865,0.4573953151702881,1.3247865438461304
16,2,only_20_30,0.6800000071525574,0.6602054834365845,0.44585198163986206,1.2747888565063477
16,2,only_30_40,0.6650000214576721,0.6610571146011353,0.4455918073654175,1.2765166759490967
16,2,smr_only_8_30,0.6850000023841858,0.6723195910453796,0.44959691166877747,1.3268307447433472
16,2,non_smr_only_4_8_30_40,0.699999988079071,0.6491041779518127,0.4366697072982788,1.4449414014816284
16,2,beta_only_13_30,0.6650000214576721,0.6715516448020935,0.44895386695861816,1.3253660202026367
16,2,raw_only,0.675000011920929,0.6755551099777222,0.4529438018798828,1.2737433910369873
16,2,spectral_full,0.6399999856948853,1.0642971992492676,0.5806979537010193,1.1504945755004883
17,0,full,0.5400000214576721,0.6916212439537048,0.4975889325141907,0.04429183527827263
17,0,remove_4_8,0.5450000166893005,0.6916725039482117,0.4976419508457184,0.04411328211426735
17,0,remove_8_13,0.5400000214576721,0.6918671131134033,0.4978247582912445,0.043813131749629974
17,0,remove_13_20,0.5400000214576721,0.6917538642883301,0.4977128505706787,0.04422875866293907
17,0,remove_20_30,0.5350000262260437,0.6915262341499329,0.49749988317489624,0.044440269470214844
17,0,remove_30_40,0.5400000214576721,0.6912572383880615,0.4972434937953949,0.044810086488723755
17,0,only_4_8,0.5400000214576721,0.6915878057479858,0.4975711405277252,0.04379589855670929
17,0,only_8_13,0.5400000214576721,0.6909765601158142,0.49697989225387573,0.045152414590120316
17,0,only_13_20,0.550000011920929,0.6913794875144958,0.49737846851348877,0.04424481466412544
17,0,only_20_30,0.550000011920929,0.6918889880180359,0.4978514611721039,0.0436544232070446
17,0,only_30_40,0.5400000214576721,0.6924790740013123,0.49841272830963135,0.04288288578391075
17,0,smr_only_8_30,0.5350000262260437,0.6913409233093262,0.4973272681236267,0.04457135125994682
17,0,non_smr_only_4_8_30_40,0.5400000214576721,0.6922707557678223,0.4982035458087921,0.043305929750204086
17,0,beta_only_13_30,0.5400000214576721,0.6916139721870422,0.49759185314178467,0.0439966581761837
17,0,raw_only,0.5600000023841858,0.6918262243270874,0.4978145956993103,0.043183282017707825
17,0,spectral_full,0.5299999713897705,0.6896598935127258,0.49651777744293213,0.011070924811065197
17,1,full,0.5899999737739563,1.0273387432098389,0.588890790939331,0.3575131297111511
17,1,remove_4_8,0.5849999785423279,1.0285946130752563,0.5903511643409729,0.3568572700023651
17,1,remove_8_13,0.5799999833106995,1.0348944664001465,0.5969803333282471,0.3313949704170227
17,1,remove_13_20,0.5849999785423279,1.0158374309539795,0.5859295129776001,0.36087214946746826
17,1,remove_20_30,0.5849999785423279,1.0386346578598022,0.5896271467208862,0.3446713387966156
17,1,remove_30_40,0.5950000286102295,1.0232535600662231,0.5875537991523743,0.35929378867149353
17,1,only_4_8,0.5649999976158142,1.0285686254501343,0.5936121940612793,0.31648632884025574
17,1,only_8_13,0.5849999785423279,1.0160948038101196,0.5803185701370239,0.36257511377334595
17,1,only_13_20,0.5550000071525574,1.0809730291366577,0.6174276471138,0.2765101492404938
17,1,only_20_30,0.5699999928474426,1.0086578130722046,0.5925936698913574,0.326435387134552
17,1,only_30_40,0.574999988079071,1.0512751340866089,0.6089122295379639,0.28264930844306946
17,1,smr_only_8_30,0.5799999833106995,1.0225930213928223,0.5875845551490784,0.3608182966709137
17,1,non_smr_only_4_8_30_40,0.574999988079071,1.0389301776885986,0.5986840724945068,0.3080047369003296
17,1,beta_only_13_30,0.5849999785423279,1.033237338066101,0.5987290740013123,0.32259583473205566
17,1,raw_only,0.574999988079071,1.0368953943252563,0.603740394115448,0.2735949456691742
17,1,spectral_full,0.574999988079071,1.2751606702804565,0.6960606575012207,0.6896034479141235
17,2,full,0.5849999785423279,0.7482240796089172,0.5227771997451782,0.19579443335533142
17,2,remove_4_8,0.5849999785423279,0.7487612962722778,0.523354172706604,0.18966421484947205
17,2,remove_8_13,0.5899999737739563,0.7480194568634033,0.5227000713348389,0.19420099258422852
17,2,remove_13_20,0.5799999833106995,0.745422899723053,0.5203844308853149,0.19776493310928345
17,2,remove_20_30,0.5899999737739563,0.7471928596496582,0.5219982862472534,0.19750036299228668
17,2,remove_30_40,0.5849999785423279,0.7495776414871216,0.5241339206695557,0.19813993573188782
17,2,only_4_8,0.5849999785423279,0.7432309985160828,0.5194439888000488,0.2035122513771057
17,2,only_8_13,0.574999988079071,0.7460110187530518,0.5215341448783875,0.19577594101428986
17,2,only_13_20,0.5849999785423279,0.7497537136077881,0.5246884822845459,0.1927112638950348
17,2,only_20_30,0.5950000286102295,0.7453011274337769,0.5215708017349243,0.1860777735710144
17,2,only_30_40,0.6050000190734863,0.7397511005401611,0.5165711045265198,0.18739072978496552
17,2,smr_only_8_30,0.5799999833106995,0.7506686449050903,0.5252540707588196,0.19166940450668335
17,2,non_smr_only_4_8_30_40,0.5899999737739563,0.7417715191841125,0.5177513360977173,0.19943590462207794
17,2,beta_only_13_30,0.5899999737739563,0.750935971736908,0.5255258679389954,0.18949155509471893
17,2,raw_only,0.6050000190734863,0.7387765645980835,0.5170614123344421,0.19183187186717987
17,2,spectral_full,0.5099999904632568,0.8342524766921997,0.6098759174346924,0.03665345534682274
18,0,full,0.8399999737739563,0.3795833885669708,0.22969689965248108,2.450700283050537
18,0,remove_4_8,0.8500000238418579,0.3597826063632965,0.2217843234539032,2.4809021949768066
18,0,remove_8_13,0.7250000238418579,0.5505684018135071,0.36109915375709534,1.5848939418792725
18,0,remove_13_20,0.8349999785423279,0.399677574634552,0.23460890352725983,2.4145448207855225
18,0,remove_20_30,0.8450000286102295,0.3784722089767456,0.22605206072330475,2.4733188152313232
18,0,remove_30_40,0.8399999737739563,0.38244524598121643,0.2291988730430603,2.4572396278381348
18,0,only_4_8,0.5649999976158142,1.1253750324249268,0.6996283531188965,0.22192926704883575
18,0,only_8_13,0.8399999737739563,0.3811110258102417,0.2207002192735672,2.415020227432251
18,0,only_13_20,0.8050000071525574,0.41166359186172485,0.26228249073028564,1.9194824695587158
18,0,only_20_30,0.5400000214576721,0.9186614155769348,0.6301096677780151,0.15465369820594788
18,0,only_30_40,0.5649999976158142,0.8801378607749939,0.6084980964660645,0.16730529069900513
18,0,smr_only_8_30,0.8399999737739563,0.36325013637542725,0.2213437408208847,2.488032817840576
18,0,non_smr_only_4_8_30_40,0.5550000071525574,1.0168485641479492,0.6641162037849426,0.20883578062057495
18,0,beta_only_13_30,0.7749999761581421,0.4592939019203186,0.30109837651252747,1.778587818145752
18,0,raw_only,0.5649999976158142,0.8712415099143982,0.6025717854499817,0.1678512990474701
18,0,spectral_full,0.8700000047683716,1.5295809507369995,0.2517937421798706,15.37453842163086
18,1,full,0.824999988079071,0.4590170383453369,0.27348318696022034,2.4112443923950195
18,1,remove_4_8,0.7950000166893005,0.5634279251098633,0.3375069797039032,2.274945020675659
18,1,remove_8_13,0.6650000214576721,0.8442627787590027,0.5169036388397217,0.9331210851669312
18,1,remove_13_20,0.8199999928474426,0.48741599917411804,0.28803572058677673,2.356931447982788
18,1,remove_20_30,0.8199999928474426,0.45802849531173706,0.27517807483673096,2.410635471343994
18,1,remove_30_40,0.824999988079071,0.44885486364364624,0.26819220185279846,2.4581997394561768
18,1,only_4_8,0.5099999904632568,1.1703931093215942,0.7001335024833679,0.3262197971343994
18,1,only_8_13,0.7900000214576721,0.5798802971839905,0.3430326581001282,2.292923927307129
18,1,only_13_20,0.6650000214576721,0.6240803003311157,0.42606890201568604,1.0724854469299316
18,1,only_20_30,0.5649999976158142,0.8767745494842529,0.6039599180221558,0.276829332113266
18,1,only_30_40,0.5149999856948853,0.9989994764328003,0.6664479970932007,0.21750302612781525
18,1,smr_only_8_30,0.800000011920929,0.5444468855857849,0.32649725675582886,2.3370354175567627
18,1,non_smr_only_4_8_30_40,0.5950000286102295,1.049330234527588,0.6398156881332397,0.3455561101436615
18,1,beta_only_13_30,0.6800000071525574,0.6221710443496704,0.41590800881385803,1.1097830533981323
18,1,raw_only,0.550000011920929,0.8073370456695557,0.56166011095047,0.2111748456954956
18,1,spectral_full,0.800000011920929,2.871034860610962,0.3807903230190277,14.173174858093262
18,2,full,0.7950000166893005,0.44860199093818665,0.2860972285270691,1.4625496864318848
18,2,remove_4_8,0.8299999833106995,0.39843547344207764,0.25117090344429016,1.5473849773406982
18,2,remove_8_13,0.574999988079071,0.9708161950111389,0.6288418769836426,0.42718270421028137
18,2,remove_13_20,0.8199999928474426,0.4177381992340088,0.2625776529312134,1.5116679668426514
18,2,remove_20_30,0.7850000262260437,0.4436832070350647,0.2850409746170044,1.41725754737854
18,2,remove_30_40,0.800000011920929,0.4479120373725891,0.2844904363155365,1.456632137298584
18,2,only_4_8,0.5450000166893005,0.9244230389595032,0.6227399706840515,0.21519286930561066
18,2,only_8_13,0.800000011920929,0.420371413230896,0.26672279834747314,1.4598888158798218
18,2,only_13_20,0.5450000166893005,1.0000172853469849,0.6655853986740112,0.2631562054157257
18,2,only_20_30,0.6150000095367432,0.7298153042793274,0.5037665367126465,0.4886489510536194
18,2,only_30_40,0.5299999713897705,0.8020360469818115,0.5720800161361694,0.10894478857517242
18,2,smr_only_8_30,0.8349999785423279,0.3967299163341522,0.2487255036830902,1.5538263320922852
18,2,non_smr_only_4_8_30_40,0.550000011920929,0.9274583458900452,0.6240439414978027,0.20959241688251495
18,2,beta_only_13_30,0.5799999833106995,0.9513381123542786,0.6247925758361816,0.4558069705963135
18,2,raw_only,0.5350000262260437,0.7715075612068176,0.5493229031562805,0.1133887842297554
18,2,spectral_full,0.8650000095367432,0.8915500044822693,0.24327926337718964,9.199283599853516
19,0,full,0.7400000095367432,0.5557929277420044,0.3546099364757538,1.5755740404129028
19,0,remove_4_8,0.7149999737739563,0.6070444583892822,0.3882349729537964,1.480363130569458
19,0,remove_8_13,0.7250000238418579,0.6094387769699097,0.38328707218170166,1.3874493837356567
19,0,remove_13_20,0.7649999856948853,0.5497259497642517,0.3469765782356262,1.6050785779953003
19,0,remove_20_30,0.7400000095367432,0.5654047131538391,0.36668145656585693,1.5069721937179565
19,0,remove_30_40,0.7450000047683716,0.558688223361969,0.3572670817375183,1.5536619424819946
19,0,only_4_8,0.6000000238418579,0.9044711589813232,0.5707352161407471,0.678836464881897
19,0,only_8_13,0.7300000190734863,0.559390664100647,0.36412349343299866,1.4510703086853027
19,0,only_13_20,0.7049999833106995,0.694714367389679,0.4390701651573181,1.0799893140792847
19,0,only_20_30,0.6949999928474426,0.711435079574585,0.4509495794773102,1.2099430561065674
19,0,only_30_40,0.6299999952316284,0.7556700706481934,0.4931142330169678,0.6655197739601135
19,0,smr_only_8_30,0.7149999737739563,0.6148554086685181,0.3935660421848297,1.4570895433425903
19,0,non_smr_only_4_8_30_40,0.6200000047683716,0.9078624248504639,0.570517361164093,0.6913119554519653
19,0,beta_only_13_30,0.6949999928474426,0.68638014793396,0.43748295307159424,1.232252836227417
19,0,raw_only,0.6499999761581421,0.7499631643295288,0.49296078085899353,0.664975106716156
19,0,spectral_full,0.7450000047683716,1.5271120071411133,0.4607216715812683,6.293100357055664
19,1,full,0.7149999737739563,0.6129052042961121,0.39844611287117004,1.0142265558242798
19,1,remove_4_8,0.7450000047683716,0.5653185248374939,0.3685399889945984,1.095837116241455
19,1,remove_8_13,0.7099999785423279,0.6572908163070679,0.43337157368659973,0.8687463402748108
19,1,remove_13_20,0.7200000286102295,0.6419612169265747,0.4152182638645172,0.9876145720481873
19,1,remove_20_30,0.7200000286102295,0.6337406635284424,0.40986618399620056,0.8864441514015198
19,1,remove_30_40,0.7300000190734863,0.6158724427223206,0.3986189365386963,0.9956079125404358
19,1,only_4_8,0.574999988079071,0.8347309827804565,0.5612231492996216,0.41954246163368225
19,1,only_8_13,0.7400000095367432,0.5856292247772217,0.3744155764579773,1.0295302867889404
19,1,only_13_20,0.6449999809265137,0.686958372592926,0.45768871903419495,0.6223755478858948
19,1,only_20_30,0.6650000214576721,0.6585371494293213,0.4411546587944031,0.930763840675354
19,1,only_30_40,0.6499999761581421,0.6979297399520874,0.47602179646492004,0.5508039593696594
19,1,smr_only_8_30,0.75,0.5656471848487854,0.3673793077468872,1.0916162729263306
19,1,non_smr_only_4_8_30_40,0.5799999833106995,0.8163421154022217,0.5473382472991943,0.4698418378829956
19,1,beta_only_13_30,0.6949999928474426,0.6088745594024658,0.40469077229499817,0.9586483836174011
19,1,raw_only,0.6299999952316284,0.7174121141433716,0.49157389998435974,0.46893009543418884
19,1,spectral_full,0.7250000238418579,1.7775765657424927,0.5308758020401001,3.996580123901367
19,2,full,0.675000011920929,0.5988836884498596,0.4161394536495209,0.42271503806114197
19,2,remove_4_8,0.6899999976158142,0.5977156162261963,0.41438156366348267,0.42169293761253357
19,2,remove_8_13,0.6650000214576721,0.6225906610488892,0.43690869212150574,0.37664076685905457
19,2,remove_13_20,0.6600000262260437,0.622012734413147,0.43488410115242004,0.38086146116256714
19,2,remove_20_30,0.6650000214576721,0.6049933433532715,0.42293429374694824,0.39976218342781067
19,2,remove_30_40,0.675000011920929,0.6073480248451233,0.42310670018196106,0.4040444493293762
19,2,only_4_8,0.5699999928474426,0.7030574679374695,0.5085945129394531,0.17918451130390167
19,2,only_8_13,0.6600000262260437,0.6209843158721924,0.434942364692688,0.362051784992218
19,2,only_13_20,0.5699999928474426,0.659346342086792,0.47078967094421387,0.28796085715293884
19,2,only_20_30,0.6200000047683716,0.6543161273002625,0.462770015001297,0.30991122126579285
19,2,only_30_40,0.5600000023841858,0.7080138921737671,0.5119537115097046,0.17558927834033966
19,2,smr_only_8_30,0.675000011920929,0.6078261733055115,0.42284759879112244,0.39985811710357666
19,2,non_smr_only_4_8_30_40,0.550000011920929,0.7113773822784424,0.5146728157997131,0.17907167971134186
19,2,beta_only_13_30,0.675000011920929,0.618162214756012,0.43242594599723816,0.38134995102882385
19,2,raw_only,0.5699999928474426,0.6945551037788391,0.5018143057823181,0.16234920918941498
19,2,spectral_full,0.75,0.680512011051178,0.38684189319610596,2.2493832111358643
2,0,full,0.550000011920929,1.893641471862793,0.8013332486152649,1.437145709991455
2,0,remove_4_8,0.550000011920929,1.9070438146591187,0.8042174577713013,1.4271750450134277
2,0,remove_8_13,0.550000011920929,1.8888864517211914,0.8004902601242065,1.4426954984664917
2,0,remove_13_20,0.550000011920929,1.8841651678085327,0.7988308668136597,1.4425766468048096
2,0,remove_20_30,0.5450000166893005,1.8358666896820068,0.7878350615501404,1.4763925075531006
2,0,remove_30_40,0.550000011920929,1.88035249710083,0.79876309633255,1.4401006698608398
2,0,only_4_8,0.574999988079071,1.6521942615509033,0.7301570773124695,1.6673264503479004
2,0,only_8_13,0.574999988079071,1.592401146888733,0.7273235321044922,1.499971628189087
2,0,only_13_20,0.5550000071525574,1.6792652606964111,0.7558558583259583,1.4292224645614624
2,0,only_20_30,0.550000011920929,1.8864632844924927,0.8005943894386292,1.4320878982543945
2,0,only_30_40,0.5699999928474426,1.6016007661819458,0.7195226550102234,1.547329068183899
2,0,smr_only_8_30,0.550000011920929,1.8938897848129272,0.8021984696388245,1.4263503551483154
2,0,non_smr_only_4_8_30_40,0.5699999928474426,1.7431124448776245,0.7545208930969238,1.5852203369140625
2,0,beta_only_13_30,0.550000011920929,1.900152325630188,0.8034670948982239,1.4268832206726074
2,0,raw_only,0.6549999713897705,0.8344295024871826,0.4988979995250702,1.422121524810791
2,0,spectral_full,0.5,11.272448539733887,1.0,0.09299690276384354
2,1,full,0.5899999737739563,1.315882682800293,0.690889298915863,1.381710171699524
2,1,remove_4_8,0.5899999737739563,1.3109211921691895,0.6889037489891052,1.3854507207870483
2,1,remove_8_13,0.5899999737739563,1.318026065826416,0.6918853521347046,1.3855781555175781
2,1,remove_13_20,0.5899999737739563,1.3060705661773682,0.6883827447891235,1.387330174446106
2,1,remove_20_30,0.5950000286102295,1.2682398557662964,0.6745374202728271,1.3943175077438354
2,1,remove_30_40,0.5899999737739563,1.3131710290908813,0.6899211406707764,1.3829950094223022
2,1,only_4_8,0.6700000166893005,0.8599496483802795,0.49214911460876465,1.5853129625320435
2,1,only_8_13,0.6050000190734863,1.182268738746643,0.6451191902160645,1.4119044542312622
2,1,only_13_20,0.5950000286102295,1.2227725982666016,0.6568227410316467,1.3701156377792358
2,1,only_20_30,0.5899999737739563,1.289757251739502,0.6834075450897217,1.4058291912078857
2,1,only_30_40,0.6850000023841858,0.7827088832855225,0.46401217579841614,1.4981650114059448
2,1,smr_only_8_30,0.5899999737739563,1.3063900470733643,0.6873862743377686,1.3879096508026123
2,1,non_smr_only_4_8_30_40,0.6499999761581421,0.9084413647651672,0.519858181476593,1.572697401046753
2,1,beta_only_13_30,0.5899999737739563,1.3032666444778442,0.6867596507072449,1.3937398195266724
2,1,raw_only,0.7149999737739563,0.6345729231834412,0.39816927909851074,1.3849126100540161
2,1,spectral_full,0.5,9.744908332824707,1.0,-0.022548064589500427
2,2,full,0.8849999904632568,0.3439551889896393,0.18158197402954102,3.298753261566162
2,2,remove_4_8,0.8899999856948853,0.33163982629776,0.17246682941913605,3.364333152770996
2,2,remove_8_13,0.8700000047683716,0.3625759780406952,0.1954289823770523,3.2558634281158447
2,2,remove_13_20,0.8899999856948853,0.3279760479927063,0.1705579161643982,3.3932371139526367
2,2,remove_20_30,0.699999988079071,0.77614426612854,0.44929882884025574,1.428086757659912
2,2,remove_30_40,0.8949999809265137,0.3115035593509674,0.15923379361629486,3.3926327228546143
2,2,only_4_8,0.7149999737739563,0.7455706596374512,0.4344308078289032,1.380414605140686
2,2,only_8_13,0.7350000143051147,0.5952266454696655,0.3853977918624878,1.356681227684021
2,2,only_13_20,0.7049999833106995,0.7436404228210449,0.4539896249771118,1.2438486814498901
2,2,only_20_30,0.9150000214576721,0.2995455265045166,0.15443886816501617,3.4681479930877686
2,2,only_30_40,0.7200000286102295,0.719114363193512,0.4294582009315491,1.3645679950714111
2,2,smr_only_8_30,0.9100000262260437,0.3069402575492859,0.1543373018503189,3.4592621326446533
2,2,non_smr_only_4_8_30_40,0.699999988079071,0.8372576832771301,0.4729044437408447,1.4178084135055542
2,2,beta_only_13_30,0.8949999809265137,0.3130437135696411,0.16131548583507538,3.4264349937438965
2,2,raw_only,0.6949999928474426,0.5657991766929626,0.377646803855896,1.1991688013076782
2,2,spectral_full,0.8650000095367432,2.153095006942749,0.26746809482574463,13.75427532196045
20,0,full,0.6700000166893005,0.775804340839386,0.46893051266670227,0.798777163028717
20,0,remove_4_8,0.6700000166893005,0.7582288384437561,0.46464017033576965,0.824192225933075
20,0,remove_8_13,0.6399999856948853,0.811168909072876,0.49374863505363464,0.7260069251060486
20,0,remove_13_20,0.6600000262260437,0.7796679139137268,0.4674249589443207,0.7636664509773254
20,0,remove_20_30,0.6700000166893005,0.7765928506851196,0.4672885835170746,0.7980730533599854
20,0,remove_30_40,0.675000011920929,0.7837679386138916,0.4769544303417206,0.7932787537574768
20,0,only_4_8,0.6449999809265137,0.8507851362228394,0.5054770112037659,0.6424364447593689
20,0,only_8_13,0.6700000166893005,0.76439368724823,0.46371743083000183,0.775692880153656
20,0,only_13_20,0.625,0.8389844298362732,0.5206401348114014,0.7229598164558411
20,0,only_20_30,0.6399999856948853,0.8283819556236267,0.5182797908782959,0.6124202013015747
20,0,only_30_40,0.675000011920929,0.7972896099090576,0.4792259633541107,0.6438217759132385
20,0,smr_only_8_30,0.6800000071525574,0.7667334675788879,0.47242435812950134,0.8254672288894653
20,0,non_smr_only_4_8_30_40,0.6650000214576721,0.834565281867981,0.4938555657863617,0.6654948592185974
20,0,beta_only_13_30,0.6299999952316284,0.8322662115097046,0.5203460454940796,0.7021949887275696
20,0,raw_only,0.6399999856948853,0.8034629821777344,0.4977642893791199,0.6193883419036865
20,0,spectral_full,0.574999988079071,1.9690698385238647,0.7477389574050903,1.2188827991485596
20,1,full,0.6200000047683716,0.8710291385650635,0.5506051778793335,0.6248895525932312
20,1,remove_4_8,0.6150000095367432,0.8995179533958435,0.567423403263092,0.5595155954360962
20,1,remove_8_13,0.6200000047683716,0.8998091816902161,0.5619402527809143,0.5926445126533508
20,1,remove_13_20,0.6150000095367432,0.8751856088638306,0.5520052909851074,0.6289359331130981
20,1,remove_20_30,0.6200000047683716,0.8630057573318481,0.5483262538909912,0.6363455653190613
20,1,remove_30_40,0.6200000047683716,0.8715661764144897,0.5504118204116821,0.6240397095680237
20,1,only_4_8,0.6200000047683716,0.8954734802246094,0.5568289160728455,0.6267887353897095
20,1,only_8_13,0.6200000047683716,0.9013769626617432,0.5690557360649109,0.5653020739555359
20,1,only_13_20,0.6000000238418579,0.9382093548774719,0.5894735455513,0.48947566747665405
20,1,only_20_30,0.5600000023841858,1.0003917217254639,0.6173135638237,0.4240041971206665
20,1,only_30_40,0.5699999928474426,0.9736416339874268,0.6075694561004639,0.45149365067481995
20,1,smr_only_8_30,0.6150000095367432,0.8992337584495544,0.5669641494750977,0.5592171549797058
20,1,non_smr_only_4_8_30_40,0.6200000047683716,0.8952264189720154,0.5582855343818665,0.6253018379211426
20,1,beta_only_13_30,0.5899999737739563,0.9511846899986267,0.5912612080574036,0.47540518641471863
20,1,raw_only,0.5849999785423279,0.9760792255401611,0.6045545339584351,0.44403862953186035
20,1,spectral_full,0.6200000047683716,1.1776608228683472,0.5867953300476074,1.3732789754867554
20,2,full,0.4749999940395355,0.6960055828094482,0.5029065608978271,0.008033274672925472
20,2,remove_4_8,0.4699999988079071,0.6959677934646606,0.5028693675994873,0.008037121035158634
20,2,remove_8_13,0.4749999940395355,0.6958155632019043,0.5027163028717041,0.008393951691687107
20,2,remove_13_20,0.4749999940395355,0.6962277889251709,0.5031278729438782,0.0076289428398013115
20,2,remove_20_30,0.47999998927116394,0.696001410484314,0.5029029250144958,0.008036566898226738
20,2,remove_30_40,0.47999998927116394,0.6960397958755493,0.5029407739639282,0.008024889044463634
20,2,only_4_8,0.47999998927116394,0.6961561441421509,0.5030512809753418,0.00791475735604763
20,2,only_8_13,0.48500001430511475,0.6964713931083679,0.5033716559410095,0.007146429270505905
20,2,only_13_20,0.4749999940395355,0.6954936385154724,0.5023977160453796,0.008943035267293453
20,2,only_20_30,0.4699999988079071,0.695892870426178,0.5027934312820435,0.008256867527961731
20,2,only_30_40,0.4749999940395355,0.6959009766578674,0.502802312374115,0.008117934688925743
20,2,smr_only_8_30,0.4699999988079071,0.6959767937660217,0.5028792023658752,0.008058280684053898
20,2,non_smr_only_4_8_30_40,0.4749999940395355,0.6960212588310242,0.5029214024543762,0.008035996928811073
20,2,beta_only_13_30,0.4699999988079071,0.6956759095191956,0.5025783181190491,0.008630243130028248
20,2,raw_only,0.48500001430511475,0.6959069967269897,0.5028085708618164,0.008180269040167332
20,2,spectral_full,0.48500001430511475,0.6951754689216614,0.502021312713623,-0.0014727163361385465
21,0,full,0.9700000286102295,0.08946017920970917,0.046019911766052246,4.015368938446045
21,0,remove_4_8,0.9700000286102295,0.08957802504301071,0.04591100290417671,4.024023056030273
21,0,remove_8_13,0.9700000286102295,0.09223328530788422,0.04699064418673515,3.9928479194641113
21,0,remove_13_20,0.8899999856948853,0.26972514390945435,0.1564285308122635,3.0745368003845215
21,0,remove_20_30,0.9700000286102295,0.0904296338558197,0.04631960764527321,4.0051469802856445
21,0,remove_30_40,0.9700000286102295,0.09049047529697418,0.04637075588107109,4.003997802734375
21,0,only_4_8,0.5400000214576721,0.9676195383071899,0.6307240128517151,0.2678923010826111
21,0,only_8_13,0.9100000262260437,0.23321130871772766,0.13231809437274933,3.338780164718628
21,0,only_13_20,0.9750000238418579,0.0969601646065712,0.05010826513171196,3.939326524734497
21,0,only_20_30,0.5849999785423279,0.8963878750801086,0.5730412006378174,0.26640385389328003
21,0,only_30_40,0.574999988079071,0.8972339034080505,0.5739550590515137,0.25624728202819824
21,0,smr_only_8_30,0.9700000286102295,0.09094554930925369,0.04640498012304306,4.008558750152588
21,0,non_smr_only_4_8_30_40,0.5450000166893005,0.9490354657173157,0.6118689179420471,0.2646758258342743
21,0,beta_only_13_30,0.9750000238418579,0.09150443971157074,0.046126917004585266,4.0269598960876465
21,0,raw_only,0.574999988079071,0.8801926970481873,0.5690564513206482,0.25852251052856445
21,0,spectral_full,0.9950000047683716,0.08082961291074753,0.009999997913837433,26.74614906311035
21,1,full,0.9800000190734863,0.11236537992954254,0.04925399646162987,3.693514823913574
21,1,remove_4_8,0.9750000238418579,0.10864146053791046,0.04698716104030609,3.7638158798217773
21,1,remove_8_13,0.9449999928474426,0.16728490591049194,0.08708593249320984,3.5661253929138184
21,1,remove_13_20,0.8550000190734863,0.31494346261024475,0.1983356475830078,2.6700949668884277
21,1,remove_20_30,0.9800000190734863,0.11339065432548523,0.04930143803358078,3.678102493286133
21,1,remove_30_40,0.9800000190734863,0.11614739149808884,0.05102814361453056,3.6668155193328857
21,1,only_4_8,0.5299999713897705,1.3317620754241943,0.7509869337081909,0.2237342894077301
21,1,only_8_13,0.925000011920929,0.2026064097881317,0.11016975343227386,3.1408843994140625
21,1,only_13_20,0.9549999833106995,0.13183540105819702,0.06288277357816696,3.5774903297424316
21,1,only_20_30,0.5099999904632568,0.8612605929374695,0.6098889708518982,0.09554340690374374
21,1,only_30_40,0.5600000023841858,0.8732700347900391,0.6096344590187073,0.12867017090320587
21,1,smr_only_8_30,0.9750000238418579,0.11262177675962448,0.048916760832071304,3.740114688873291
21,1,non_smr_only_4_8_30_40,0.550000011920929,1.2114311456680298,0.7144284248352051,0.2141621708869934
21,1,beta_only_13_30,0.9599999785423279,0.12935954332351685,0.060944996774196625,3.6693062782287598
21,1,raw_only,0.5450000166893005,0.8266377449035645,0.5853514671325684,0.15153442323207855
21,1,spectral_full,0.9750000238418579,0.30844950675964355,0.04400281980633736,25.610929489135742
21,2,full,0.9850000143051147,0.09304484724998474,0.03920648247003555,3.6094396114349365
21,2,remove_4_8,0.9850000143051147,0.08585532009601593,0.03571324050426483,3.6466143131256104
21,2,remove_8_13,0.9850000143051147,0.0793231949210167,0.03374875709414482,3.6627025604248047
21,2,remove_13_20,0.8799999952316284,0.32908347249031067,0.18455377221107483,2.53383731842041
21,2,remove_20_30,0.9850000143051147,0.09135334938764572,0.038098592311143875,3.59584379196167
21,2,remove_30_40,0.9850000143051147,0.09367332607507706,0.03930223360657692,3.5808353424072266
21,2,only_4_8,0.5299999713897705,1.1420472860336304,0.701478898525238,-0.031065285205841064
21,2,only_8_13,0.8949999809265137,0.2972608804702759,0.16169798374176025,2.8053653240203857
21,2,only_13_20,0.9900000095367432,0.07505317032337189,0.029393043369054794,3.6054582595825195
21,2,only_20_30,0.5699999928474426,0.8262680172920227,0.5718332529067993,0.21945175528526306
21,2,only_30_40,0.5199999809265137,0.8280792236328125,0.5842174887657166,0.1503095179796219
21,2,smr_only_8_30,0.9850000143051147,0.08611947298049927,0.03572961688041687,3.6187124252319336
21,2,non_smr_only_4_8_30_40,0.5350000262260437,1.044818639755249,0.6565653085708618,0.022961406037211418
21,2,beta_only_13_30,0.9900000095367432,0.0730707049369812,0.028940465301275253,3.690095901489258
21,2,raw_only,0.5199999809265137,0.8256857395172119,0.5848500728607178,0.14231842756271362
21,2,spectral_full,0.9900000095367432,0.07946845889091492,0.016900338232517242,24.7604923248291
22,0,full,0.5450000166893005,0.7024140954017639,0.5048882961273193,0.14405164122581482
22,0,remove_4_8,0.5350000262260437,0.7003613114356995,0.5028817653656006,0.14941254258155823
22,0,remove_8_13,0.5350000262260437,0.714966893196106,0.5162885189056396,0.11743462830781937
22,0,remove_13_20,0.550000011920929,0.7025723457336426,0.5049837827682495,0.14339107275009155
22,0,remove_20_30,0.5450000166893005,0.7019887566566467,0.5044962167739868,0.14508381485939026
22,0,remove_30_40,0.550000011920929,0.7022587060928345,0.5046872496604919,0.1450081467628479
22,0,only_4_8,0.5350000262260437,0.7167312502861023,0.5176798105239868,0.11464513838291168
22,0,only_8_13,0.5400000214576721,0.6968956589698792,0.49962565302848816,0.15902172029018402
22,0,only_13_20,0.5450000166893005,0.717164158821106,0.5174767374992371,0.114664226770401
22,0,only_20_30,0.5400000214576721,0.7198622226715088,0.5202972888946533,0.10474784672260284
22,0,only_30_40,0.5350000262260437,0.7177767157554626,0.5186159014701843,0.10631676018238068
22,0,smr_only_8_30,0.5299999713897705,0.6993512511253357,0.5018770694732666,0.15289655327796936
22,0,non_smr_only_4_8_30_40,0.5350000262260437,0.7160699963569641,0.5171924829483032,0.11539972573518753
22,0,beta_only_13_30,0.5350000262260437,0.7172617316246033,0.5177579522132874,0.11298977583646774
22,0,raw_only,0.5400000214576721,0.7207477688789368,0.5207316875457764,0.10471540689468384
22,0,spectral_full,0.6050000190734863,0.6887446045875549,0.48977264761924744,0.36901313066482544
22,1,full,0.75,0.5987388491630554,0.3952781558036804,0.5178444385528564
22,1,remove_4_8,0.7599999904632568,0.5795673727989197,0.3788437247276306,0.5946587920188904
22,1,remove_8_13,0.6100000143051147,0.698418140411377,0.49074530601501465,0.25014275312423706
22,1,remove_13_20,0.7450000047683716,0.5981380343437195,0.39377155900001526,0.5149400234222412
22,1,remove_20_30,0.7400000095367432,0.5990368127822876,0.39552390575408936,0.5226792693138123
22,1,remove_30_40,0.75,0.5996018052101135,0.39601561427116394,0.5163076519966125
22,1,only_4_8,0.5950000286102295,0.7009159922599792,0.4919177293777466,0.2431781142950058
22,1,only_8_13,0.7649999856948853,0.5814944505691528,0.3785577118396759,0.5969826579093933
22,1,only_13_20,0.5799999833106995,0.7175655961036682,0.5122697353363037,0.19376197457313538
22,1,only_20_30,0.5649999976158142,0.7296229004859924,0.525643527507782,0.1434493511915207
22,1,only_30_40,0.5649999976158142,0.7227215766906738,0.5199247002601624,0.14486534893512726
22,1,smr_only_8_30,0.7599999904632568,0.5804681777954102,0.37955817580223083,0.5939388871192932
22,1,non_smr_only_4_8_30_40,0.5950000286102295,0.7001952528953552,0.49147260189056396,0.2439861297607422
22,1,beta_only_13_30,0.5550000071525574,0.7214532494544983,0.5171093940734863,0.1804184913635254
22,1,raw_only,0.5849999785423279,0.7258535027503967,0.5208513736724854,0.146422877907753
22,1,spectral_full,0.7149999737739563,1.2399303913116455,0.4950772523880005,2.991903305053711
22,2,full,0.6050000190734863,0.7334076166152954,0.5080109238624573,0.31953561305999756
22,2,remove_4_8,0.6100000143051147,0.7389384508132935,0.5073697566986084,0.3646472692489624
22,2,remove_8_13,0.5149999856948853,0.8110617995262146,0.586154043674469,0.09163695573806763
22,2,remove_13_20,0.6050000190734863,0.7269148230552673,0.5036437511444092,0.31936806440353394
22,2,remove_20_30,0.6050000190734863,0.731589674949646,0.5068293213844299,0.3202570378780365
22,2,remove_30_40,0.6050000190734863,0.7320228815078735,0.507088840007782,0.31987711787223816
22,2,only_4_8,0.5099999904632568,0.833264172077179,0.6044503450393677,0.018332812935113907
22,2,only_8_13,0.6349999904632568,0.7232633829116821,0.49441102147102356,0.38969886302948
22,2,only_13_20,0.5400000214576721,0.8041743636131287,0.5733720064163208,0.1462334394454956
22,2,only_20_30,0.48500001430511475,0.8233264088630676,0.5966671109199524,0.025214439257979393
22,2,only_30_40,0.4950000047683716,0.8225465416908264,0.5967493057250977,0.03330421820282936
22,2,smr_only_8_30,0.6150000095367432,0.7350430488586426,0.504386305809021,0.3688642084598541
22,2,non_smr_only_4_8_30_40,0.49000000953674316,0.8335418701171875,0.6050937175750732,0.016574213281273842
22,2,beta_only_13_30,0.550000011920929,0.8115833401679993,0.5785693526268005,0.13793602585792542
22,2,raw_only,0.4950000047683716,0.8069111108779907,0.586592435836792,0.02798481471836567
22,2,spectral_full,0.675000011920929,1.4034467935562134,0.5728452205657959,2.2878081798553467
23,0,full,0.5550000071525574,0.6875740885734558,0.4943743944168091,0.02514156512916088
23,0,remove_4_8,0.5550000071525574,0.687498927116394,0.49430084228515625,0.025269873440265656
23,0,remove_8_13,0.5600000023841858,0.6876616477966309,0.4944612979888916,0.024912819266319275
23,0,remove_13_20,0.5600000023841858,0.6876310706138611,0.49443066120147705,0.025063248351216316
23,0,remove_20_30,0.5550000071525574,0.687523365020752,0.4943230450153351,0.025254879146814346
23,0,remove_30_40,0.5550000071525574,0.6875188946723938,0.4943179190158844,0.025252513587474823
23,0,only_4_8,0.5649999976158142,0.6878440976142883,0.4946225881576538,0.024271856993436813
23,0,only_8_13,0.5600000023841858,0.6872522830963135,0.49405136704444885,0.02581271342933178
23,0,only_13_20,0.5550000071525574,0.6873013377189636,0.49410247802734375,0.025546293705701828
23,0,only_20_30,0.550000011920929,0.6876302361488342,0.4944302439689636,0.0249632578343153
23,0,only_30_40,0.550000011920929,0.6876397132873535,0.4944416880607605,0.02497353032231331
23,0,smr_only_8_30,0.5550000071525574,0.6874233484268188,0.4942249059677124,0.02541854791343212
23,0,non_smr_only_4_8_30_40,0.5550000071525574,0.687886118888855,0.49467962980270386,0.024423208087682724
23,0,beta_only_13_30,0.5550000071525574,0.6875059604644775,0.4943069517612457,0.02517877146601677
23,0,raw_only,0.550000011920929,0.6874051690101624,0.49419552087783813,0.025019489228725433
23,0,spectral_full,0.5,0.6994441747665405,0.5062493681907654,0.0012244987301528454
23,1,full,0.550000011920929,0.7079818844795227,0.5122777819633484,0.049520742148160934
23,1,remove_4_8,0.5400000214576721,0.708512544631958,0.512666642665863,0.04836571216583252
23,1,remove_8_13,0.5400000214576721,0.7084688544273376,0.512877881526947,0.04606484994292259
23,1,remove_13_20,0.5249999761581421,0.7081887125968933,0.5123133063316345,0.05018468201160431
23,1,remove_20_30,0.5299999713897705,0.7077588438987732,0.5120899081230164,0.04964840039610863
23,1,remove_30_40,0.5400000214576721,0.7076341509819031,0.5121142864227295,0.049165524542331696
23,1,only_4_8,0.5299999713897705,0.7075231671333313,0.5121673345565796,0.046727925539016724
23,1,only_8_13,0.5249999761581421,0.7073506712913513,0.5116507411003113,0.05112937092781067
23,1,only_13_20,0.5350000262260437,0.7079824209213257,0.5125933289527893,0.04326228052377701
23,1,only_20_30,0.5400000214576721,0.7086560726165771,0.5130002498626709,0.0446796789765358
23,1,only_30_40,0.5350000262260437,0.7106359004974365,0.5145159959793091,0.04340284690260887
23,1,smr_only_8_30,0.5550000071525574,0.7076972723007202,0.5120861530303955,0.04898194968700409
23,1,non_smr_only_4_8_30_40,0.5199999809265137,0.7089822888374329,0.5131710171699524,0.04639541730284691
23,1,beta_only_13_30,0.5350000262260437,0.7081249952316284,0.5126308798789978,0.044334206730127335
23,1,raw_only,0.5249999761581421,0.7079108357429504,0.5124291777610779,0.043604325503110886
23,1,spectral_full,0.5149999856948853,0.7065621018409729,0.5113745331764221,0.0580911822617054
23,2,full,0.5299999713897705,0.697274386882782,0.504055917263031,0.015798000618815422
23,2,remove_4_8,0.5299999713897705,0.6972299814224243,0.5040205121040344,0.015677722170948982
23,2,remove_8_13,0.5350000262260437,0.6971468329429626,0.5039279460906982,0.01609564758837223
23,2,remove_13_20,0.5350000262260437,0.6973420977592468,0.5041244626045227,0.015587754547595978
23,2,remove_20_30,0.5299999713897705,0.6972454190254211,0.5040207505226135,0.015780918300151825
23,2,remove_30_40,0.5299999713897705,0.6973929405212402,0.504167914390564,0.015707697719335556
23,2,only_4_8,0.5350000262260437,0.6969414353370667,0.5037105679512024,0.016339601948857307
23,2,only_8_13,0.5149999856948853,0.6972456574440002,0.5040315985679626,0.015013464726507664
23,2,only_13_20,0.5400000214576721,0.696979284286499,0.5037664771080017,0.016277609393000603
23,2,only_20_30,0.5400000214576721,0.6973593831062317,0.504145622253418,0.015661761164665222
23,2,only_30_40,0.5350000262260437,0.6969223022460938,0.5037149786949158,0.015957172960042953
23,2,smr_only_8_30,0.5350000262260437,0.6973081827163696,0.5040984153747559,0.015651224181056023
23,2,non_smr_only_4_8_30_40,0.5400000214576721,0.6970642805099487,0.5038403272628784,0.016127876937389374
23,2,beta_only_13_30,0.5400000214576721,0.6971685886383057,0.5039545297622681,0.016018273308873177
23,2,raw_only,0.5400000214576721,0.6967909932136536,0.5035830736160278,0.01582089252769947
23,2,spectral_full,0.5,0.6996857523918152,0.5063764452934265,-0.00022748112678527832
24,0,full,0.5099999904632568,0.6982106566429138,0.5042963624000549,0.05340022221207619
24,0,remove_4_8,0.5149999856948853,0.6979738473892212,0.5040727257728577,0.05393519252538681
24,0,remove_8_13,0.5199999809265137,0.698330283164978,0.5044065117835999,0.05334055796265602
24,0,remove_13_20,0.5099999904632568,0.6983269453048706,0.504402756690979,0.05333728715777397
24,0,remove_20_30,0.5099999904632568,0.6981754899024963,0.5042631030082703,0.05321291834115982
24,0,remove_30_40,0.5099999904632568,0.6981368064880371,0.5042320489883423,0.05313452333211899
24,0,only_4_8,0.5249999761581421,0.6974256038665771,0.5036237835884094,0.052502840757369995
24,0,only_8_13,0.5149999856948853,0.6974599957466125,0.5035892724990845,0.05377735197544098
24,0,only_13_20,0.5149999856948853,0.6977179050445557,0.5038455724716187,0.05366963520646095
24,0,only_20_30,0.5299999713897705,0.6981127858161926,0.5042039752006531,0.05397401750087738
24,0,only_30_40,0.5299999713897705,0.6981803774833679,0.5042511224746704,0.05422145500779152
24,0,smr_only_8_30,0.5149999856948853,0.6978514194488525,0.5039632320404053,0.05382659286260605
24,0,non_smr_only_4_8_30_40,0.5149999856948853,0.6983950138092041,0.5044681429862976,0.05300000309944153
24,0,beta_only_13_30,0.5199999809265137,0.697947084903717,0.5040534734725952,0.05382262170314789
24,0,raw_only,0.5249999761581421,0.696865975856781,0.5030910968780518,0.05406121164560318
24,0,spectral_full,0.5049999952316284,0.7045364379882812,0.5112375617027283,-0.0066053722985088825
24,1,full,0.4699999988079071,0.8258571624755859,0.5968229174613953,-0.05091331899166107
24,1,remove_4_8,0.47999998927116394,0.8233146667480469,0.5949707627296448,-0.0481000617146492
24,1,remove_8_13,0.4699999988079071,0.8256144523620605,0.5967587828636169,-0.05077694356441498
24,1,remove_13_20,0.47999998927116394,0.8266018629074097,0.596985936164856,-0.05056999251246452
24,1,remove_20_30,0.45500001311302185,0.8260109424591064,0.5968084931373596,-0.05150251463055611
24,1,remove_30_40,0.4749999940395355,0.8255313634872437,0.5963097214698792,-0.049993861466646194
24,1,only_4_8,0.4650000035762787,0.8276789784431458,0.5966290831565857,-0.05214949697256088
24,1,only_8_13,0.4749999940395355,0.8194819688796997,0.5899282693862915,-0.040647368878126144
24,1,only_13_20,0.4950000047683716,0.8219756484031677,0.5940454602241516,-0.047416362911462784
24,1,only_20_30,0.4950000047683716,0.8225465416908264,0.5935862064361572,-0.045161839574575424
24,1,only_30_40,0.49000000953674316,0.8208544850349426,0.5927314162254333,-0.04618377611041069
24,1,smr_only_8_30,0.4950000047683716,0.8227749466896057,0.5942371487617493,-0.04685194045305252
24,1,non_smr_only_4_8_30_40,0.46000000834465027,0.8274292945861816,0.5971201062202454,-0.05259343609213829
24,1,beta_only_13_30,0.49000000953674316,0.8223947882652283,0.5941435098648071,-0.04690565913915634
24,1,raw_only,0.5,0.8196321725845337,0.5902103185653687,-0.043014831840991974
24,1,spectral_full,0.4350000023841858,0.8755121827125549,0.6502389311790466,-0.07475868612527847
24,2,full,0.5,0.7380502820014954,0.5352661609649658,-0.03339570015668869
24,2,remove_4_8,0.4950000047683716,0.7377316355705261,0.5349900722503662,-0.03290126845240593
24,2,remove_8_13,0.5,0.7380189299583435,0.5352333784103394,-0.033389147371053696
24,2,remove_13_20,0.5,0.7379882335662842,0.5352041721343994,-0.03317803144454956
24,2,remove_20_30,0.5,0.738223135471344,0.5354142785072327,-0.033639658242464066
24,2,remove_30_40,0.4950000047683716,0.7381564378738403,0.5353584885597229,-0.0335458405315876
24,2,only_4_8,0.5,0.738533616065979,0.5356374979019165,-0.03370659053325653
24,2,only_8_13,0.5099999904632568,0.7377846240997314,0.5350142121315002,-0.03254726529121399
24,2,only_13_20,0.4950000047683716,0.7379016876220703,0.53513103723526,-0.03328802064061165
24,2,only_20_30,0.5,0.7370980978012085,0.5344056487083435,-0.03174566105008125
24,2,only_30_40,0.5099999904632568,0.737535297870636,0.5348191261291504,-0.032511722296476364
24,2,smr_only_8_30,0.4950000047683716,0.737770676612854,0.5350225567817688,-0.03295280784368515
24,2,non_smr_only_4_8_30_40,0.5,0.7382562160491943,0.5354172587394714,-0.033554550260305405
24,2,beta_only_13_30,0.5,0.7376226186752319,0.5348884463310242,-0.03281350061297417
24,2,raw_only,0.5099999904632568,0.7374831438064575,0.5347745418548584,-0.032171860337257385
24,2,spectral_full,0.45500001311302185,0.7037651538848877,0.5105512142181396,-0.012248916551470757
25,0,full,0.8299999833106995,0.4085884094238281,0.25658947229385376,2.086315393447876
25,0,remove_4_8,0.824999988079071,0.41214194893836975,0.2589828670024872,2.0525083541870117
25,0,remove_8_13,0.824999988079071,0.41339775919914246,0.2591191530227661,2.0839884281158447
25,0,remove_13_20,0.824999988079071,0.4105457663536072,0.25697484612464905,2.0888659954071045
25,0,remove_20_30,0.8299999833106995,0.407410591840744,0.256245493888855,2.0848708152770996
25,0,remove_30_40,0.8299999833106995,0.4061453342437744,0.25568750500679016,2.084587335586548
25,0,only_4_8,0.824999988079071,0.4095345735549927,0.25678175687789917,2.0905284881591797
25,0,only_8_13,0.824999988079071,0.40902411937713623,0.25730422139167786,2.0480294227600098
25,0,only_13_20,0.824999988079071,0.41132476925849915,0.2603089213371277,2.0343997478485107
25,0,only_20_30,0.8199999928474426,0.423183798789978,0.2639661431312561,2.02604341506958
25,0,only_30_40,0.8199999928474426,0.4280625283718109,0.26586857438087463,2.022329092025757
25,0,smr_only_8_30,0.8299999833106995,0.40831440687179565,0.2574663758277893,2.05438232421875
25,0,non_smr_only_4_8_30_40,0.824999988079071,0.413219690322876,0.2579784095287323,2.0980522632598877
25,0,beta_only_13_30,0.824999988079071,0.4156201481819153,0.261791855096817,2.033351182937622
25,0,raw_only,0.824999988079071,0.4174724221229553,0.26183006167411804,2.0174906253814697
25,0,spectral_full,0.699999988079071,0.5502450466156006,0.37087422609329224,0.6414813995361328
25,1,full,0.8600000143051147,0.3209567368030548,0.1961859166622162,5.195838451385498
25,1,remove_4_8,0.8550000190734863,0.33203125,0.20113228261470795,5.104269027709961
25,1,remove_8_13,0.8550000190734863,0.3260509967803955,0.1998334527015686,5.18618106842041
25,1,remove_13_20,0.8550000190734863,0.3219338357448578,0.19694991409778595,5.197701930999756
25,1,remove_20_30,0.8600000143051147,0.32270362973213196,0.1965479850769043,5.197259902954102
25,1,remove_30_40,0.8600000143051147,0.31811457872390747,0.19484034180641174,5.2073774337768555
25,1,only_4_8,0.8600000143051147,0.32516902685165405,0.1996782273054123,5.226037502288818
25,1,only_8_13,0.8550000190734863,0.3331040143966675,0.2002336084842682,5.107564926147461
25,1,only_13_20,0.8600000143051147,0.34172478318214417,0.20586413145065308,5.032658100128174
25,1,only_20_30,0.8550000190734863,0.3410794734954834,0.20850194990634918,5.032835483551025
25,1,only_30_40,0.8550000190734863,0.3544327914714813,0.21201829612255096,5.025771141052246
25,1,smr_only_8_30,0.8600000143051147,0.32732340693473816,0.19861671328544617,5.119724273681641
25,1,non_smr_only_4_8_30_40,0.8550000190734863,0.3277492821216583,0.2006370574235916,5.213566780090332
25,1,beta_only_13_30,0.8550000190734863,0.33834269642829895,0.20564724504947662,5.045997142791748
25,1,raw_only,0.8550000190734863,0.3485257625579834,0.21017828583717346,5.003814697265625
25,1,spectral_full,0.7950000166893005,0.47755277156829834,0.30260494351387024,1.6604092121124268
25,2,full,0.875,0.2400139421224594,0.15464548766613007,4.027515411376953
25,2,remove_4_8,0.875,0.23143944144248962,0.15085071325302124,3.9963104724884033
25,2,remove_8_13,0.8849999904632568,0.24209238588809967,0.15534478425979614,4.025989532470703
25,2,remove_13_20,0.875,0.24169398844242096,0.15504957735538483,4.0281901359558105
25,2,remove_20_30,0.875,0.24244773387908936,0.15532740950584412,4.027546405792236
25,2,remove_30_40,0.8799999952316284,0.23846708238124847,0.15451058745384216,4.024900913238525
25,2,only_4_8,0.8799999952316284,0.24621886014938354,0.15698319673538208,4.025840759277344
25,2,only_8_13,0.875,0.2335110455751419,0.15179352462291718,3.9828646183013916
25,2,only_13_20,0.8650000095367432,0.2328440546989441,0.15160664916038513,3.975874662399292
25,2,only_20_30,0.8700000047683716,0.2290276139974594,0.1507936418056488,3.9719512462615967
25,2,only_30_40,0.8899999856948853,0.24081522226333618,0.1522020697593689,3.9591453075408936
25,2,smr_only_8_30,0.8799999952316284,0.22951827943325043,0.15083344280719757,3.9935247898101807
25,2,non_smr_only_4_8_30_40,0.8849999904632568,0.24736730754375458,0.15666918456554413,4.028527736663818
25,2,beta_only_13_30,0.8700000047683716,0.22959578037261963,0.15072254836559296,3.977858543395996
25,2,raw_only,0.8700000047683716,0.23563332855701447,0.15224482119083405,3.9485764503479004
25,2,spectral_full,0.6449999809265137,0.7395696043968201,0.490508109331131,0.7017714977264404
26,0,full,0.7749999761581421,0.590273916721344,0.3433881998062134,2.821870803833008
26,0,remove_4_8,0.7850000262260437,0.5742114186286926,0.34068310260772705,2.464956521987915
26,0,remove_8_13,0.7850000262260437,0.5966798663139343,0.34388142824172974,2.8570754528045654
26,0,remove_13_20,0.7749999761581421,0.5955991148948669,0.34668445587158203,2.814095973968506
26,0,remove_20_30,0.7749999761581421,0.5903283953666687,0.34339386224746704,2.824918270111084
26,0,remove_30_40,0.7749999761581421,0.5911964774131775,0.34374895691871643,2.8241384029388428
26,0,only_4_8,0.7799999713897705,0.6043481230735779,0.3486897349357605,2.848799228668213
26,0,only_8_13,0.7850000262260437,0.5875798463821411,0.3484317660331726,2.447766065597534
26,0,only_13_20,0.800000011920929,0.5607634782791138,0.3281511962413788,2.4574782848358154
26,0,only_20_30,0.7699999809265137,0.5849947929382324,0.34738385677337646,2.383618116378784
26,0,only_30_40,0.7799999713897705,0.5722905993461609,0.3353066146373749,2.3717076778411865
26,0,smr_only_8_30,0.7799999713897705,0.5747416615486145,0.3409693241119385,2.4693503379821777
26,0,non_smr_only_4_8_30_40,0.7850000262260437,0.6030945777893066,0.34809449315071106,2.845223903656006
26,0,beta_only_13_30,0.7900000214576721,0.5651227831840515,0.33156418800354004,2.453989028930664
26,0,raw_only,0.7900000214576721,0.574352502822876,0.3365670144557953,2.396940231323242
26,0,spectral_full,0.7200000286102295,1.5061607360839844,0.5232757329940796,3.1508123874664307
26,1,full,0.7850000262260437,0.7426106929779053,0.3587406277656555,3.64918851852417
26,1,remove_4_8,0.7749999761581421,0.6700018048286438,0.34953442215919495,3.068636417388916
26,1,remove_8_13,0.7649999856948853,0.768158495426178,0.37250176072120667,3.6864168643951416
26,1,remove_13_20,0.7850000262260437,0.7477259039878845,0.36051204800605774,3.6710758209228516
26,1,remove_20_30,0.7850000262260437,0.7466612458229065,0.36053261160850525,3.6525356769561768
26,1,remove_30_40,0.7850000262260437,0.7478011846542358,0.3606119453907013,3.6491284370422363
26,1,only_4_8,0.75,0.7863508462905884,0.3812220096588135,3.7165093421936035
26,1,only_8_13,0.7549999952316284,0.6748231649398804,0.3507942855358124,3.0962107181549072
26,1,only_13_20,0.7799999713897705,0.6676316857337952,0.35967838764190674,2.969602584838867
26,1,only_20_30,0.7599999904632568,0.6438868045806885,0.3585611581802368,2.9484314918518066
26,1,only_30_40,0.7749999761581421,0.630283534526825,0.3527255654335022,2.991943597793579
26,1,smr_only_8_30,0.7599999904632568,0.6720227599143982,0.34932684898376465,3.073657274246216
26,1,non_smr_only_4_8_30_40,0.7450000047683716,0.7797031402587891,0.378517746925354,3.7140350341796875
26,1,beta_only_13_30,0.7649999856948853,0.6628682613372803,0.3602181375026703,2.952744960784912
26,1,raw_only,0.7599999904632568,0.6487225294113159,0.35914257168769836,3.005422592163086
26,1,spectral_full,0.7200000286102295,1.9282238483428955,0.524420440196991,4.253026008605957
26,2,full,0.7850000262260437,0.5335560441017151,0.2971090078353882,2.78924560546875
26,2,remove_4_8,0.7799999713897705,0.5291602611541748,0.300171434879303,2.537410259246826
26,2,remove_8_13,0.7900000214576721,0.54124516248703,0.302022248506546,2.78312611579895
26,2,remove_13_20,0.7850000262260437,0.5334931015968323,0.29653528332710266,2.809664249420166
26,2,remove_20_30,0.7850000262260437,0.5341569781303406,0.2976607084274292,2.7906012535095215
26,2,remove_30_40,0.7850000262260437,0.5317992568016052,0.29516899585723877,2.795093059539795
26,2,only_4_8,0.7950000166893005,0.5403658747673035,0.3017389178276062,2.8053674697875977
26,2,only_8_13,0.7799999713897705,0.5255337357521057,0.29587501287460327,2.5706779956817627
26,2,only_13_20,0.7549999952316284,0.5363301634788513,0.30662164092063904,2.481961727142334
26,2,only_20_30,0.7900000214576721,0.5239739418029785,0.29577651619911194,2.5220980644226074
26,2,only_30_40,0.7799999713897705,0.5301022529602051,0.30297359824180603,2.504270553588867
26,2,smr_only_8_30,0.7799999713897705,0.5274205207824707,0.2982463836669922,2.5438849925994873
26,2,non_smr_only_4_8_30_40,0.7950000166893005,0.5436198115348816,0.3043915927410126,2.7997469902038574
26,2,beta_only_13_30,0.7599999904632568,0.5341639518737793,0.3041682541370392,2.4873316287994385
26,2,raw_only,0.7850000262260437,0.5237142443656921,0.298260360956192,2.514092445373535
26,2,spectral_full,0.7149999737739563,1.045447826385498,0.49808257818222046,2.1275458335876465
27,0,full,0.8100000023841858,0.42518243193626404,0.2540458142757416,2.2702269554138184
27,0,remove_4_8,0.7799999713897705,0.4639252722263336,0.2843250334262848,2.020817518234253
27,0,remove_8_13,0.824999988079071,0.41955119371414185,0.24888445436954498,2.301957607269287
27,0,remove_13_20,0.8149999976158142,0.4257766306400299,0.25450053811073303,2.296156406402588
27,0,remove_20_30,0.8100000023841858,0.42542821168899536,0.2541155219078064,2.2702577114105225
27,0,remove_30_40,0.8050000071525574,0.42651936411857605,0.2552424669265747,2.264770269393921
27,0,only_4_8,0.824999988079071,0.41998669505119324,0.24927738308906555,2.336265802383423
27,0,only_8_13,0.7699999809265137,0.47793662548065186,0.2948976457118988,2.0210328102111816
27,0,only_13_20,0.800000011920929,0.46030858159065247,0.2825697958469391,2.002446174621582
27,0,only_20_30,0.8050000071525574,0.45611894130706787,0.2825377583503723,2.018815279006958
27,0,only_30_40,0.8050000071525574,0.4557686746120453,0.2801171541213989,2.0155532360076904
27,0,smr_only_8_30,0.7799999713897705,0.46546074748039246,0.2857663035392761,2.0200982093811035
27,0,non_smr_only_4_8_30_40,0.824999988079071,0.4177316725254059,0.2471836507320404,2.3450162410736084
27,0,beta_only_13_30,0.7950000166893005,0.4583553075790405,0.2815725803375244,2.0068492889404297
27,0,raw_only,0.7950000166893005,0.46150776743888855,0.2853834331035614,2.004831552505493
27,0,spectral_full,0.7049999833106995,0.9409923553466797,0.46648335456848145,2.078707695007324
27,1,full,0.7799999713897705,0.5213672518730164,0.31629306077957153,2.488377571105957
27,1,remove_4_8,0.7649999856948853,0.5233147740364075,0.32098156213760376,2.327084541320801
27,1,remove_8_13,0.7850000262260437,0.5062506794929504,0.30792123079299927,2.50246262550354
27,1,remove_13_20,0.7749999761581421,0.5264398455619812,0.3159983456134796,2.5042922496795654
27,1,remove_20_30,0.7749999761581421,0.5242880582809448,0.31594765186309814,2.507427930831909
27,1,remove_30_40,0.7799999713897705,0.5245822668075562,0.3188517391681671,2.488166570663452
27,1,only_4_8,0.7799999713897705,0.5165595412254333,0.30984780192375183,2.5632388591766357
27,1,only_8_13,0.7699999809265137,0.5543055534362793,0.3284080922603607,2.3476479053497314
27,1,only_13_20,0.7699999809265137,0.501820981502533,0.3107033669948578,2.3087158203125
27,1,only_20_30,0.7749999761581421,0.5013269186019897,0.30883681774139404,2.3104593753814697
27,1,only_30_40,0.7799999713897705,0.5055171847343445,0.30385124683380127,2.338041305541992
27,1,smr_only_8_30,0.7699999809265137,0.5249716639518738,0.3239951431751251,2.319973945617676
27,1,non_smr_only_4_8_30_40,0.7900000214576721,0.5143010020256042,0.30714812874794006,2.553826093673706
27,1,beta_only_13_30,0.7649999856948853,0.5027086734771729,0.312844842672348,2.3139519691467285
27,1,raw_only,0.7850000262260437,0.5039858818054199,0.30555450916290283,2.3157711029052734
27,1,spectral_full,0.5899999737739563,1.3673983812332153,0.6681355834007263,1.2891842126846313
27,2,full,0.7950000166893005,0.4911474585533142,0.2894262969493866,2.7873876094818115
27,2,remove_4_8,0.800000011920929,0.4937659502029419,0.29125767946243286,2.7128124237060547
27,2,remove_8_13,0.800000011920929,0.4760010242462158,0.28136709332466125,2.8166327476501465
27,2,remove_13_20,0.7950000166893005,0.4994589686393738,0.2939719259738922,2.790018320083618
27,2,remove_20_30,0.7950000166893005,0.493473082780838,0.29055675864219666,2.7877438068389893
27,2,remove_30_40,0.7950000166893005,0.48006489872932434,0.2837527096271515,2.790231227874756
27,2,only_4_8,0.7950000166893005,0.4734024703502655,0.28010597825050354,2.8355672359466553
27,2,only_8_13,0.800000011920929,0.4993903338909149,0.2941993474960327,2.700700283050537
27,2,only_13_20,0.800000011920929,0.4447208046913147,0.26545020937919617,2.716280460357666
27,2,only_20_30,0.8149999976158142,0.45381060242652893,0.2720719277858734,2.6926348209381104
27,2,only_30_40,0.7950000166893005,0.4974604547023773,0.2939167022705078,2.729556083679199
27,2,smr_only_8_30,0.7950000166893005,0.47941479086875916,0.2843095362186432,2.702498197555542
27,2,non_smr_only_4_8_30_40,0.7950000166893005,0.49077004194259644,0.28931736946105957,2.8287200927734375
27,2,beta_only_13_30,0.8100000023841858,0.44636762142181396,0.2668492794036865,2.711674213409424
27,2,raw_only,0.8149999976158142,0.45769980549812317,0.27401256561279297,2.6909875869750977
27,2,spectral_full,0.6000000238418579,1.237067699432373,0.6822229623794556,0.7650511264801025
28,0,full,0.8100000023841858,0.6363335251808167,0.3059912621974945,3.1514978408813477
28,0,remove_4_8,0.8149999976158142,0.5795722007751465,0.2828018367290497,3.2536401748657227
28,0,remove_8_13,0.75,0.7526445984840393,0.3645888864994049,2.797548770904541
28,0,remove_13_20,0.800000011920929,0.6449754238128662,0.30912649631500244,3.130715847015381
28,0,remove_20_30,0.8149999976158142,0.6376777291297913,0.3070083558559418,3.1356754302978516
28,0,remove_30_40,0.8149999976158142,0.6378511190414429,0.3069816827774048,3.134667158126831
28,0,only_4_8,0.7450000047683716,0.788930356502533,0.3841628134250641,2.6467459201812744
28,0,only_8_13,0.8149999976158142,0.5829100608825684,0.28571099042892456,3.2469778060913086
28,0,only_13_20,0.7749999761581421,0.700264573097229,0.34615322947502136,2.749021530151367
28,0,only_20_30,0.7599999904632568,0.8024141192436218,0.3912346661090851,2.2510650157928467
28,0,only_30_40,0.7649999856948853,0.8046485185623169,0.3940047025680542,2.2326903343200684
28,0,smr_only_8_30,0.8149999976158142,0.5814462304115295,0.28372722864151,3.2455716133117676
28,0,non_smr_only_4_8_30_40,0.7450000047683716,0.7899243235588074,0.3846302032470703,2.665109157562256
28,0,beta_only_13_30,0.7749999761581421,0.7001569271087646,0.345489501953125,2.7336020469665527
28,0,raw_only,0.7599999904632568,0.8067947626113892,0.395438015460968,2.224060535430908
28,0,spectral_full,0.8500000238418579,1.040502905845642,0.28599876165390015,7.001755237579346
28,1,full,0.7950000166893005,0.537926435470581,0.3039904832839966,2.873459577560425
28,1,remove_4_8,0.7900000214576721,0.5261427164077759,0.2910041809082031,2.900999069213867
28,1,remove_8_13,0.7850000262260437,0.6053954362869263,0.3377402126789093,2.5694756507873535
28,1,remove_13_20,0.7900000214576721,0.5458495616912842,0.3092634081840515,2.844587802886963
28,1,remove_20_30,0.7900000214576721,0.5387968420982361,0.3045378625392914,2.8644800186157227
28,1,remove_30_40,0.7900000214576721,0.538995087146759,0.3045704960823059,2.8630924224853516
28,1,only_4_8,0.7799999713897705,0.6334556341171265,0.3479742705821991,2.458636999130249
28,1,only_8_13,0.7950000166893005,0.5290116667747498,0.29434752464294434,2.882904291152954
28,1,only_13_20,0.7749999761581421,0.6261634230613708,0.34962978959083557,2.4592838287353516
28,1,only_20_30,0.7599999904632568,0.674612820148468,0.37957003712654114,2.1668381690979004
28,1,only_30_40,0.7599999904632568,0.6741153001785278,0.3793880045413971,2.164720058441162
28,1,smr_only_8_30,0.7950000166893005,0.5280960202217102,0.2915574312210083,2.8978095054626465
28,1,non_smr_only_4_8_30_40,0.7749999761581421,0.6333267092704773,0.34774959087371826,2.4684576988220215
28,1,beta_only_13_30,0.7749999761581421,0.6242067217826843,0.35162514448165894,2.4278597831726074
28,1,raw_only,0.7749999761581421,0.6748083233833313,0.3804445266723633,2.16812801361084
28,1,spectral_full,0.8349999785423279,0.9513070583343506,0.30147501826286316,5.594967842102051
28,2,full,0.7799999713897705,0.5492917895317078,0.3266068696975708,2.2326602935791016
28,2,remove_4_8,0.7950000166893005,0.5049132704734802,0.30714142322540283,2.236854314804077
28,2,remove_8_13,0.7450000047683716,0.62803053855896,0.3707646131515503,2.035073757171631
28,2,remove_13_20,0.7850000262260437,0.5627519488334656,0.3329721689224243,2.197124719619751
28,2,remove_20_30,0.7900000214576721,0.5501015186309814,0.3276706039905548,2.223092555999756
28,2,remove_30_40,0.7799999713897705,0.5543569326400757,0.329074889421463,2.2142200469970703
28,2,only_4_8,0.7250000238418579,0.6548826694488525,0.38823482394218445,1.9476760625839233
28,2,only_8_13,0.7799999713897705,0.505932629108429,0.3085384666919708,2.2249155044555664
28,2,only_13_20,0.75,0.5749599933624268,0.34994423389434814,1.8537380695343018
28,2,only_20_30,0.7350000143051147,0.6122000813484192,0.37257716059684753,1.7346385717391968
28,2,only_30_40,0.7350000143051147,0.6059836745262146,0.36907050013542175,1.7403184175491333
28,2,smr_only_8_30,0.7950000166893005,0.5020217299461365,0.3057953119277954,2.2501401901245117
28,2,non_smr_only_4_8_30_40,0.7250000238418579,0.6538298726081848,0.3863365054130554,1.9716475009918213
28,2,beta_only_13_30,0.7450000047683716,0.5795329809188843,0.3521873950958252,1.8365668058395386
28,2,raw_only,0.7350000143051147,0.6167247891426086,0.376886785030365,1.724359154701233
28,2,spectral_full,0.7950000166893005,0.8520001173019409,0.34492701292037964,4.153627395629883
29,0,full,0.8849999904632568,0.3703209161758423,0.1902245134115219,4.758901596069336
29,0,remove_4_8,0.8899999856948853,0.34791991114616394,0.18062585592269897,4.836184978485107
29,0,remove_8_13,0.8849999904632568,0.3665006160736084,0.18876604735851288,4.774050712585449
29,0,remove_13_20,0.8849999904632568,0.3892475962638855,0.19724136590957642,4.678562164306641
29,0,remove_20_30,0.8799999952316284,0.3808293044567108,0.1967618614435196,4.696239471435547
29,0,remove_30_40,0.8700000047683716,0.3906531035900116,0.20103810727596283,4.626358985900879
29,0,only_4_8,0.8299999833106995,0.5027732849121094,0.26978445053100586,3.792705774307251
29,0,only_8_13,0.8399999737739563,0.46588870882987976,0.2521055042743683,3.791184186935425
29,0,only_13_20,0.8700000047683716,0.3848470449447632,0.210338294506073,4.406810283660889
29,0,only_20_30,0.8949999809265137,0.35473328828811646,0.18251968920230865,4.761458873748779
29,0,only_30_40,0.9049999713897705,0.35094863176345825,0.18160398304462433,4.810022354125977
29,0,smr_only_8_30,0.8849999904632568,0.3624868392944336,0.1862632781267166,4.734537124633789
29,0,non_smr_only_4_8_30_40,0.8799999952316284,0.408181756734848,0.2078588306903839,4.582776069641113
29,0,beta_only_13_30,0.8849999904632568,0.35313931107521057,0.1826917976140976,4.764667510986328
29,0,raw_only,0.8399999737739563,0.45188477635383606,0.24754410982131958,3.770768642425537
29,0,spectral_full,0.9150000214576721,0.341225802898407,0.13695508241653442,7.2376885414123535
29,1,full,0.8700000047683716,0.3373011648654938,0.20074695348739624,3.9508297443389893
29,1,remove_4_8,0.8600000143051147,0.36255985498428345,0.22053393721580505,3.80356502532959
29,1,remove_8_13,0.8700000047683716,0.3333469033241272,0.19843252003192902,3.959275245666504
29,1,remove_13_20,0.875,0.34136277437210083,0.201289102435112,3.9378299713134766
29,1,remove_20_30,0.8700000047683716,0.3361620604991913,0.20046398043632507,3.9050965309143066
29,1,remove_30_40,0.8600000143051147,0.35928666591644287,0.2161765694618225,3.7919487953186035
29,1,only_4_8,0.824999988079071,0.4410615861415863,0.27045097947120667,3.0538175106048584
29,1,only_8_13,0.8050000071525574,0.46710216999053955,0.2821226418018341,2.927497625350952
29,1,only_13_20,0.8299999833106995,0.3894025683403015,0.24798980355262756,3.4223151206970215
29,1,only_20_30,0.8500000238418579,0.39353764057159424,0.23839187622070312,3.61083984375
29,1,only_30_40,0.8650000095367432,0.36240294575691223,0.2186989188194275,3.725212812423706
29,1,smr_only_8_30,0.8500000238418579,0.3806220591068268,0.23383231461048126,3.7004711627960205
29,1,non_smr_only_4_8_30_40,0.875,0.33551710844039917,0.19761528074741364,3.8975026607513428
29,1,beta_only_13_30,0.8299999833106995,0.3807307779788971,0.23538543283939362,3.6548469066619873
29,1,raw_only,0.824999988079071,0.44746866822242737,0.278432697057724,2.892449140548706
29,1,spectral_full,0.9200000166893005,0.3830345571041107,0.1406703144311905,7.622434139251709
29,2,full,0.9599999785423279,0.16910070180892944,0.07769765704870224,4.29189920425415
29,2,remove_4_8,0.9599999785423279,0.1670406311750412,0.07435179501771927,4.3387908935546875
29,2,remove_8_13,0.9549999833106995,0.16894349455833435,0.07848027348518372,4.300851345062256
29,2,remove_13_20,0.9549999833106995,0.17405150830745697,0.08155256509780884,4.2379865646362305
29,2,remove_20_30,0.9549999833106995,0.16857773065567017,0.0795198455452919,4.231037139892578
29,2,remove_30_40,0.9649999737739563,0.18306991457939148,0.08817863464355469,4.064870834350586
29,2,only_4_8,0.8899999856948853,0.2759034335613251,0.16598796844482422,2.968935012817383
29,2,only_8_13,0.8899999856948853,0.2630600035190582,0.14896853268146515,3.1388072967529297
29,2,only_13_20,0.9549999833106995,0.18309783935546875,0.08664727956056595,3.9915456771850586
29,2,only_20_30,0.9549999833106995,0.19126099348068237,0.0905386283993721,4.063688278198242
29,2,only_30_40,0.949999988079071,0.17235884070396423,0.07927586883306503,4.288842678070068
29,2,smr_only_8_30,0.9599999785423279,0.18032202124595642,0.08292531967163086,4.178183555603027
29,2,non_smr_only_4_8_30_40,0.9449999928474426,0.17605936527252197,0.08693381398916245,4.19277286529541
29,2,beta_only_13_30,0.9599999785423279,0.17664778232574463,0.0803542509675026,4.2099480628967285
29,2,raw_only,0.9049999713897705,0.2512761354446411,0.14246279001235962,3.0185184478759766
29,2,spectral_full,0.9449999928474426,0.26943114399909973,0.09470131248235703,9.387392044067383
3,0,full,0.4699999988079071,0.7403425574302673,0.5436110496520996,-0.001720476197078824
3,0,remove_4_8,0.4650000035762787,0.7393616437911987,0.5427586436271667,-0.0008337736362591386
3,0,remove_8_13,0.4749999940395355,0.7427130341529846,0.5457698106765747,-0.00610489584505558
3,0,remove_13_20,0.4749999940395355,0.7398596405982971,0.5431953072547913,-0.0010629576863721013
3,0,remove_20_30,0.46000000834465027,0.7397453188896179,0.5430653095245361,-0.00041905223042704165
3,0,remove_30_40,0.46000000834465027,0.7398134469985962,0.5430939197540283,-0.000610053539276123
3,0,only_4_8,0.47999998927116394,0.7430230975151062,0.5461225509643555,-0.0068335020914673805
3,0,only_8_13,0.4699999988079071,0.7362916469573975,0.5400403738021851,0.003536620642989874
3,0,only_13_20,0.46000000834465027,0.7414259314537048,0.544634997844696,-0.004491624888032675
3,0,only_20_30,0.4650000035762787,0.7414848208427429,0.5446979403495789,-0.005233510863035917
3,0,only_30_40,0.4650000035762787,0.7415006756782532,0.5447841286659241,-0.005245765671133995
3,0,smr_only_8_30,0.4650000035762787,0.7385725975036621,0.5420121550559998,0.0006230026483535767
3,0,non_smr_only_4_8_30_40,0.4749999940395355,0.7433679699897766,0.5464010238647461,-0.006885109469294548
3,0,beta_only_13_30,0.46000000834465027,0.7415233850479126,0.5447180271148682,-0.004791581071913242
3,0,raw_only,0.44999998807907104,0.7405731081962585,0.5439910292625427,-0.004714655689895153
3,0,spectral_full,0.550000011920929,0.688124418258667,0.4948670268058777,0.029778487980365753
3,1,full,0.8500000238418579,0.31624898314476013,0.1936202049255371,1.8845230340957642
3,1,remove_4_8,0.8849999904632568,0.28001680970191956,0.16235114634037018,1.9811241626739502
3,1,remove_8_13,0.7149999737739563,0.5595027208328247,0.37734395265579224,1.193355679512024
3,1,remove_13_20,0.8600000143051147,0.3025892972946167,0.18244080245494843,1.9104074239730835
3,1,remove_20_30,0.875,0.2863566279411316,0.1682133823633194,1.9894309043884277
3,1,remove_30_40,0.8450000286102295,0.3222264051437378,0.19840356707572937,1.8599122762680054
3,1,only_4_8,0.6600000262260437,0.6591763496398926,0.4473460912704468,0.7342594265937805
3,1,only_8_13,0.9049999713897705,0.24222508072853088,0.13187748193740845,2.116697311401367
3,1,only_13_20,0.7799999713897705,0.44423195719718933,0.28857845067977905,1.3624725341796875
3,1,only_20_30,0.6800000071525574,0.550909161567688,0.3834010362625122,1.0904053449630737
3,1,only_30_40,0.7200000286102295,0.5958932638168335,0.4019731283187866,0.6293385028839111
3,1,smr_only_8_30,0.8799999952316284,0.2863510251045227,0.16748346388339996,1.9516892433166504
3,1,non_smr_only_4_8_30_40,0.6700000166893005,0.6313492059707642,0.427860826253891,0.7406902313232422
3,1,beta_only_13_30,0.7450000047683716,0.5116474032402039,0.3484054505825043,1.2304075956344604
3,1,raw_only,0.7049999833106995,0.5864825248718262,0.39592984318733215,0.6176960468292236
3,1,spectral_full,0.8500000238418579,1.0733453035354614,0.2738398015499115,9.402386665344238
3,2,full,0.949999988079071,0.16400834918022156,0.08585448563098907,3.2143735885620117
3,2,remove_4_8,0.9449999928474426,0.16586072742938995,0.08733632415533066,3.2193169593811035
3,2,remove_8_13,0.9049999713897705,0.25707322359085083,0.1527605801820755,2.1964457035064697
3,2,remove_13_20,0.9449999928474426,0.16535153985023499,0.08733868598937988,3.2362115383148193
3,2,remove_20_30,0.9449999928474426,0.16535188257694244,0.08656368404626846,3.219877004623413
3,2,remove_30_40,0.9549999833106995,0.1647978574037552,0.08594898879528046,3.2198779582977295
3,2,only_4_8,0.699999988079071,0.6226616501808167,0.4125155508518219,0.7713536024093628
3,2,only_8_13,0.9449999928474426,0.16803979873657227,0.08908696472644806,3.2195801734924316
3,2,only_13_20,0.9150000214576721,0.24293938279151917,0.14268259704113007,2.3637845516204834
3,2,only_20_30,0.6349999904632568,0.702416181564331,0.4872826635837555,0.6062742471694946
3,2,only_30_40,0.6949999928474426,0.5940424203872681,0.399850994348526,0.7029737830162048
3,2,smr_only_8_30,0.9449999928474426,0.16684404015541077,0.0876597985625267,3.218928337097168
3,2,non_smr_only_4_8_30_40,0.7049999833106995,0.6162950992584229,0.4084870219230652,0.7666182518005371
3,2,beta_only_13_30,0.9049999713897705,0.24664965271949768,0.14537355303764343,2.328617572784424
3,2,raw_only,0.7149999737739563,0.572725236415863,0.3861192762851715,0.6765041947364807
3,2,spectral_full,0.9300000071525574,0.7808946967124939,0.1339045614004135,17.129358291625977
30,0,full,0.6200000047683716,0.8970269560813904,0.4806710183620453,0.831836462020874
30,0,remove_4_8,0.625,0.896726667881012,0.4806472361087799,0.830949604511261
30,0,remove_8_13,0.6200000047683716,0.8978676795959473,0.4814768135547638,0.8294055461883545
30,0,remove_13_20,0.625,0.899893581867218,0.4831005036830902,0.8266464471817017
30,0,remove_20_30,0.6299999952316284,0.8963406085968018,0.4800168573856354,0.834338903427124
30,0,remove_30_40,0.6299999952316284,0.8963525295257568,0.4801803529262543,0.8331567645072937
30,0,only_4_8,0.625,0.903059720993042,0.4861164093017578,0.8205298781394958
30,0,only_8_13,0.6299999952316284,0.8980128765106201,0.4817053973674774,0.8292462825775146
30,0,only_13_20,0.625,0.8940060138702393,0.47872596979141235,0.8355761170387268
30,0,only_20_30,0.6200000047683716,0.9009895324707031,0.48487213253974915,0.8193644881248474
30,0,only_30_40,0.6200000047683716,0.9005169868469238,0.48423197865486145,0.8219226002693176
30,0,smr_only_8_30,0.6200000047683716,0.8958592414855957,0.4799976348876953,0.8324059247970581
30,0,non_smr_only_4_8_30_40,0.6100000143051147,0.9025008678436279,0.48542320728302,0.8215644955635071
30,0,beta_only_13_30,0.625,0.8963789939880371,0.4806480407714844,0.8301107287406921
30,0,raw_only,0.6200000047683716,0.8979339599609375,0.4841426908969879,0.8186126947402954
30,0,spectral_full,0.6000000238418579,0.7082929015159607,0.5069724917411804,0.12660980224609375
30,1,full,0.6449999809265137,1.8547993898391724,0.5709214210510254,0.8066167235374451
30,1,remove_4_8,0.6650000214576721,1.8585280179977417,0.5718269944190979,0.7877760529518127
30,1,remove_8_13,0.6200000047683716,1.8776733875274658,0.590229332447052,0.7646171450614929
30,1,remove_13_20,0.6549999713897705,1.8648632764816284,0.5756758451461792,0.8042877316474915
30,1,remove_20_30,0.6399999856948853,1.8545112609863281,0.5727693438529968,0.7919125556945801
30,1,remove_30_40,0.6349999904632568,1.8567826747894287,0.5723424553871155,0.800625741481781
30,1,only_4_8,0.625,1.9053584337234497,0.6055769920349121,0.7099584341049194
30,1,only_8_13,0.6549999713897705,1.8615204095840454,0.574699342250824,0.7727292776107788
30,1,only_13_20,0.6449999809265137,1.8748921155929565,0.5887834429740906,0.7241415977478027
30,1,only_20_30,0.6200000047683716,1.9688491821289062,0.6263421177864075,0.6324905753135681
30,1,only_30_40,0.6299999952316284,1.9446971416473389,0.6162169575691223,0.6283086538314819
30,1,smr_only_8_30,0.6600000262260437,1.858225703239441,0.571946918964386,0.7858670949935913
30,1,non_smr_only_4_8_30_40,0.625,1.9027225971221924,0.6038419604301453,0.7193498015403748
30,1,beta_only_13_30,0.6349999904632568,1.88606858253479,0.5929662585258484,0.731386661529541
30,1,raw_only,0.6299999952316284,1.939019799232483,0.6158279180526733,0.5939469337463379
30,1,spectral_full,0.6700000166893005,1.3122248649597168,0.5850504040718079,1.6674482822418213
30,2,full,0.6549999713897705,2.0096399784088135,0.5579824447631836,1.4038996696472168
30,2,remove_4_8,0.6549999713897705,2.013497829437256,0.5594305992126465,1.3830292224884033
30,2,remove_8_13,0.6549999713897705,2.0067596435546875,0.5563346743583679,1.4001230001449585
30,2,remove_13_20,0.6600000262260437,2.0125348567962646,0.5584151744842529,1.4031012058258057
30,2,remove_20_30,0.6549999713897705,2.003786325454712,0.5571375489234924,1.4115813970565796
30,2,remove_30_40,0.6549999713897705,2.010230541229248,0.559459924697876,1.3982330560684204
30,2,only_4_8,0.6549999713897705,2.004441022872925,0.5584487318992615,1.4013861417770386
30,2,only_8_13,0.6700000166893005,2.008707284927368,0.5594221949577332,1.3910224437713623
30,2,only_13_20,0.6449999809265137,2.0018978118896484,0.5590680837631226,1.3658006191253662
30,2,only_20_30,0.6499999761581421,2.0176453590393066,0.5610299110412598,1.3558244705200195
30,2,only_30_40,0.6549999713897705,2.001655340194702,0.5557840466499329,1.370246171951294
30,2,smr_only_8_30,0.6700000166893005,2.0136170387268066,0.5608530044555664,1.378486156463623
30,2,non_smr_only_4_8_30_40,0.6449999809265137,1.9996442794799805,0.5543186664581299,1.409511685371399
30,2,beta_only_13_30,0.6549999713897705,2.011796474456787,0.5601133704185486,1.3621587753295898
30,2,raw_only,0.6449999809265137,2.0013840198516846,0.5608615279197693,1.347640037536621
30,2,spectral_full,0.550000011920929,1.3155548572540283,0.7121701240539551,0.4732884466648102
31,0,full,0.7200000286102295,0.6551836133003235,0.4001912772655487,1.6094125509262085
31,0,remove_4_8,0.7049999833106995,0.6404904127120972,0.39708563685417175,1.4181854724884033
31,0,remove_8_13,0.6949999928474426,0.7058721780776978,0.43158069252967834,1.4844988584518433
31,0,remove_13_20,0.7200000286102295,0.6709292531013489,0.4093334972858429,1.5789433717727661
31,0,remove_20_30,0.7200000286102295,0.6549408435821533,0.400115042924881,1.611610770225525
31,0,remove_30_40,0.7200000286102295,0.6525415778160095,0.39862892031669617,1.6146283149719238
31,0,only_4_8,0.6899999976158142,0.7080023288726807,0.4328722357749939,1.4579204320907593
31,0,only_8_13,0.7149999737739563,0.6552455425262451,0.40481019020080566,1.43302321434021
31,0,only_13_20,0.7099999785423279,0.653603732585907,0.41831961274147034,1.2594687938690186
31,0,only_20_30,0.7099999785423279,0.6279789805412292,0.4048963189125061,1.231990933418274
31,0,only_30_40,0.7149999737739563,0.6315473318099976,0.4061184823513031,1.232364296913147
31,0,smr_only_8_30,0.699999988079071,0.6501284241676331,0.40280166268348694,1.4180667400360107
31,0,non_smr_only_4_8_30_40,0.6850000023841858,0.7170382738113403,0.4370286464691162,1.454548954963684
31,0,beta_only_13_30,0.699999988079071,0.6442533731460571,0.4122491180896759,1.2681649923324585
31,0,raw_only,0.675000011920929,0.6354414224624634,0.4104178547859192,1.2278666496276855
31,0,spectral_full,0.5899999737739563,2.9100515842437744,0.7818694114685059,2.61787748336792
31,1,full,0.7300000190734863,0.7495912313461304,0.4327439069747925,1.5523407459259033
31,1,remove_4_8,0.6850000023841858,0.7442378997802734,0.45028015971183777,1.1404293775558472
31,1,remove_8_13,0.7200000286102295,0.7429981827735901,0.43138590455055237,1.5678706169128418
31,1,remove_13_20,0.7300000190734863,0.7385532855987549,0.4306064546108246,1.589842677116394
31,1,remove_20_30,0.7200000286102295,0.7532010674476624,0.4343065023422241,1.5631206035614014
31,1,remove_30_40,0.7250000238418579,0.7473718523979187,0.43134933710098267,1.5643397569656372
31,1,only_4_8,0.7300000190734863,0.7241702079772949,0.4245484173297882,1.6116222143173218
31,1,only_8_13,0.675000011920929,0.7296230792999268,0.4459162950515747,1.085199236869812
31,1,only_13_20,0.6949999928474426,0.7637231945991516,0.456019788980484,1.0967949628829956
31,1,only_20_30,0.6499999761581421,0.7033791542053223,0.4494503140449524,0.9778795838356018
31,1,only_30_40,0.6549999713897705,0.7193650603294373,0.45753100514411926,0.9539931416511536
31,1,smr_only_8_30,0.675000011920929,0.7435954809188843,0.4494277834892273,1.1508378982543945
31,1,non_smr_only_4_8_30_40,0.7300000190734863,0.731880784034729,0.42797720432281494,1.6145764589309692
31,1,beta_only_13_30,0.6949999928474426,0.7576678395271301,0.45482441782951355,1.0914034843444824
31,1,raw_only,0.6650000214576721,0.7151495218276978,0.4588618576526642,0.9574897885322571
31,1,spectral_full,0.6600000262260437,3.1020028591156006,0.6409617066383362,3.9804229736328125
31,2,full,0.7400000095367432,0.6166055798530579,0.3820548355579376,1.87318754196167
31,2,remove_4_8,0.7400000095367432,0.6068762540817261,0.38707220554351807,1.6428632736206055
31,2,remove_8_13,0.7350000143051147,0.607528567314148,0.37509623169898987,1.8417134284973145
31,2,remove_13_20,0.7400000095367432,0.6191548705101013,0.38243788480758667,1.8774131536483765
31,2,remove_20_30,0.7350000143051147,0.6241213083267212,0.38615402579307556,1.8739023208618164
31,2,remove_30_40,0.7400000095367432,0.6176183819770813,0.3828894793987274,1.873652696609497
31,2,only_4_8,0.7549999952316284,0.6116278767585754,0.37554237246513367,1.8566241264343262
31,2,only_8_13,0.6949999928474426,0.6523895263671875,0.41570672392845154,1.6114604473114014
31,2,only_13_20,0.7400000095367432,0.5971876382827759,0.3740171790122986,1.5539486408233643
31,2,only_20_30,0.7350000143051147,0.5734283924102783,0.3729099631309509,1.4842448234558105
31,2,only_30_40,0.7450000047683716,0.5879914164543152,0.3818003535270691,1.4519909620285034
31,2,smr_only_8_30,0.7250000238418579,0.6124055981636047,0.39093929529190063,1.645534873008728
31,2,non_smr_only_4_8_30_40,0.7450000047683716,0.611680805683136,0.37465301156044006,1.860442042350769
31,2,beta_only_13_30,0.7599999904632568,0.5868115425109863,0.3707936406135559,1.5488389730453491
31,2,raw_only,0.7250000238418579,0.5921058058738708,0.3903878927230835,1.4358923435211182
31,2,spectral_full,0.6899999976158142,1.7870841026306152,0.566166877746582,2.9188361167907715
32,0,full,0.6000000238418579,0.7821743488311768,0.5358988046646118,0.2767997682094574
32,0,remove_4_8,0.6000000238418579,0.7777202129364014,0.5333893299102783,0.2907531261444092
32,0,remove_8_13,0.5450000166893005,0.8174461126327515,0.5665243268013,0.1924133151769638
32,0,remove_13_20,0.6000000238418579,0.7867624163627625,0.5413491129875183,0.2526412308216095
32,0,remove_20_30,0.6050000190734863,0.7843052744865417,0.5349929332733154,0.28387999534606934
32,0,remove_30_40,0.6050000190734863,0.7860894799232483,0.5358346700668335,0.2825320363044739
32,0,only_4_8,0.550000011920929,0.8629229068756104,0.5971628427505493,0.1175558865070343
32,0,only_8_13,0.6299999952316284,0.7981169819831848,0.5422497391700745,0.27701336145401
32,0,only_13_20,0.574999988079071,0.8114887475967407,0.5536606311798096,0.24994075298309326
32,0,only_20_30,0.5099999904632568,0.854421079158783,0.6001624464988708,0.1051412969827652
32,0,only_30_40,0.5099999904632568,0.8543805480003357,0.6003782749176025,0.10588115453720093
32,0,smr_only_8_30,0.625,0.7763546705245972,0.528849720954895,0.30681806802749634
32,0,non_smr_only_4_8_30_40,0.5350000262260437,0.8442956805229187,0.5887559056282043,0.1220608726143837
32,0,beta_only_13_30,0.5600000023841858,0.8102022409439087,0.5591792464256287,0.22832435369491577
32,0,raw_only,0.5400000214576721,0.8677566647529602,0.6028459668159485,0.10722198337316513
32,0,spectral_full,0.7950000166893005,0.4328158497810364,0.2766170799732208,1.5579417943954468
32,1,full,0.75,0.6090878248214722,0.3942725360393524,0.6850894689559937
32,1,remove_4_8,0.7599999904632568,0.58182692527771,0.3773423731327057,0.7256998419761658
32,1,remove_8_13,0.6650000214576721,0.7074027061462402,0.47022709250450134,0.45752882957458496
32,1,remove_13_20,0.7300000190734863,0.6330814957618713,0.4118613004684448,0.6374689936637878
32,1,remove_20_30,0.7400000095367432,0.611000120639801,0.3956491947174072,0.6829542517662048
32,1,remove_30_40,0.7400000095367432,0.6132848262786865,0.397189736366272,0.6805543303489685
32,1,only_4_8,0.5849999785423279,0.791037380695343,0.5305423140525818,0.281182199716568
32,1,only_8_13,0.7450000047683716,0.6146812438964844,0.403726190328598,0.6616127490997314
32,1,only_13_20,0.7099999785423279,0.6436294317245483,0.42591485381126404,0.5698592662811279
32,1,only_20_30,0.6150000095367432,0.7736757397651672,0.5333663821220398,0.2623681426048279
32,1,only_30_40,0.5950000286102295,0.7815655469894409,0.5411393642425537,0.2461770623922348
32,1,smr_only_8_30,0.7649999856948853,0.5842708349227905,0.3785610496997833,0.7245587110519409
32,1,non_smr_only_4_8_30_40,0.5899999737739563,0.7890759110450745,0.5309301614761353,0.278807133436203
32,1,beta_only_13_30,0.6850000023841858,0.6561332941055298,0.4373510479927063,0.5419071316719055
32,1,raw_only,0.5950000286102295,0.7749431729316711,0.5306897163391113,0.24764297902584076
32,1,spectral_full,0.8849999904632568,0.27683916687965393,0.16230705380439758,3.6281392574310303
32,2,full,0.5,0.7071247696876526,0.5136070847511292,-0.011685503646731377
32,2,remove_4_8,0.5,0.7070500254631042,0.5135421752929688,-0.011774314567446709
32,2,remove_8_13,0.5049999952316284,0.7070945501327515,0.5135799646377563,-0.01164647564291954
32,2,remove_13_20,0.5,0.7072688937187195,0.5137467384338379,-0.011895162984728813
32,2,remove_20_30,0.5,0.7071253061294556,0.5136041641235352,-0.011593367904424667
32,2,remove_30_40,0.5,0.7071219682693481,0.513596773147583,-0.011516939848661423
32,2,only_4_8,0.48500001430511475,0.7076573967933655,0.5140986442565918,-0.011716241016983986
32,2,only_8_13,0.5149999856948853,0.7072029709815979,0.5136739015579224,-0.011707114987075329
32,2,only_13_20,0.5049999952316284,0.7068086266517639,0.5133018493652344,-0.011234492063522339
32,2,only_20_30,0.4950000047683716,0.7071807384490967,0.5136731266975403,-0.012034721672534943
32,2,only_30_40,0.5,0.7071744799613953,0.513674259185791,-0.012144558131694794
32,2,smr_only_8_30,0.5049999952316284,0.7070186138153076,0.513505756855011,-0.011618359014391899
32,2,non_smr_only_4_8_30_40,0.4950000047683716,0.70735764503479,0.5138292908668518,-0.011833442375063896
32,2,beta_only_13_30,0.5,0.7069465517997742,0.5134404897689819,-0.011566865257918835
32,2,raw_only,0.5149999856948853,0.70732581615448,0.5138022899627686,-0.011883395723998547
32,2,spectral_full,0.5099999904632568,0.6948601007461548,0.5017016530036926,0.0019802642054855824
33,0,full,0.8550000190734863,0.3546268343925476,0.2095014452934265,3.232403039932251
33,0,remove_4_8,0.8500000238418579,0.383767694234848,0.22440138459205627,3.120314598083496
33,0,remove_8_13,0.7549999952316284,0.6616507172584534,0.3784833252429962,2.2281301021575928
33,0,remove_13_20,0.8450000286102295,0.34381991624832153,0.20566566288471222,3.092665910720825
33,0,remove_20_30,0.875,0.29448938369750977,0.17197997868061066,3.455329656600952
33,0,remove_30_40,0.875,0.29380980134010315,0.1715400516986847,3.4543297290802
33,0,only_4_8,0.6600000262260437,0.7948850989341736,0.46978551149368286,1.2664821147918701
33,0,only_8_13,0.925000011920929,0.22486107051372528,0.12952429056167603,3.5787670612335205
33,0,only_13_20,0.8349999785423279,0.46677061915397644,0.25772029161453247,2.9006667137145996
33,0,only_20_30,0.5950000286102295,1.012887716293335,0.5859560966491699,1.0785346031188965
33,0,only_30_40,0.5849999785423279,1.0343258380889893,0.5958341360092163,1.086443305015564
33,0,smr_only_8_30,0.875,0.3165756165981293,0.1867346316576004,3.379772901535034
33,0,non_smr_only_4_8_30_40,0.625,0.883822500705719,0.5332517027854919,1.263393759727478
33,0,beta_only_13_30,0.7699999809265137,0.6180703639984131,0.3502483367919922,2.476733446121216
33,0,raw_only,0.6600000262260437,0.711057722568512,0.44991788268089294,1.0909706354141235
33,0,spectral_full,0.8849999904632568,1.5832419395446777,0.22360160946846008,15.292738914489746
33,1,full,0.9449999928474426,0.12715637683868408,0.07236165553331375,4.8540120124816895
33,1,remove_4_8,0.949999988079071,0.11559451371431351,0.06487929821014404,4.873846530914307
33,1,remove_8_13,0.925000011920929,0.20662520825862885,0.11294544488191605,4.408731937408447
33,1,remove_13_20,0.925000011920929,0.15993550419807434,0.10005662590265274,4.595020294189453
33,1,remove_20_30,0.9449999928474426,0.12829715013504028,0.0734565407037735,4.806878566741943
33,1,remove_30_40,0.9449999928474426,0.12841811776161194,0.07295050472021103,4.800965785980225
33,1,only_4_8,0.6399999856948853,0.8792270421981812,0.5272535085678101,1.5227234363555908
33,1,only_8_13,0.9350000023841858,0.1535094827413559,0.09479407966136932,4.574565410614014
33,1,only_13_20,0.925000011920929,0.19402754306793213,0.10808762907981873,4.414566516876221
33,1,only_20_30,0.6700000166893005,0.7668297290802002,0.48483535647392273,1.1182273626327515
33,1,only_30_40,0.6850000023841858,0.7527782917022705,0.4757148027420044,1.1847350597381592
33,1,smr_only_8_30,0.949999988079071,0.11802758276462555,0.06666697561740875,4.809978485107422
33,1,non_smr_only_4_8_30_40,0.6549999713897705,0.8378816246986389,0.5151048898696899,1.4397279024124146
33,1,beta_only_13_30,0.925000011920929,0.1921810507774353,0.10597996413707733,4.5287089347839355
33,1,raw_only,0.6700000166893005,0.7295206189155579,0.4642467498779297,1.2068352699279785
33,1,spectral_full,0.9649999737739563,0.4662374258041382,0.06928674876689911,24.643749237060547
33,2,full,0.8600000143051147,0.31777459383010864,0.1984635293483734,2.3125863075256348
33,2,remove_4_8,0.8650000095367432,0.30976346135139465,0.1913774311542511,2.330561876296997
33,2,remove_8_13,0.8199999928474426,0.4362706243991852,0.273179292678833,1.9039071798324585
33,2,remove_13_20,0.8450000286102295,0.34666499495506287,0.21850170195102692,2.1828184127807617
33,2,remove_20_30,0.8700000047683716,0.313395231962204,0.19389766454696655,2.317267656326294
33,2,remove_30_40,0.8600000143051147,0.3144526183605194,0.1953604519367218,2.314720392227173
33,2,only_4_8,0.6899999976158142,0.7361693382263184,0.4662054479122162,0.845652163028717
33,2,only_8_13,0.8550000190734863,0.3531368374824524,0.2193969488143921,2.1384410858154297
33,2,only_13_20,0.8450000286102295,0.37857872247695923,0.23759646713733673,2.046556234359741
33,2,only_20_30,0.6650000214576721,0.7286826968193054,0.4802890717983246,0.7815728187561035
33,2,only_30_40,0.6600000262260437,0.7117636799812317,0.46651405096054077,0.7807399034500122
33,2,smr_only_8_30,0.8700000047683716,0.30897486209869385,0.19013330340385437,2.32365083694458
33,2,non_smr_only_4_8_30_40,0.675000011920929,0.7250068783760071,0.4691271483898163,0.8222576975822449
33,2,beta_only_13_30,0.8299999833106995,0.39904168248176575,0.24876733124256134,2.0138137340545654
33,2,raw_only,0.6600000262260437,0.7232286930084229,0.4608857035636902,0.7827935814857483
33,2,spectral_full,0.9549999833106995,0.35335877537727356,0.0808996930718422,11.717490196228027
34,0,full,0.6100000143051147,0.6418901085853577,0.451761931180954,0.45285850763320923
34,0,remove_4_8,0.5649999976158142,0.6514630317687988,0.4613398611545563,0.4057990610599518
34,0,remove_8_13,0.6000000238418579,0.645068347454071,0.45425355434417725,0.4526117742061615
34,0,remove_13_20,0.6050000190734863,0.6410430669784546,0.4509128928184509,0.46074387431144714
34,0,remove_20_30,0.6150000095367432,0.6400383710861206,0.45005878806114197,0.4554210305213928
34,0,remove_30_40,0.6150000095367432,0.6396632790565491,0.449898898601532,0.457273930311203
34,0,only_4_8,0.6050000190734863,0.6396121978759766,0.4496716558933258,0.4697609841823578
34,0,only_8_13,0.5849999785423279,0.6408002376556396,0.45199230313301086,0.4210217595100403
34,0,only_13_20,0.574999988079071,0.6518703699111938,0.46101653575897217,0.39557307958602905
34,0,only_20_30,0.5600000023841858,0.6613057851791382,0.4696686565876007,0.4062114655971527
34,0,only_30_40,0.5600000023841858,0.6601009964942932,0.46881529688835144,0.4008266031742096
34,0,smr_only_8_30,0.574999988079071,0.6486010551452637,0.45889514684677124,0.408294141292572
34,0,non_smr_only_4_8_30_40,0.6150000095367432,0.6427768468856812,0.45200562477111816,0.46407219767570496
34,0,beta_only_13_30,0.574999988079071,0.6564639806747437,0.46541184186935425,0.3953884541988373
34,0,raw_only,0.5649999976158142,0.6505258679389954,0.4604748487472534,0.4061344563961029
34,0,spectral_full,0.625,0.818073034286499,0.5611563324928284,0.40243521332740784
34,1,full,0.625,0.6652482748031616,0.4678448438644409,0.29961302876472473
34,1,remove_4_8,0.6349999904632568,0.6722198724746704,0.47151947021484375,0.2780233919620514
34,1,remove_8_13,0.625,0.6643649339675903,0.4675711691379547,0.30288568139076233
34,1,remove_13_20,0.6200000047683716,0.6632415652275085,0.46665146946907043,0.30326664447784424
34,1,remove_20_30,0.6399999856948853,0.6627342700958252,0.4660657048225403,0.307542622089386
34,1,remove_30_40,0.6349999904632568,0.6661224961280823,0.46889540553092957,0.30598774552345276
34,1,only_4_8,0.6000000238418579,0.6649519205093384,0.46980181336402893,0.33558979630470276
34,1,only_8_13,0.625,0.6721816062927246,0.4719370901584625,0.28682413697242737
34,1,only_13_20,0.6399999856948853,0.6783096194267273,0.4758783280849457,0.2815479338169098
34,1,only_20_30,0.6299999952316284,0.6768980622291565,0.4760531485080719,0.27112141251564026
34,1,only_30_40,0.625,0.6669270992279053,0.4676303565502167,0.27629369497299194
34,1,smr_only_8_30,0.6349999904632568,0.6754518151283264,0.4741096496582031,0.27919280529022217
34,1,non_smr_only_4_8_30_40,0.6100000143051147,0.6596245765686035,0.46464407444000244,0.3210526704788208
34,1,beta_only_13_30,0.6299999952316284,0.6777403950691223,0.4759831726551056,0.2749454975128174
34,1,raw_only,0.625,0.6781859397888184,0.477199912071228,0.27574673295021057
34,1,spectral_full,0.6200000047683716,0.7332757711410522,0.5079559683799744,0.20287580788135529
34,2,full,0.574999988079071,0.7432138919830322,0.521798849105835,0.3974606692790985
34,2,remove_4_8,0.5799999833106995,0.7420222759246826,0.5206891894340515,0.374629408121109
34,2,remove_8_13,0.5699999928474426,0.7427169680595398,0.5216485857963562,0.3991253674030304
34,2,remove_13_20,0.5699999928474426,0.7427978515625,0.521192193031311,0.40067875385284424
34,2,remove_20_30,0.574999988079071,0.7425866723060608,0.5217481851577759,0.39912307262420654
34,2,remove_30_40,0.574999988079071,0.7403395771980286,0.5198201537132263,0.40261781215667725
34,2,only_4_8,0.5600000023841858,0.7329522967338562,0.5151152610778809,0.41202473640441895
34,2,only_8_13,0.5849999785423279,0.7349904775619507,0.5151717662811279,0.3856546878814697
34,2,only_13_20,0.5699999928474426,0.7381941080093384,0.5198110342025757,0.3698365390300751
34,2,only_20_30,0.5799999833106995,0.7282658219337463,0.5114047527313232,0.3726685643196106
34,2,only_30_40,0.574999988079071,0.7461254596710205,0.5241542458534241,0.3666973412036896
34,2,smr_only_8_30,0.5699999928474426,0.7389968037605286,0.5185019969940186,0.37806397676467896
34,2,non_smr_only_4_8_30_40,0.5699999928474426,0.7408085465431213,0.5204299688339233,0.4048665165901184
34,2,beta_only_13_30,0.574999988079071,0.7356739044189453,0.5170136094093323,0.3722817897796631
34,2,raw_only,0.574999988079071,0.7219679355621338,0.5066864490509033,0.3723548948764801
34,2,spectral_full,0.5149999856948853,0.9448054432868958,0.6633193492889404,0.20881712436676025
35,0,full,0.9150000214576721,0.478933721780777,0.16386006772518158,8.026689529418945
35,0,remove_4_8,0.8949999809265137,0.46178093552589417,0.17294256389141083,7.405796051025391
35,0,remove_8_13,0.9150000214576721,0.48100972175598145,0.16408438980579376,8.010946273803711
35,0,remove_13_20,0.9100000262260437,0.48279762268066406,0.16420835256576538,8.010507583618164
35,0,remove_20_30,0.9150000214576721,0.48092952370643616,0.16402938961982727,8.02293872833252
35,0,remove_30_40,0.9150000214576721,0.47703006863594055,0.16394320130348206,8.037935256958008
35,0,only_4_8,0.9100000262260437,0.4808679223060608,0.1647142916917801,7.978270053863525
35,0,only_8_13,0.8949999809265137,0.4598768353462219,0.17429953813552856,7.429812431335449
35,0,only_13_20,0.8949999809265137,0.45385825634002686,0.17455381155014038,7.374238967895508
35,0,only_20_30,0.8999999761581421,0.4642097055912018,0.17417210340499878,7.351579189300537
35,0,only_30_40,0.8999999761581421,0.48165005445480347,0.173106387257576,7.347489833831787
35,0,smr_only_8_30,0.8949999809265137,0.4526747167110443,0.17372924089431763,7.411379814147949
35,0,non_smr_only_4_8_30_40,0.9100000262260437,0.48575249314308167,0.1645399034023285,7.978590488433838
35,0,beta_only_13_30,0.8999999761581421,0.4539847671985626,0.17381198704242706,7.371627330780029
35,0,raw_only,0.8999999761581421,0.47033172845840454,0.17513293027877808,7.341615200042725
35,0,spectral_full,0.8149999976158142,1.2870320081710815,0.36016586422920227,5.6135334968566895
35,1,full,0.8700000047683716,0.45570001006126404,0.20623520016670227,7.246300220489502
35,1,remove_4_8,0.8600000143051147,0.5442638993263245,0.23532304167747498,6.562793731689453
35,1,remove_8_13,0.8650000095367432,0.4537571370601654,0.20683391392230988,7.248172760009766
35,1,remove_13_20,0.875,0.450286328792572,0.20506761968135834,7.261016845703125
35,1,remove_20_30,0.8700000047683716,0.45288532972335815,0.20570993423461914,7.254208564758301
35,1,remove_30_40,0.875,0.4419231712818146,0.20209862291812897,7.284768104553223
35,1,only_4_8,0.8700000047683716,0.4368913769721985,0.2024293839931488,7.284381866455078
35,1,only_8_13,0.8550000190734863,0.49510398507118225,0.22534729540348053,6.6292500495910645
35,1,only_13_20,0.8550000190734863,0.5350583791732788,0.23535475134849548,6.542722702026367
35,1,only_20_30,0.8550000190734863,0.5209800601005554,0.23347854614257812,6.5028181076049805
35,1,only_30_40,0.8600000143051147,0.5524080395698547,0.23798519372940063,6.519484996795654
35,1,smr_only_8_30,0.8550000190734863,0.5199445486068726,0.23116280138492584,6.586675643920898
35,1,non_smr_only_4_8_30_40,0.875,0.4474351406097412,0.20571143925189972,7.258450984954834
35,1,beta_only_13_30,0.8550000190734863,0.5308845639228821,0.2346891611814499,6.529976844787598
35,1,raw_only,0.8550000190734863,0.5038881301879883,0.23181045055389404,6.505427360534668
35,1,spectral_full,0.8650000095367432,0.8324037194252014,0.25277796387672424,6.207286357879639
35,2,full,0.9150000214576721,0.42896416783332825,0.14486443996429443,7.843591690063477
35,2,remove_4_8,0.9100000262260437,0.40211403369903564,0.14497479796409607,7.151723861694336
35,2,remove_8_13,0.9150000214576721,0.4307335913181305,0.14509758353233337,7.8210129737854
35,2,remove_13_20,0.9150000214576721,0.42934539914131165,0.1451784372329712,7.842301845550537
35,2,remove_20_30,0.9150000214576721,0.430196613073349,0.14526532590389252,7.835128307342529
35,2,remove_30_40,0.9150000214576721,0.4334357976913452,0.14549985527992249,7.833945274353027
35,2,only_4_8,0.9150000214576721,0.43896856904029846,0.14636200666427612,7.782385349273682
35,2,only_8_13,0.9100000262260437,0.4121541976928711,0.14465434849262238,7.257515907287598
35,2,only_13_20,0.9150000214576721,0.4461626708507538,0.15175309777259827,7.085479259490967
35,2,only_20_30,0.9049999713897705,0.43390318751335144,0.15120016038417816,7.025266170501709
35,2,only_30_40,0.9100000262260437,0.40630027651786804,0.14643532037734985,7.0076799392700195
35,2,smr_only_8_30,0.9100000262260437,0.41375187039375305,0.14559154212474823,7.221891403198242
35,2,non_smr_only_4_8_30_40,0.9150000214576721,0.4328401982784271,0.14573150873184204,7.8024396896362305
35,2,beta_only_13_30,0.9100000262260437,0.43521854281425476,0.1507861167192459,7.060220718383789
35,2,raw_only,0.9100000262260437,0.45090582966804504,0.15376776456832886,7.015023231506348
35,2,spectral_full,0.8949999809265137,0.6790823936462402,0.19426128268241882,6.911457061767578
36,0,full,0.9750000238418579,0.061845552176237106,0.03304235637187958,7.097958564758301
36,0,remove_4_8,0.9800000190734863,0.05230707675218582,0.02453804574906826,7.2155585289001465
36,0,remove_8_13,0.9350000023841858,0.18809275329113007,0.10373588651418686,4.9633002281188965
36,0,remove_13_20,0.9750000238418579,0.06366727501153946,0.034426476806402206,7.057037353515625
36,0,remove_20_30,0.9750000238418579,0.0627460926771164,0.03374228999018669,7.064268589019775
36,0,remove_30_40,0.9750000238418579,0.06174490600824356,0.03310636430978775,7.090210437774658
36,0,only_4_8,0.9150000214576721,0.22822076082229614,0.13022607564926147,4.718855381011963
36,0,only_8_13,0.9800000190734863,0.052245549857616425,0.02439245954155922,7.122048854827881
36,0,only_13_20,0.9399999976158142,0.14162398874759674,0.08193925023078918,4.321310043334961
36,0,only_20_30,0.949999988079071,0.1440291553735733,0.07615315169095993,3.949028968811035
36,0,only_30_40,0.9449999928474426,0.14585141837596893,0.0781191885471344,3.995540142059326
36,0,smr_only_8_30,0.9800000190734863,0.05203530937433243,0.024423157796263695,7.211004734039307
36,0,non_smr_only_4_8_30_40,0.9150000214576721,0.2290186733007431,0.1301252543926239,4.720541477203369
36,0,beta_only_13_30,0.9350000023841858,0.13544884324073792,0.07501905411481857,4.229101181030273
36,0,raw_only,0.9549999833106995,0.13528889417648315,0.0725366473197937,4.0700273513793945
36,0,spectral_full,0.9800000190734863,0.25212132930755615,0.03952006250619888,21.796537399291992
36,1,full,0.9850000143051147,0.05667860805988312,0.026476236060261726,7.325873374938965
36,1,remove_4_8,0.9850000143051147,0.059653446078300476,0.0263647623360157,7.333906173706055
36,1,remove_8_13,0.8600000143051147,0.4059526026248932,0.22093738615512848,4.900538444519043
36,1,remove_13_20,0.9850000143051147,0.054671965539455414,0.026877719908952713,7.304488658905029
36,1,remove_20_30,0.9850000143051147,0.05203169211745262,0.02476978860795498,7.310878276824951
36,1,remove_30_40,0.9850000143051147,0.05520888790488243,0.02625128999352455,7.304409027099609
36,1,only_4_8,0.8849999904632568,0.3026646673679352,0.16659128665924072,4.835149765014648
36,1,only_8_13,0.9850000143051147,0.052785515785217285,0.0256606787443161,7.272476673126221
36,1,only_13_20,0.8700000047683716,0.3365027606487274,0.19675511121749878,3.917991876602173
36,1,only_20_30,0.7450000047683716,0.6357049345970154,0.36664536595344543,3.2787227630615234
36,1,only_30_40,0.7950000166893005,0.5373413562774658,0.3099703788757324,3.2029502391815186
36,1,smr_only_8_30,0.9850000143051147,0.058746010065078735,0.026243004947900772,7.323123931884766
36,1,non_smr_only_4_8_30_40,0.875,0.33591601252555847,0.18345873057842255,4.950692176818848
36,1,beta_only_13_30,0.8100000023841858,0.5067129731178284,0.2941184341907501,3.55415678024292
36,1,raw_only,0.8650000095367432,0.28002479672431946,0.16890880465507507,3.156071424484253
36,1,spectral_full,0.9800000190734863,0.3409196734428406,0.03604137524962425,28.4827938079834
36,2,full,0.9800000190734863,0.043141450732946396,0.02896231599152088,7.796389579772949
36,2,remove_4_8,0.9800000190734863,0.036774445325136185,0.023536160588264465,7.839519023895264
36,2,remove_8_13,0.9350000023841858,0.12579481303691864,0.07979632169008255,6.145228862762451
36,2,remove_13_20,0.9750000238418579,0.044210247695446014,0.029789166525006294,7.781363487243652
36,2,remove_20_30,0.9800000190734863,0.04339858889579773,0.0289292074739933,7.760376453399658
36,2,remove_30_40,0.9750000238418579,0.04497933015227318,0.03029615804553032,7.776515960693359
36,2,only_4_8,0.9300000071525574,0.16430167853832245,0.10407518595457077,5.606068134307861
36,2,only_8_13,0.9800000190734863,0.03641669824719429,0.02257142774760723,7.755483627319336
36,2,only_13_20,0.9750000238418579,0.08608692139387131,0.049264341592788696,5.375808238983154
36,2,only_20_30,0.9599999785423279,0.11531700938940048,0.06582307070493698,5.6901397705078125
36,2,only_30_40,0.9599999785423279,0.10693229734897614,0.059302087873220444,4.845625400543213
36,2,smr_only_8_30,0.9800000190734863,0.0378890261054039,0.02449413761496544,7.825162410736084
36,2,non_smr_only_4_8_30_40,0.9350000023841858,0.1539868712425232,0.0964631661772728,5.652627944946289
36,2,beta_only_13_30,0.9649999737739563,0.10391780734062195,0.061298664659261703,5.729999542236328
36,2,raw_only,0.9649999737739563,0.09604328870773315,0.054698504507541656,4.880765438079834
36,2,spectral_full,0.9649999737739563,0.38221901655197144,0.0671931579709053,21.265220642089844
37,0,full,0.9100000262260437,0.26412680745124817,0.1451057344675064,2.975867509841919
37,0,remove_4_8,0.925000011920929,0.2291533499956131,0.12239596247673035,3.054729700088501
37,0,remove_8_13,0.8949999809265137,0.26876452565193176,0.15318377315998077,2.913499116897583
37,0,remove_13_20,0.8550000190734863,0.42185962200164795,0.24383392930030823,2.3690483570098877
37,0,remove_20_30,0.9100000262260437,0.26755034923553467,0.14695078134536743,2.9600863456726074
37,0,remove_30_40,0.9100000262260437,0.2649648189544678,0.1455833613872528,2.9650237560272217
37,0,only_4_8,0.5249999761581421,1.0992730855941772,0.7032209038734436,0.07144079357385635
37,0,only_8_13,0.8849999904632568,0.32496246695518494,0.1827235370874405,2.617112398147583
37,0,only_13_20,0.9300000071525574,0.2066909670829773,0.11329430341720581,3.078735113143921
37,0,only_20_30,0.5350000262260437,0.7993788123130798,0.5758542418479919,0.10467669367790222
37,0,only_30_40,0.5099999904632568,0.8397806286811829,0.6116341948509216,0.058265551924705505
37,0,smr_only_8_30,0.9200000166893005,0.2317626029253006,0.12417010217905045,3.048295021057129
37,0,non_smr_only_4_8_30_40,0.5350000262260437,1.0886871814727783,0.6971012949943542,0.05358804762363434
37,0,beta_only_13_30,0.925000011920929,0.20095185935497284,0.11127492040395737,3.1176552772521973
37,0,raw_only,0.5450000166893005,0.7338865399360657,0.5342203378677368,0.044634293764829636
37,0,spectral_full,0.9150000214576721,1.2216310501098633,0.16824829578399658,20.528663635253906
37,1,full,0.9350000023841858,0.19764335453510284,0.10887953639030457,2.7006897926330566
37,1,remove_4_8,0.9350000023841858,0.18035437166690826,0.09720896929502487,2.7398908138275146
37,1,remove_8_13,0.9150000214576721,0.21678152680397034,0.12075133621692657,2.633559465408325
37,1,remove_13_20,0.8299999833106995,0.36268356442451477,0.2260580211877823,2.101975202560425
37,1,remove_20_30,0.9350000023841858,0.20518335700035095,0.11256018280982971,2.6913201808929443
37,1,remove_30_40,0.9300000071525574,0.1992189735174179,0.11004447191953659,2.691417932510376
37,1,only_4_8,0.5400000214576721,0.7937266826629639,0.55901700258255,0.11494459211826324
37,1,only_8_13,0.824999988079071,0.38674822449684143,0.24243423342704773,2.130824089050293
37,1,only_13_20,0.9200000166893005,0.2093650996685028,0.11695629358291626,2.7023394107818604
37,1,only_20_30,0.6100000143051147,0.705677330493927,0.4965701997280121,0.31580010056495667
37,1,only_30_40,0.47999998927116394,0.7722517251968384,0.5660680532455444,0.00035085558192804456
37,1,smr_only_8_30,0.9350000023841858,0.1815972924232483,0.0983613133430481,2.7303850650787354
37,1,non_smr_only_4_8_30_40,0.5199999809265137,0.8156282305717468,0.5769058465957642,0.07961244136095047
37,1,beta_only_13_30,0.9200000166893005,0.20131616294384003,0.11049952358007431,2.705584764480591
37,1,raw_only,0.5199999809265137,0.7518090605735779,0.5470933318138123,0.04341388866305351
37,1,spectral_full,0.9200000166893005,0.8332234025001526,0.1541815847158432,18.8837947845459
37,2,full,0.8799999952316284,0.3369075357913971,0.19648757576942444,1.8724396228790283
37,2,remove_4_8,0.8949999809265137,0.32598868012428284,0.18924622237682343,1.915010929107666
37,2,remove_8_13,0.8999999761581421,0.3055281341075897,0.17584890127182007,1.8321564197540283
37,2,remove_13_20,0.7649999856948853,0.5619531869888306,0.3651401102542877,1.1835198402404785
37,2,remove_20_30,0.8799999952316284,0.33933138847351074,0.19687332212924957,1.8838844299316406
37,2,remove_30_40,0.875,0.3416050672531128,0.1978892832994461,1.8803590536117554
37,2,only_4_8,0.5049999952316284,0.9228574633598328,0.6515857577323914,-0.023287706077098846
37,2,only_8_13,0.75,0.6100836992263794,0.3910479247570038,1.2534981966018677
37,2,only_13_20,0.9100000262260437,0.273240864276886,0.14958283305168152,2.050213098526001
37,2,only_20_30,0.5799999833106995,0.6817488670349121,0.48993822932243347,0.26062867045402527
37,2,only_30_40,0.5049999952316284,0.7749300599098206,0.5649393796920776,0.015102514997124672
37,2,smr_only_8_30,0.8999999761581421,0.3288118243217468,0.18998020887374878,1.9243443012237549
37,2,non_smr_only_4_8_30_40,0.4950000047683716,0.8824048638343811,0.6245080828666687,-0.003371469909325242
37,2,beta_only_13_30,0.9150000214576721,0.27393242716789246,0.15172530710697174,2.0430963039398193
37,2,raw_only,0.4950000047683716,0.7491825222969055,0.5492940545082092,-0.003719423431903124
37,2,spectral_full,0.8999999761581421,0.9823662042617798,0.19830486178398132,13.340445518493652
38,0,full,0.6899999976158142,0.576080858707428,0.39538174867630005,0.5183724761009216
38,0,remove_4_8,0.6949999928474426,0.5666770339012146,0.38704726099967957,0.5076766014099121
38,0,remove_8_13,0.6949999928474426,0.5790255069732666,0.3967955708503723,0.5212692022323608
38,0,remove_13_20,0.7049999833106995,0.5761123895645142,0.39538833498954773,0.5187989473342896
38,0,remove_20_30,0.6899999976158142,0.5742273926734924,0.3937032222747803,0.5205869078636169
38,0,remove_30_40,0.6899999976158142,0.5762541890144348,0.3956030309200287,0.5169365406036377
38,0,only_4_8,0.7049999833106995,0.5791914463043213,0.3963504731655121,0.5238384008407593
38,0,only_8_13,0.7149999737739563,0.5620412826538086,0.3830989599227905,0.5021781921386719
38,0,only_13_20,0.699999988079071,0.5656596422195435,0.3850359618663788,0.5092564821243286
38,0,only_20_30,0.6949999928474426,0.5752561688423157,0.3934701979160309,0.49232178926467896
38,0,only_30_40,0.6899999976158142,0.5795729756355286,0.3968544006347656,0.5062007308006287
38,0,smr_only_8_30,0.7049999833106995,0.5663326382637024,0.3870071768760681,0.5054601430892944
38,0,non_smr_only_4_8_30_40,0.7149999737739563,0.5801689028739929,0.39730334281921387,0.5262539982795715
38,0,beta_only_13_30,0.699999988079071,0.5685198903083801,0.38739264011383057,0.5036488175392151
38,0,raw_only,0.7149999737739563,0.5606338381767273,0.3795298635959625,0.4977201819419861
38,0,spectral_full,0.5450000166893005,1.1985447406768799,0.7148454785346985,0.1612616777420044
38,1,full,0.5450000166893005,0.6932725310325623,0.499972939491272,0.018235240131616592
38,1,remove_4_8,0.5400000214576721,0.6938992142677307,0.5005822777748108,0.017460722476243973
38,1,remove_8_13,0.5299999713897705,0.6931206583976746,0.4998216927051544,0.018214844167232513
38,1,remove_13_20,0.550000011920929,0.693438708782196,0.5001278519630432,0.018334344029426575
38,1,remove_20_30,0.5450000166893005,0.692694902420044,0.49941298365592957,0.01919744536280632
38,1,remove_30_40,0.5350000262260437,0.6930915117263794,0.4998053312301636,0.01811123453080654
38,1,only_4_8,0.5299999713897705,0.6913245916366577,0.49807995557785034,0.020535655319690704
38,1,only_8_13,0.5450000166893005,0.6937756538391113,0.5004764795303345,0.01798318140208721
38,1,only_13_20,0.5350000262260437,0.6929192543029785,0.4996419847011566,0.01795762963593006
38,1,only_20_30,0.5450000166893005,0.694466769695282,0.5011241436004639,0.016445187851786613
38,1,only_30_40,0.5450000166893005,0.6936517357826233,0.5003260970115662,0.018666235730051994
38,1,smr_only_8_30,0.5450000166893005,0.6939288377761841,0.5006215572357178,0.01699870079755783
38,1,non_smr_only_4_8_30_40,0.5350000262260437,0.6921963691711426,0.4989127814769745,0.020228080451488495
38,1,beta_only_13_30,0.5350000262260437,0.6937912106513977,0.500484049320221,0.016838960349559784
38,1,raw_only,0.5450000166893005,0.6930564641952515,0.49976739287376404,0.018181929364800453
38,1,spectral_full,0.5350000262260437,0.700624406337738,0.5072923898696899,0.0005279636243358254
38,2,full,0.49000000953674316,0.6963651776313782,0.5031847953796387,-0.001261583878658712
38,2,remove_4_8,0.4950000047683716,0.6962844729423523,0.5031046867370605,-0.001095341402105987
38,2,remove_8_13,0.4950000047683716,0.6963703632354736,0.503189742565155,-0.001293234876357019
38,2,remove_13_20,0.49000000953674316,0.6963241696357727,0.5031442046165466,-0.0011831450974568725
38,2,remove_20_30,0.49000000953674316,0.6964163184165955,0.5032355785369873,-0.0013468554243445396
38,2,remove_30_40,0.49000000953674316,0.6964306831359863,0.5032492876052856,-0.0013882912462577224
38,2,only_4_8,0.5,0.6964409351348877,0.5032577514648438,-0.0014446878340095282
38,2,only_8_13,0.49000000953674316,0.696361243724823,0.503180742263794,-0.0011727840173989534
38,2,only_13_20,0.49000000953674316,0.696458637714386,0.5032771229743958,-0.0014405336696654558
38,2,only_20_30,0.5,0.6961576342582703,0.5029779672622681,-0.0008946669986471534
38,2,only_30_40,0.4950000047683716,0.696108877658844,0.5029309988021851,-0.0007504272507503629
38,2,smr_only_8_30,0.49000000953674316,0.6963447332382202,0.5031643509864807,-0.0012108914088457823
38,2,non_smr_only_4_8_30_40,0.49000000953674316,0.6963980793952942,0.503217339515686,-0.0013477595057338476
38,2,beta_only_13_30,0.5,0.6963266730308533,0.5031460523605347,-0.0012061239685863256
38,2,raw_only,0.5,0.6959643363952637,0.5027850866317749,-0.0005079132388345897
38,2,spectral_full,0.47999998927116394,0.6974971890449524,0.5043469071388245,-0.007536047603935003
39,0,full,0.6449999809265137,0.7235572934150696,0.46615684032440186,0.624991774559021
39,0,remove_4_8,0.6549999713897705,0.7079586982727051,0.4557499587535858,0.6435569524765015
39,0,remove_8_13,0.6349999904632568,0.740556538105011,0.4777168035507202,0.6037853360176086
39,0,remove_13_20,0.6299999952316284,0.7420594692230225,0.4794676899909973,0.5840685963630676
39,0,remove_20_30,0.6299999952316284,0.722279965877533,0.46554356813430786,0.6237589716911316
39,0,remove_30_40,0.6349999904632568,0.722805917263031,0.46563461422920227,0.6232245564460754
39,0,only_4_8,0.6150000095367432,0.7694895267486572,0.49763670563697815,0.5354933738708496
39,0,only_8_13,0.625,0.7207469940185547,0.46683692932128906,0.5934010148048401
39,0,only_13_20,0.6700000166893005,0.7101460099220276,0.4570446312427521,0.6407456994056702
39,0,only_20_30,0.6200000047683716,0.7703127264976501,0.5028977990150452,0.5088592767715454
39,0,only_30_40,0.6200000047683716,0.7691617608070374,0.5034201741218567,0.5074155926704407
39,0,smr_only_8_30,0.6549999713897705,0.7062869071960449,0.454412043094635,0.6443879008293152
39,0,non_smr_only_4_8_30_40,0.5849999785423279,0.7729589939117432,0.5004692673683167,0.5356868505477905
39,0,beta_only_13_30,0.6600000262260437,0.7180699706077576,0.4630560576915741,0.6314663887023926
39,0,raw_only,0.6150000095367432,0.7577887177467346,0.49621933698654175,0.5069777965545654
39,0,spectral_full,0.6200000047683716,0.868339478969574,0.5527557730674744,0.9719799757003784
39,1,full,0.6499999761581421,0.7594143152236938,0.48274412751197815,0.9542421698570251
39,1,remove_4_8,0.6399999856948853,0.7579495310783386,0.4861355125904083,0.9331425428390503
39,1,remove_8_13,0.6150000095367432,0.8110460638999939,0.519261360168457,0.8570422530174255
39,1,remove_13_20,0.6549999713897705,0.7658157348632812,0.48232409358024597,0.9363534450531006
39,1,remove_20_30,0.6449999809265137,0.7727662920951843,0.49201175570487976,0.9160308837890625
39,1,remove_30_40,0.6399999856948853,0.7621839642524719,0.48416411876678467,0.9465029835700989
39,1,only_4_8,0.6200000047683716,0.9070172309875488,0.570158064365387,0.6363921761512756
39,1,only_8_13,0.6349999904632568,0.7665346264839172,0.4890536963939667,0.860426664352417
39,1,only_13_20,0.6050000190734863,0.8399122357368469,0.5338969230651855,0.7764176726341248
39,1,only_20_30,0.6150000095367432,0.8222941756248474,0.5317519307136536,0.7677890658378601
39,1,only_30_40,0.574999988079071,0.8462990522384644,0.5573104619979858,0.5796250700950623
39,1,smr_only_8_30,0.6399999856948853,0.7625709772109985,0.48880431056022644,0.9228891730308533
39,1,non_smr_only_4_8_30_40,0.6150000095367432,0.9032396078109741,0.5698935389518738,0.6483684778213501
39,1,beta_only_13_30,0.5950000286102295,0.8472350835800171,0.5416783690452576,0.7641909122467041
39,1,raw_only,0.5849999785423279,0.8480451703071594,0.5600942373275757,0.5447133183479309
39,1,spectral_full,0.7099999785423279,1.1071525812149048,0.46982842683792114,2.9552090167999268
39,2,full,0.5849999785423279,0.9258905649185181,0.5821326971054077,0.7288387417793274
39,2,remove_4_8,0.6050000190734863,0.8982517719268799,0.5699398517608643,0.7158312797546387
39,2,remove_8_13,0.574999988079071,0.9390231966972351,0.5934231877326965,0.7030586004257202
39,2,remove_13_20,0.5849999785423279,0.9251823425292969,0.5814049243927002,0.726813793182373
39,2,remove_20_30,0.5849999785423279,0.9232398867607117,0.5814359784126282,0.7290499210357666
39,2,remove_30_40,0.5849999785423279,0.9219299554824829,0.5805764198303223,0.7300013899803162
39,2,only_4_8,0.5699999928474426,0.9383866786956787,0.594860315322876,0.7010260224342346
39,2,only_8_13,0.6100000143051147,0.8810609579086304,0.5611623525619507,0.7158055901527405
39,2,only_13_20,0.5849999785423279,0.8885180950164795,0.5752803683280945,0.6722822785377502
39,2,only_20_30,0.5849999785423279,0.8991909623146057,0.5798820853233337,0.6446558237075806
39,2,only_30_40,0.5899999737739563,0.9125886559486389,0.5881774425506592,0.6183703541755676
39,2,smr_only_8_30,0.6100000143051147,0.8925666213035583,0.5664020776748657,0.7210031151771545
39,2,non_smr_only_4_8_30_40,0.574999988079071,0.9433135986328125,0.5959937572479248,0.699109673500061
39,2,beta_only_13_30,0.5799999833106995,0.8943965435028076,0.5766715407371521,0.6716504693031311
39,2,raw_only,0.5649999976158142,0.8822421431541443,0.5771746039390564,0.6259185671806335
39,2,spectral_full,0.5699999928474426,1.4469082355499268,0.7109180688858032,0.7836112976074219
4,0,full,0.8149999976158142,0.3640505075454712,0.23552078008651733,3.1325933933258057
4,0,remove_4_8,0.8199999928474426,0.3657475411891937,0.2398606687784195,2.9240243434906006
4,0,remove_8_13,0.8199999928474426,0.3655334413051605,0.2369895577430725,3.090407609939575
4,0,remove_13_20,0.8199999928474426,0.36872145533561707,0.2367345094680786,3.128849744796753
4,0,remove_20_30,0.8149999976158142,0.3695988059043884,0.23820720613002777,3.1279733180999756
4,0,remove_30_40,0.8149999976158142,0.37011298537254333,0.23831632733345032,3.1278388500213623
4,0,only_4_8,0.8149999976158142,0.38554492592811584,0.2459821105003357,3.043020248413086
4,0,only_8_13,0.8050000071525574,0.3941725492477417,0.25431984663009644,2.965592384338379
4,0,only_13_20,0.800000011920929,0.3764587342739105,0.24984842538833618,2.815661668777466
4,0,only_20_30,0.8199999928474426,0.3825850188732147,0.25188151001930237,2.699742078781128
4,0,only_30_40,0.8199999928474426,0.37635883688926697,0.2468525916337967,2.689690351486206
4,0,smr_only_8_30,0.8199999928474426,0.3682611584663391,0.24110275506973267,2.959648370742798
4,0,non_smr_only_4_8_30_40,0.8199999928474426,0.37718871235847473,0.24157007038593292,3.065479040145874
4,0,beta_only_13_30,0.8149999976158142,0.37492141127586365,0.24854543805122375,2.784588575363159
4,0,raw_only,0.7950000166893005,0.41205528378486633,0.26697346568107605,2.6761794090270996
4,0,spectral_full,0.7850000262260437,0.9450178742408752,0.3793145716190338,3.604266405105591
4,1,full,0.8399999737739563,0.3708662688732147,0.2401810884475708,3.165468215942383
4,1,remove_4_8,0.8149999976158142,0.38106104731559753,0.24770309031009674,2.7274038791656494
4,1,remove_8_13,0.8399999737739563,0.3713984787464142,0.2393941432237625,3.1486849784851074
4,1,remove_13_20,0.8299999833106995,0.37740692496299744,0.24256107211112976,3.1634368896484375
4,1,remove_20_30,0.8299999833106995,0.37638041377067566,0.24190004169940948,3.1708860397338867
4,1,remove_30_40,0.8349999785423279,0.37342002987861633,0.24163591861724854,3.176509380340576
4,1,only_4_8,0.8349999785423279,0.3921443223953247,0.2474445402622223,3.0912795066833496
4,1,only_8_13,0.7900000214576721,0.4227239191532135,0.27410706877708435,2.7247049808502197
4,1,only_13_20,0.824999988079071,0.3833489716053009,0.24938619136810303,2.6493494510650635
4,1,only_20_30,0.8149999976158142,0.39148032665252686,0.2508755922317505,2.601240634918213
4,1,only_30_40,0.8199999928474426,0.38342976570129395,0.24552372097969055,2.55448842048645
4,1,smr_only_8_30,0.8149999976158142,0.38306355476379395,0.24982719123363495,2.7501494884490967
4,1,non_smr_only_4_8_30_40,0.8299999833106995,0.3863695561885834,0.24505825340747833,3.1151926517486572
4,1,beta_only_13_30,0.824999988079071,0.3816942274570465,0.24608804285526276,2.6410610675811768
4,1,raw_only,0.8100000023841858,0.4144090712070465,0.26306527853012085,2.5264856815338135
4,1,spectral_full,0.8199999928474426,0.9610726237297058,0.329560250043869,4.857635974884033
4,2,full,0.8199999928474426,0.39520591497421265,0.25692838430404663,2.8163645267486572
4,2,remove_4_8,0.8149999976158142,0.416856586933136,0.2687931954860687,2.6097915172576904
4,2,remove_8_13,0.824999988079071,0.39397716522216797,0.2564302682876587,2.7843236923217773
4,2,remove_13_20,0.824999988079071,0.3963806629180908,0.2568761110305786,2.817507028579712
4,2,remove_20_30,0.824999988079071,0.39270874857902527,0.25521841645240784,2.835418701171875
4,2,remove_30_40,0.824999988079071,0.40046975016593933,0.25818386673927307,2.852138042449951
4,2,only_4_8,0.8100000023841858,0.40838557481765747,0.25959381461143494,2.7999584674835205
4,2,only_8_13,0.7799999713897705,0.4369930028915405,0.2755603790283203,2.675271511077881
4,2,only_13_20,0.8100000023841858,0.42278575897216797,0.2713538706302643,2.5892488956451416
4,2,only_20_30,0.8100000023841858,0.44105270504951477,0.2799403667449951,2.4831342697143555
4,2,only_30_40,0.8050000071525574,0.41386595368385315,0.26807209849357605,2.4552266597747803
4,2,smr_only_8_30,0.800000011920929,0.4281422793865204,0.27307358384132385,2.650545597076416
4,2,non_smr_only_4_8_30_40,0.824999988079071,0.3946361541748047,0.25524410605430603,2.7848522663116455
4,2,beta_only_13_30,0.8100000023841858,0.4291204512119293,0.2744801640510559,2.554555654525757
4,2,raw_only,0.7950000166893005,0.44881144165992737,0.2823260426521301,2.433480739593506
4,2,spectral_full,0.7699999809265137,0.8881332278251648,0.3821886479854584,3.146322250366211
40,0,full,0.6449999809265137,0.6548539996147156,0.4490703344345093,0.7291139960289001
40,0,remove_4_8,0.6399999856948853,0.6362413763999939,0.4417688250541687,0.6744880676269531
40,0,remove_8_13,0.6399999856948853,0.6549559235572815,0.449708491563797,0.7322651147842407
40,0,remove_13_20,0.6600000262260437,0.6584349274635315,0.4511805772781372,0.7129572033882141
40,0,remove_20_30,0.6499999761581421,0.6528213620185852,0.4485977590084076,0.7285282611846924
40,0,remove_30_40,0.6499999761581421,0.6652229428291321,0.457561731338501,0.7109746336936951
40,0,only_4_8,0.6549999713897705,0.6675627827644348,0.45860013365745544,0.6913124322891235
40,0,only_8_13,0.6549999713897705,0.6469106078147888,0.44978103041648865,0.6534643769264221
40,0,only_13_20,0.6700000166893005,0.6162109971046448,0.4255366623401642,0.6654869914054871
40,0,only_20_30,0.6600000262260437,0.6338064670562744,0.43505463004112244,0.5976946353912354
40,0,only_30_40,0.6499999761581421,0.6302387118339539,0.4351433515548706,0.6280550956726074
40,0,smr_only_8_30,0.6549999713897705,0.6415349841117859,0.4465494453907013,0.6715385913848877
40,0,non_smr_only_4_8_30_40,0.6299999952316284,0.6545947194099426,0.4491536021232605,0.7137088179588318
40,0,beta_only_13_30,0.6899999976158142,0.6214038729667664,0.4274889826774597,0.6611666083335876
40,0,raw_only,0.6650000214576721,0.6089164018630981,0.42020753026008606,0.5981772541999817
40,0,spectral_full,0.5649999976158142,2.4069926738739014,0.8124375343322754,0.9741104245185852
40,1,full,0.675000011920929,0.6036227345466614,0.41933199763298035,0.36509639024734497
40,1,remove_4_8,0.6399999856948853,0.6172677874565125,0.4311565160751343,0.3283718526363373
40,1,remove_8_13,0.6399999856948853,0.5992880463600159,0.41527512669563293,0.3753860592842102
40,1,remove_13_20,0.675000011920929,0.6038034558296204,0.4195798933506012,0.36405813694000244
40,1,remove_20_30,0.6700000166893005,0.6032951474189758,0.4189445972442627,0.3656141757965088
40,1,remove_30_40,0.6700000166893005,0.6032794117927551,0.41965076327323914,0.3653176426887512
40,1,only_4_8,0.625,0.5979165434837341,0.4147172272205353,0.37260115146636963
40,1,only_8_13,0.6349999904632568,0.6201397180557251,0.4342721700668335,0.31854960322380066
40,1,only_13_20,0.6349999904632568,0.6150522232055664,0.429749459028244,0.3201604187488556
40,1,only_20_30,0.6150000095367432,0.6175143122673035,0.4317306578159332,0.3260785937309265
40,1,only_30_40,0.6499999761581421,0.6199122071266174,0.4326972961425781,0.324320912361145
40,1,smr_only_8_30,0.6299999952316284,0.6164236664772034,0.4311918020248413,0.32757502794265747
40,1,non_smr_only_4_8_30_40,0.6499999761581421,0.5995833873748779,0.41530418395996094,0.37194105982780457
40,1,beta_only_13_30,0.6349999904632568,0.6145474910736084,0.4292164742946625,0.32945364713668823
40,1,raw_only,0.6449999809265137,0.6156609058380127,0.4298754930496216,0.30845481157302856
40,1,spectral_full,0.6100000143051147,0.8886492848396301,0.58818519115448,0.48057106137275696
40,2,full,0.699999988079071,0.5858986377716064,0.3944202661514282,0.6472345590591431
40,2,remove_4_8,0.7350000143051147,0.5790656805038452,0.3886299431324005,0.6584659814834595
40,2,remove_8_13,0.7049999833106995,0.5854752063751221,0.394631952047348,0.647655725479126
40,2,remove_13_20,0.7099999785423279,0.5968312621116638,0.39970624446868896,0.6366989612579346
40,2,remove_20_30,0.6949999928474426,0.5858502388000488,0.39487189054489136,0.6455259919166565
40,2,remove_30_40,0.6949999928474426,0.5866295695304871,0.39614337682724,0.6442601680755615
40,2,only_4_8,0.6949999928474426,0.5975019335746765,0.40339869260787964,0.6244345307350159
40,2,only_8_13,0.7149999737739563,0.5904289484024048,0.3959966003894806,0.631560206413269
40,2,only_13_20,0.7049999833106995,0.5823947787284851,0.3943292498588562,0.6445158123970032
40,2,only_20_30,0.699999988079071,0.6014464497566223,0.4029086232185364,0.6243499517440796
40,2,only_30_40,0.7149999737739563,0.6030903458595276,0.40297988057136536,0.6346474885940552
40,2,smr_only_8_30,0.699999988079071,0.5787990093231201,0.38979652523994446,0.6542399525642395
40,2,non_smr_only_4_8_30_40,0.7149999737739563,0.5959409475326538,0.3994795083999634,0.6353947520256042
40,2,beta_only_13_30,0.7149999737739563,0.5781516432762146,0.39072731137275696,0.6527000665664673
40,2,raw_only,0.7250000238418579,0.5901159644126892,0.39670848846435547,0.6193833947181702
40,2,spectral_full,0.5199999809265137,1.1386677026748657,0.7285521626472473,0.22874462604522705
41,0,full,0.5950000286102295,0.8901792168617249,0.5854491591453552,0.21678295731544495
41,0,remove_4_8,0.5849999785423279,0.8905588388442993,0.5879137516021729,0.20954008400440216
41,0,remove_8_13,0.6050000190734863,0.8900241255760193,0.5855571627616882,0.21561068296432495
41,0,remove_13_20,0.6050000190734863,0.8893682360649109,0.5846959948539734,0.2154671996831894
41,0,remove_20_30,0.6050000190734863,0.8894622325897217,0.5852012634277344,0.21632826328277588
41,0,remove_30_40,0.6000000238418579,0.8904304504394531,0.5857983827590942,0.21674104034900665
41,0,only_4_8,0.5950000286102295,0.8896549940109253,0.5849224328994751,0.21473580598831177
41,0,only_8_13,0.574999988079071,0.8894084692001343,0.5865630507469177,0.20752784609794617
41,0,only_13_20,0.6050000190734863,0.8871617317199707,0.5873232483863831,0.20445483922958374
41,0,only_20_30,0.574999988079071,0.8828791975975037,0.5832985043525696,0.2086935192346573
41,0,only_30_40,0.574999988079071,0.8782958388328552,0.5802713632583618,0.2051132619380951
41,0,smr_only_8_30,0.5849999785423279,0.8911838531494141,0.5887492895126343,0.20967614650726318
41,0,non_smr_only_4_8_30_40,0.5899999737739563,0.888836681842804,0.5840178728103638,0.21499767899513245
41,0,beta_only_13_30,0.5899999737739563,0.8852977156639099,0.5857917666435242,0.20815680921077728
41,0,raw_only,0.5899999737739563,0.8814369440078735,0.582663893699646,0.20191647112369537
41,0,spectral_full,0.5350000262260437,0.9934365749359131,0.6643893718719482,0.12932321429252625
41,1,full,0.5699999928474426,1.0109190940856934,0.6156618595123291,0.220031276345253
41,1,remove_4_8,0.574999988079071,0.9910191893577576,0.6046485304832458,0.23304767906665802
41,1,remove_8_13,0.5649999976158142,0.9978053569793701,0.608565092086792,0.22496822476387024
41,1,remove_13_20,0.5600000023841858,1.021623969078064,0.622760534286499,0.20438216626644135
41,1,remove_20_30,0.5699999928474426,1.0270243883132935,0.6232007741928101,0.2087244838476181
41,1,remove_30_40,0.5600000023841858,1.0148147344589233,0.6177067756652832,0.21961860358715057
41,1,only_4_8,0.5600000023841858,1.0455783605575562,0.6351041793823242,0.17610237002372742
41,1,only_8_13,0.5699999928474426,1.0442414283752441,0.631882905960083,0.1884920746088028
41,1,only_13_20,0.5849999785423279,0.985964298248291,0.6006229519844055,0.2397581934928894
41,1,only_20_30,0.5600000023841858,0.9707509875297546,0.5965613722801208,0.23567037284374237
41,1,only_30_40,0.5600000023841858,1.0007972717285156,0.6134089827537537,0.19795867800712585
41,1,smr_only_8_30,0.5799999833106995,0.9928768873214722,0.6049410104751587,0.2378387302160263
41,1,non_smr_only_4_8_30_40,0.5550000071525574,1.0358132123947144,0.6298571228981018,0.18496941030025482
41,1,beta_only_13_30,0.5899999737739563,0.9691309332847595,0.5929589867591858,0.25145113468170166
41,1,raw_only,0.5649999976158142,1.0127496719360352,0.6198270320892334,0.1832219511270523
41,1,spectral_full,0.4950000047683716,1.2466955184936523,0.7499936819076538,0.3016233444213867
41,2,full,0.5299999713897705,1.1331629753112793,0.6612247228622437,0.19263562560081482
41,2,remove_4_8,0.5149999856948853,1.137208342552185,0.6665300130844116,0.17005091905593872
41,2,remove_8_13,0.5450000166893005,1.1317059993743896,0.6564785242080688,0.2126292735338211
41,2,remove_13_20,0.5350000262260437,1.1268783807754517,0.6569810509681702,0.19605274498462677
41,2,remove_20_30,0.5350000262260437,1.128441333770752,0.6610799431800842,0.1862928420305252
41,2,remove_30_40,0.5350000262260437,1.1321717500686646,0.6621706485748291,0.18725381791591644
41,2,only_4_8,0.5550000071525574,1.1154309511184692,0.6538218855857849,0.20347779989242554
41,2,only_8_13,0.5149999856948853,1.1210776567459106,0.6658012270927429,0.14049895107746124
41,2,only_13_20,0.5199999809265137,1.124212384223938,0.6667861938476562,0.1707613319158554
41,2,only_20_30,0.5099999904632568,1.1320027112960815,0.6610293388366699,0.18359380960464478
41,2,only_30_40,0.5249999761581421,1.1129800081253052,0.6522118449211121,0.18394824862480164
41,2,smr_only_8_30,0.5199999809265137,1.1370447874069214,0.6695334911346436,0.16219450533390045
41,2,non_smr_only_4_8_30_40,0.550000011920929,1.1145133972167969,0.6490353941917419,0.21618005633354187
41,2,beta_only_13_30,0.5149999856948853,1.133190631866455,0.6641858816146851,0.1886032521724701
41,2,raw_only,0.5450000166893005,1.089564323425293,0.651747465133667,0.1669265329837799
41,2,spectral_full,0.5,1.4330263137817383,0.790871262550354,0.2017803192138672
42,0,full,0.6700000166893005,0.7315085530281067,0.46364712715148926,0.7024301886558533
42,0,remove_4_8,0.6700000166893005,0.7504600286483765,0.47921326756477356,0.6226677894592285
42,0,remove_8_13,0.675000011920929,0.732645571231842,0.4643362760543823,0.7099704742431641
42,0,remove_13_20,0.6949999928474426,0.724311351776123,0.45827043056488037,0.7135989665985107
42,0,remove_20_30,0.6850000023841858,0.7298542857170105,0.4628230035305023,0.7019718885421753
42,0,remove_30_40,0.6800000071525574,0.7280030250549316,0.4615975618362427,0.7044276595115662
42,0,only_4_8,0.7099999785423279,0.717455267906189,0.45499756932258606,0.7188051342964172
42,0,only_8_13,0.6800000071525574,0.7356074452400208,0.47096407413482666,0.6267044544219971
42,0,only_13_20,0.6600000262260437,0.7590551972389221,0.4880262613296509,0.5924326181411743
42,0,only_20_30,0.6899999976158142,0.7438461780548096,0.48039764165878296,0.5955924391746521
42,0,only_30_40,0.6650000214576721,0.7493560314178467,0.48442500829696655,0.5882302522659302
42,0,smr_only_8_30,0.675000011920929,0.7468597888946533,0.4771938621997833,0.6255977749824524
42,0,non_smr_only_4_8_30_40,0.699999988079071,0.7212588787078857,0.4564836919307709,0.7248891592025757
42,0,beta_only_13_30,0.6549999713897705,0.7583696246147156,0.4863792657852173,0.597655713558197
42,0,raw_only,0.675000011920929,0.7369938492774963,0.4789637327194214,0.5828506946563721
42,0,spectral_full,0.6299999952316284,0.9632837772369385,0.5754100680351257,1.0291316509246826
42,1,full,0.6499999761581421,0.6916269659996033,0.46742820739746094,0.46428993344306946
42,1,remove_4_8,0.6549999713897705,0.6871917843818665,0.46630433201789856,0.45426568388938904
42,1,remove_8_13,0.6549999713897705,0.6945827603340149,0.469145268201828,0.4590434730052948
42,1,remove_13_20,0.6549999713897705,0.6933181285858154,0.4675905108451843,0.4664011299610138
42,1,remove_20_30,0.6549999713897705,0.6912534236907959,0.4671005606651306,0.46497008204460144
42,1,remove_30_40,0.6499999761581421,0.6914898157119751,0.46717512607574463,0.4645432233810425
42,1,only_4_8,0.6549999713897705,0.6984440684318542,0.46979227662086487,0.4611305594444275
42,1,only_8_13,0.6600000262260437,0.6852736473083496,0.46406176686286926,0.4584457278251648
42,1,only_13_20,0.6600000262260437,0.6893208026885986,0.46910420060157776,0.43635478615760803
42,1,only_20_30,0.6600000262260437,0.691868007183075,0.46825671195983887,0.4471415579319
42,1,only_30_40,0.6650000214576721,0.6906551122665405,0.46856170892715454,0.439461350440979
42,1,smr_only_8_30,0.6600000262260437,0.687116801738739,0.46619880199432373,0.45404961705207825
42,1,non_smr_only_4_8_30_40,0.6549999713897705,0.698221743106842,0.4699115753173828,0.46133488416671753
42,1,beta_only_13_30,0.6600000262260437,0.690319836139679,0.46900588274002075,0.44351890683174133
42,1,raw_only,0.6600000262260437,0.6901376247406006,0.4677180349826813,0.4359121024608612
42,1,spectral_full,0.550000011920929,0.7446779012680054,0.5361419916152954,0.26471713185310364
42,2,full,0.6549999713897705,0.7585893273353577,0.49020281434059143,0.6027935743331909
42,2,remove_4_8,0.6399999856948853,0.7634124755859375,0.4958620071411133,0.5575308203697205
42,2,remove_8_13,0.6549999713897705,0.7786610126495361,0.5002626776695251,0.5892066955566406
42,2,remove_13_20,0.6499999761581421,0.7531343698501587,0.487509548664093,0.6020764708518982
42,2,remove_20_30,0.6549999713897705,0.7415198683738708,0.4812019467353821,0.6118322014808655
42,2,remove_30_40,0.6650000214576721,0.7473035454750061,0.4836270213127136,0.6129480600357056
42,2,only_4_8,0.6449999809265137,0.7346909046173096,0.47537335753440857,0.6137337684631348
42,2,only_8_13,0.6549999713897705,0.7136232256889343,0.4696947932243347,0.5629626512527466
42,2,only_13_20,0.6499999761581421,0.7570253014564514,0.49392956495285034,0.5317262411117554
42,2,only_20_30,0.6349999904632568,0.77821946144104,0.5039482712745667,0.5369070172309875
42,2,only_30_40,0.6349999904632568,0.7621853351593018,0.4982985258102417,0.5055418610572815
42,2,smr_only_8_30,0.6449999809265137,0.7519983053207397,0.48947378993034363,0.5680925846099854
42,2,non_smr_only_4_8_30_40,0.6449999809265137,0.7524627447128296,0.4851927161216736,0.6035535931587219
42,2,beta_only_13_30,0.6399999856948853,0.7830714583396912,0.5066906213760376,0.5396239757537842
42,2,raw_only,0.6650000214576721,0.7238760590553284,0.4769284129142761,0.5161118507385254
42,2,spectral_full,0.5699999928474426,1.2688006162643433,0.7046135067939758,0.7259828448295593
43,0,full,0.8700000047683716,0.30810898542404175,0.17822551727294922,3.6388139724731445
43,0,remove_4_8,0.8849999904632568,0.2938721179962158,0.16752268373966217,3.6252427101135254
43,0,remove_8_13,0.8849999904632568,0.3124274015426636,0.1769886463880539,3.6322731971740723
43,0,remove_13_20,0.8450000286102295,0.3577262759208679,0.21997539699077606,3.368544101715088
43,0,remove_20_30,0.875,0.30566635727882385,0.17591975629329681,3.6549651622772217
43,0,remove_30_40,0.875,0.3057657480239868,0.1756051480770111,3.6539511680603027
43,0,only_4_8,0.8399999737739563,0.38509711623191833,0.2337329238653183,3.300528049468994
43,0,only_8_13,0.8700000047683716,0.3280313014984131,0.19582252204418182,3.3568613529205322
43,0,only_13_20,0.8999999761581421,0.30297988653182983,0.1658605933189392,3.6142690181732178
43,0,only_20_30,0.8600000143051147,0.3587237596511841,0.21406246721744537,3.1407110691070557
43,0,only_30_40,0.8650000095367432,0.3591570556163788,0.2156372219324112,3.1363162994384766
43,0,smr_only_8_30,0.8899999856948853,0.29241088032722473,0.16553451120853424,3.637366533279419
43,0,non_smr_only_4_8_30_40,0.8500000238418579,0.38270676136016846,0.23262126743793488,3.2924699783325195
43,0,beta_only_13_30,0.8899999856948853,0.2998567819595337,0.16589659452438354,3.628652334213257
43,0,raw_only,0.8500000238418579,0.36814406514167786,0.2153470665216446,3.1184868812561035
43,0,spectral_full,0.75,1.1354525089263916,0.43684500455856323,3.794574499130249
43,1,full,0.8600000143051147,0.3217605650424957,0.20145775377750397,2.994420051574707
43,1,remove_4_8,0.8600000143051147,0.30475616455078125,0.19245536625385284,3.0816705226898193
43,1,remove_8_13,0.8600000143051147,0.321320116519928,0.20139804482460022,2.9708237648010254
43,1,remove_13_20,0.8500000238418579,0.3380351662635803,0.20967184007167816,2.902830123901367
43,1,remove_20_30,0.8600000143051147,0.31604352593421936,0.1988234519958496,3.0511679649353027
43,1,remove_30_40,0.8600000143051147,0.3214403986930847,0.20141054689884186,2.9863176345825195
43,1,only_4_8,0.8600000143051147,0.3420931100845337,0.2126227170228958,2.8675079345703125
43,1,only_8_13,0.8600000143051147,0.31874266266822815,0.19895751774311066,3.0102362632751465
43,1,only_13_20,0.8700000047683716,0.2908681631088257,0.18253660202026367,3.1358120441436768
43,1,only_20_30,0.8600000143051147,0.3308609127998352,0.20591312646865845,2.8569447994232178
43,1,only_30_40,0.8650000095367432,0.33022522926330566,0.2056322693824768,2.830446720123291
43,1,smr_only_8_30,0.8600000143051147,0.30280056595802307,0.19117778539657593,3.0789661407470703
43,1,non_smr_only_4_8_30_40,0.8550000190734863,0.3399762213230133,0.21147426962852478,2.878838300704956
43,1,beta_only_13_30,0.8550000190734863,0.2995951771736145,0.18939681351184845,3.060474157333374
43,1,raw_only,0.8650000095367432,0.33065658807754517,0.20558671653270721,2.814403772354126
43,1,spectral_full,0.5600000023841858,2.0621750354766846,0.7904832363128662,1.3881779909133911
43,2,full,0.8399999737739563,0.40886276960372925,0.248580664396286,3.189703941345215
43,2,remove_4_8,0.8299999833106995,0.3626498281955719,0.22561043500900269,3.3621435165405273
43,2,remove_8_13,0.8299999833106995,0.4136258661746979,0.25048431754112244,3.1405115127563477
43,2,remove_13_20,0.8349999785423279,0.4585663676261902,0.2746773958206177,3.0213229656219482
43,2,remove_20_30,0.8399999737739563,0.41263407468795776,0.252094030380249,3.1674728393554688
43,2,remove_30_40,0.8399999737739563,0.40470582246780396,0.24711982905864716,3.1932713985443115
43,2,only_4_8,0.800000011920929,0.4861866235733032,0.2913111746311188,2.881931781768799
43,2,only_8_13,0.800000011920929,0.4262385666370392,0.26751309633255005,3.165865421295166
43,2,only_13_20,0.8299999833106995,0.3700253665447235,0.22806023061275482,3.2795727252960205
43,2,only_20_30,0.8050000071525574,0.42617514729499817,0.2603209614753723,2.9401040077209473
43,2,only_30_40,0.7950000166893005,0.4611692726612091,0.2838720381259918,2.8247995376586914
43,2,smr_only_8_30,0.8299999833106995,0.3592347800731659,0.22312723100185394,3.3795337677001953
43,2,non_smr_only_4_8_30_40,0.8149999976158142,0.4878561496734619,0.29022523760795593,2.8879151344299316
43,2,beta_only_13_30,0.8349999785423279,0.3591269552707672,0.2194092720746994,3.3052563667297363
43,2,raw_only,0.7900000214576721,0.47071725130081177,0.29081740975379944,2.7849321365356445
43,2,spectral_full,0.6050000190734863,2.8876869678497314,0.7277432084083557,2.6787240505218506
44,0,full,0.9700000286102295,0.11032222956418991,0.05640042945742607,4.817624568939209
44,0,remove_4_8,0.9700000286102295,0.09512607753276825,0.04879573732614517,4.905519485473633
44,0,remove_8_13,0.7549999952316284,0.5984175205230713,0.3589206039905548,2.2822964191436768
44,0,remove_13_20,0.9649999737739563,0.11349575221538544,0.05845676735043526,4.7691755294799805
44,0,remove_20_30,0.9649999737739563,0.11105267703533173,0.05701486021280289,4.780867099761963
44,0,remove_30_40,0.9649999737739563,0.11098111420869827,0.05692971125245094,4.78458309173584
44,0,only_4_8,0.6299999952316284,0.9932351112365723,0.5718086957931519,1.4153759479522705
44,0,only_8_13,0.9700000286102295,0.0969531312584877,0.05102378502488136,4.781264781951904
44,0,only_13_20,0.8899999856948853,0.2928219139575958,0.16765576601028442,3.0013458728790283
44,0,only_20_30,0.7350000143051147,0.5977535843849182,0.39169472455978394,1.410640001296997
44,0,only_30_40,0.7400000095367432,0.6005998253822327,0.3936619162559509,1.3900079727172852
44,0,smr_only_8_30,0.9700000286102295,0.09541263431310654,0.04893852397799492,4.882845401763916
44,0,non_smr_only_4_8_30_40,0.6349999904632568,1.006097435951233,0.5756547451019287,1.4173121452331543
44,0,beta_only_13_30,0.8700000047683716,0.3335057199001312,0.19861280918121338,2.6728267669677734
44,0,raw_only,0.75,0.5875340104103088,0.3846757411956787,1.3896501064300537
44,0,spectral_full,0.9800000190734863,0.3125954568386078,0.04020830988883972,22.983139038085938
44,1,full,0.9700000286102295,0.07819671928882599,0.044127535074949265,5.0169901847839355
44,1,remove_4_8,0.9750000238418579,0.07578465342521667,0.041588544845581055,5.004871845245361
44,1,remove_8_13,0.7149999737739563,0.8227749466896057,0.4527762234210968,2.187213182449341
44,1,remove_13_20,0.9700000286102295,0.07615093886852264,0.04241740703582764,5.026419162750244
44,1,remove_20_30,0.9700000286102295,0.07820935547351837,0.04396459087729454,5.009650707244873
44,1,remove_30_40,0.9700000286102295,0.07828027009963989,0.04419972002506256,5.011812686920166
44,1,only_4_8,0.6399999856948853,1.0306590795516968,0.5507205724716187,1.6600514650344849
44,1,only_8_13,0.9750000238418579,0.07686778903007507,0.041682127863168716,4.9846601486206055
44,1,only_13_20,0.7749999761581421,0.4558493494987488,0.29476863145828247,2.5139684677124023
44,1,only_20_30,0.7250000238418579,0.6237475872039795,0.39587685465812683,1.5671674013137817
44,1,only_30_40,0.7149999737739563,0.6221523284912109,0.39999866485595703,1.4393019676208496
44,1,smr_only_8_30,0.9750000238418579,0.07582153379917145,0.041519008576869965,5.007789611816406
44,1,non_smr_only_4_8_30_40,0.6449999809265137,1.0452880859375,0.5561241507530212,1.652023434638977
44,1,beta_only_13_30,0.7900000214576721,0.45929890871047974,0.2949466109275818,2.3333802223205566
44,1,raw_only,0.7350000143051147,0.598552942276001,0.38421130180358887,1.472135066986084
44,1,spectral_full,0.9800000190734863,0.19152778387069702,0.03172669559717178,24.031579971313477
44,2,full,0.9700000286102295,0.09059000015258789,0.05186187103390694,4.810235500335693
44,2,remove_4_8,0.9649999737739563,0.08721025288105011,0.049765247851610184,4.874838352203369
44,2,remove_8_13,0.7450000047683716,0.5306832194328308,0.34155845642089844,1.9870234727859497
44,2,remove_13_20,0.9649999737739563,0.10428043454885483,0.060134273022413254,4.810347080230713
44,2,remove_20_30,0.9649999737739563,0.09177184849977493,0.05253420025110245,4.769310474395752
44,2,remove_30_40,0.9649999737739563,0.09490682929754257,0.054751038551330566,4.735347747802734
44,2,only_4_8,0.6150000095367432,0.8686265349388123,0.5489285588264465,1.1130427122116089
44,2,only_8_13,0.9649999737739563,0.10787708312273026,0.06183600053191185,4.720462322235107
44,2,only_13_20,0.7850000262260437,0.48925167322158813,0.30704060196876526,2.174849510192871
44,2,only_20_30,0.6650000214576721,0.7491723895072937,0.4637744128704071,1.0068538188934326
44,2,only_30_40,0.7149999737739563,0.6805747151374817,0.43236446380615234,1.1209437847137451
44,2,smr_only_8_30,0.9649999737739563,0.09147057682275772,0.052680257707834244,4.801669597625732
44,2,non_smr_only_4_8_30_40,0.6299999952316284,0.796800971031189,0.5091230273246765,1.1572924852371216
44,2,beta_only_13_30,0.7799999713897705,0.47449809312820435,0.29797080159187317,2.160700559616089
44,2,raw_only,0.7350000143051147,0.6875261664390564,0.4284493923187256,1.073502540588379
44,2,spectral_full,0.9750000238418579,0.22540530562400818,0.051082488149404526,23.784343719482422
45,0,full,0.800000011920929,0.5558609962463379,0.31002286076545715,2.60098934173584
45,0,remove_4_8,0.8149999976158142,0.5328744649887085,0.30670782923698425,2.605926513671875
45,0,remove_8_13,0.6000000238418579,1.0767395496368408,0.5982679128646851,0.6244000196456909
45,0,remove_13_20,0.8050000071525574,0.5380386114120483,0.3001617193222046,2.657808780670166
45,0,remove_20_30,0.8100000023841858,0.5390462279319763,0.30030688643455505,2.675243616104126
45,0,remove_30_40,0.8050000071525574,0.5442510843276978,0.30213019251823425,2.6619784832000732
45,0,only_4_8,0.6100000143051147,1.1117795705795288,0.6029759645462036,0.6489968299865723
45,0,only_8_13,0.8100000023841858,0.46073973178863525,0.2695366144180298,2.796236038208008
45,0,only_13_20,0.5950000286102295,1.022167682647705,0.5968700647354126,0.6339278817176819
45,0,only_20_30,0.574999988079071,1.033020257949829,0.612702488899231,0.6126860976219177
45,0,only_30_40,0.5699999928474426,1.0000327825546265,0.6004111766815186,0.6357435584068298
45,0,smr_only_8_30,0.8149999976158142,0.5122261643409729,0.29485461115837097,2.6834521293640137
45,0,non_smr_only_4_8_30_40,0.6050000190734863,1.109439730644226,0.6025111675262451,0.6395916938781738
45,0,beta_only_13_30,0.5899999737739563,1.0270155668258667,0.6026514768600464,0.6259207725524902
45,0,raw_only,0.6200000047683716,0.9733837842941284,0.5907130241394043,0.6252861618995667
45,0,spectral_full,0.8550000190734863,0.7797333002090454,0.24386820197105408,13.063695907592773
45,1,full,0.824999988079071,0.47052207589149475,0.2658814489841461,2.107654333114624
45,1,remove_4_8,0.8600000143051147,0.39384737610816956,0.2237798273563385,2.2429702281951904
45,1,remove_8_13,0.6349999904632568,0.9466943144798279,0.5526310801506042,0.6807836294174194
45,1,remove_13_20,0.824999988079071,0.4629864990711212,0.26213735342025757,2.13041615486145
45,1,remove_20_30,0.824999988079071,0.4820781648159027,0.2693265974521637,2.09360933303833
45,1,remove_30_40,0.8349999785423279,0.464260458946228,0.2616514265537262,2.135178565979004
45,1,only_4_8,0.6150000095367432,1.0153998136520386,0.5802841186523438,0.5811659097671509
45,1,only_8_13,0.8600000143051147,0.3835715353488922,0.21745437383651733,2.282379388809204
45,1,only_13_20,0.6399999856948853,0.8275363445281982,0.5280042290687561,0.5661123394966125
45,1,only_20_30,0.6700000166893005,0.7642065286636353,0.481820285320282,0.7969032526016235
45,1,only_30_40,0.6000000238418579,0.8337247967720032,0.5423087477684021,0.4988400936126709
45,1,smr_only_8_30,0.8650000095367432,0.3878372609615326,0.21967987716197968,2.27548885345459
45,1,non_smr_only_4_8_30_40,0.625,1.0033297538757324,0.5779192447662354,0.5719077587127686
45,1,beta_only_13_30,0.6700000166893005,0.7756121158599854,0.49009594321250916,0.7400406002998352
45,1,raw_only,0.6349999904632568,0.8146607279777527,0.5183266997337341,0.476110577583313
45,1,spectral_full,0.8600000143051147,1.2533000707626343,0.2618006765842438,11.476694107055664
45,2,full,0.8500000238418579,0.41183707118034363,0.24267815053462982,2.121873617172241
45,2,remove_4_8,0.875,0.3688034415245056,0.22081142663955688,2.173926591873169
45,2,remove_8_13,0.574999988079071,0.9415924549102783,0.5945268869400024,0.4144476056098938
45,2,remove_13_20,0.8399999737739563,0.41748276352882385,0.24767938256263733,2.1016499996185303
45,2,remove_20_30,0.8500000238418579,0.4213954210281372,0.2474176585674286,2.092740535736084
45,2,remove_30_40,0.8500000238418579,0.40859267115592957,0.24084575474262238,2.1399784088134766
45,2,only_4_8,0.5699999928474426,0.9573866128921509,0.6030731797218323,0.3540721535682678
45,2,only_8_13,0.8600000143051147,0.38075706362724304,0.22973594069480896,2.135544776916504
45,2,only_13_20,0.6100000143051147,0.8486303091049194,0.5581002235412598,0.3917299509048462
45,2,only_20_30,0.6700000166893005,0.7368472218513489,0.4857913553714752,0.5620052814483643
45,2,only_30_40,0.5950000286102295,0.8037622570991516,0.5393222570419312,0.3795887231826782
45,2,smr_only_8_30,0.8700000047683716,0.35869038105010986,0.21312706172466278,2.2235307693481445
45,2,non_smr_only_4_8_30_40,0.5699999928474426,0.9538177251815796,0.6018049716949463,0.356818288564682
45,2,beta_only_13_30,0.6399999856948853,0.7830418348312378,0.5130367279052734,0.5272458791732788
45,2,raw_only,0.6299999952316284,0.794086754322052,0.5325353145599365,0.37251701951026917
45,2,spectral_full,0.8650000095367432,1.110559105873108,0.25452160835266113,12.00096321105957
46,0,full,0.6700000166893005,0.5859981775283813,0.3968309164047241,0.7620828747749329
46,0,remove_4_8,0.6549999713897705,0.5897048711776733,0.39920052886009216,0.7376090884208679
46,0,remove_8_13,0.6850000023841858,0.585952639579773,0.3962757885456085,0.7575339674949646
46,0,remove_13_20,0.675000011920929,0.5882666707038879,0.3996793329715729,0.7541560530662537
46,0,remove_20_30,0.6700000166893005,0.5846811532974243,0.39581480622291565,0.7688235640525818
46,0,remove_30_40,0.675000011920929,0.5882372260093689,0.39850538969039917,0.7583011388778687
46,0,only_4_8,0.6549999713897705,0.5892713665962219,0.3999742567539215,0.7636200785636902
46,0,only_8_13,0.6650000214576721,0.5925209522247314,0.402703195810318,0.7331259846687317
46,0,only_13_20,0.6899999976158142,0.5927256345748901,0.4005470275878906,0.7253702282905579
46,0,only_20_30,0.6650000214576721,0.6022890210151672,0.40947821736335754,0.6818494200706482
46,0,only_30_40,0.6549999713897705,0.6014586091041565,0.4093666076660156,0.7093144059181213
46,0,smr_only_8_30,0.6650000214576721,0.5928954482078552,0.4015294313430786,0.7317667603492737
46,0,non_smr_only_4_8_30_40,0.675000011920929,0.5898306965827942,0.40034034848213196,0.7573835849761963
46,0,beta_only_13_30,0.6800000071525574,0.594963550567627,0.40230873227119446,0.7149069309234619
46,0,raw_only,0.6499999761581421,0.6008360385894775,0.40896928310394287,0.6956395506858826
46,0,spectral_full,0.625,0.7576770186424255,0.513063907623291,0.6073896884918213
46,1,full,0.6800000071525574,0.6097957491874695,0.4197094440460205,0.3327104449272156
46,1,remove_4_8,0.6700000166893005,0.6132792234420776,0.4229176640510559,0.3204040825366974
46,1,remove_8_13,0.6650000214576721,0.6102030873298645,0.42026931047439575,0.3315630853176117
46,1,remove_13_20,0.6700000166893005,0.6092474460601807,0.4191127419471741,0.333170622587204
46,1,remove_20_30,0.6800000071525574,0.6088694334030151,0.4187976121902466,0.3348359763622284
46,1,remove_30_40,0.6700000166893005,0.6119020581245422,0.42153608798980713,0.3288680911064148
46,1,only_4_8,0.6700000166893005,0.6102205514907837,0.42003822326660156,0.33383849263191223
46,1,only_8_13,0.675000011920929,0.6146485805511475,0.4236956834793091,0.3167048692703247
46,1,only_13_20,0.6600000262260437,0.6160809993743896,0.42564237117767334,0.3150274455547333
46,1,only_20_30,0.6549999713897705,0.616377055644989,0.4260930120944977,0.3101268410682678
46,1,only_30_40,0.6349999904632568,0.6153465509414673,0.42571133375167847,0.3097041845321655
46,1,smr_only_8_30,0.6700000166893005,0.6160035133361816,0.4253010153770447,0.3159075081348419
46,1,non_smr_only_4_8_30_40,0.6700000166893005,0.6098518967628479,0.41990119218826294,0.33169010281562805
46,1,beta_only_13_30,0.6549999713897705,0.6167847514152527,0.42628324031829834,0.3126261234283447
46,1,raw_only,0.6650000214576721,0.6171689033508301,0.4270070195198059,0.30571219325065613
46,1,spectral_full,0.6449999809265137,0.6470286846160889,0.45306214690208435,0.2632473409175873
46,2,full,0.7450000047683716,0.49377867579460144,0.33208465576171875,0.8540028929710388
46,2,remove_4_8,0.7350000143051147,0.49597302079200745,0.33383387327194214,0.8455679416656494
46,2,remove_8_13,0.7300000190734863,0.4952159523963928,0.3338444232940674,0.8513094186782837
46,2,remove_13_20,0.7300000190734863,0.495827317237854,0.3342263102531433,0.8400492668151855
46,2,remove_20_30,0.75,0.4918060302734375,0.33060547709465027,0.8584864735603333
46,2,remove_30_40,0.7250000238418579,0.49944382905960083,0.336099237203598,0.846466600894928
46,2,only_4_8,0.7400000095367432,0.5025115013122559,0.3396652936935425,0.8406322598457336
46,2,only_8_13,0.7400000095367432,0.4992598295211792,0.33520588278770447,0.8300402760505676
46,2,only_13_20,0.7250000238418579,0.5090380907058716,0.3431527614593506,0.8215835690498352
46,2,only_20_30,0.7200000286102295,0.51140296459198,0.3446562588214874,0.7777870893478394
46,2,only_30_40,0.7300000190734863,0.5000563859939575,0.33844688534736633,0.8157436847686768
46,2,smr_only_8_30,0.7350000143051147,0.5045098066329956,0.3394394814968109,0.8321139812469482
46,2,non_smr_only_4_8_30_40,0.7200000286102295,0.501116156578064,0.33972102403640747,0.8382647037506104
46,2,beta_only_13_30,0.7149999737739563,0.5101809501647949,0.3441629111766815,0.8134961724281311
46,2,raw_only,0.7099999785423279,0.5071329474449158,0.34199845790863037,0.7866421341896057
46,2,spectral_full,0.5849999785423279,0.9771824479103088,0.631747305393219,0.6083083152770996
47,0,full,0.7749999761581421,0.4636595845222473,0.3007589280605316,0.8537280559539795
47,0,remove_4_8,0.7699999809265137,0.4623562693595886,0.29936307668685913,0.8534141778945923
47,0,remove_8_13,0.7799999713897705,0.46313703060150146,0.300314337015152,0.8556772470474243
47,0,remove_13_20,0.7799999713897705,0.4642731547355652,0.3013134300708771,0.8523355722427368
47,0,remove_20_30,0.7749999761581421,0.46375519037246704,0.3008613884449005,0.853768527507782
47,0,remove_30_40,0.7749999761581421,0.4637850522994995,0.3009036183357239,0.8538587689399719
47,0,only_4_8,0.7799999713897705,0.4647122323513031,0.3018624186515808,0.8538878560066223
47,0,only_8_13,0.7699999809265137,0.46283137798309326,0.2998252213001251,0.852670431137085
47,0,only_13_20,0.7799999713897705,0.46100905537605286,0.29808348417282104,0.856967031955719
47,0,only_20_30,0.7850000262260437,0.46142327785491943,0.29816508293151855,0.8542582988739014
47,0,only_30_40,0.7850000262260437,0.4611997604370117,0.29784050583839417,0.8540322184562683
47,0,smr_only_8_30,0.7699999809265137,0.4624854326248169,0.29953378438949585,0.8538243770599365
47,0,non_smr_only_4_8_30_40,0.7799999713897705,0.464562326669693,0.3016999661922455,0.8539680242538452
47,0,beta_only_13_30,0.7799999713897705,0.46089494228363037,0.29792797565460205,0.8565804362297058
47,0,raw_only,0.7850000262260437,0.46161967515945435,0.29838961362838745,0.8541901111602783
47,0,spectral_full,0.4950000047683716,0.7595234513282776,0.558199942111969,-0.004475998692214489
47,1,full,0.7799999713897705,0.4776431918144226,0.30527859926223755,1.1963948011398315
47,1,remove_4_8,0.7699999809265137,0.4938220977783203,0.3184235394001007,1.0861798524856567
47,1,remove_8_13,0.7699999809265137,0.48571521043777466,0.311082661151886,1.200594186782837
47,1,remove_13_20,0.7900000214576721,0.47250896692276,0.3010859191417694,1.206716775894165
47,1,remove_20_30,0.7799999713897705,0.4778764247894287,0.3054749071598053,1.1952540874481201
47,1,remove_30_40,0.7799999713897705,0.47747915983200073,0.3051665425300598,1.1967426538467407
47,1,only_4_8,0.7850000262260437,0.47634413838386536,0.30343297123908997,1.2221479415893555
47,1,only_8_13,0.7749999761581421,0.48767924308776855,0.3143765926361084,1.0871217250823975
47,1,only_13_20,0.7599999904632568,0.512794554233551,0.3306981921195984,1.0668221712112427
47,1,only_20_30,0.7599999904632568,0.493735134601593,0.3167003393173218,1.074337124824524
47,1,only_30_40,0.7599999904632568,0.49627646803855896,0.31835463643074036,1.061701774597168
47,1,smr_only_8_30,0.7599999904632568,0.49362143874168396,0.318378746509552,1.0874134302139282
47,1,non_smr_only_4_8_30_40,0.7799999713897705,0.4762745797634125,0.30333930253982544,1.2244765758514404
47,1,beta_only_13_30,0.7649999856948853,0.5116016864776611,0.329703152179718,1.0676928758621216
47,1,raw_only,0.7599999904632568,0.49483585357666016,0.31738826632499695,1.0646262168884277
47,1,spectral_full,0.699999988079071,0.7862016558647156,0.4721778929233551,1.109498143196106
47,2,full,0.7300000190734863,0.5200518369674683,0.35087671875953674,1.1727811098098755
47,2,remove_4_8,0.7200000286102295,0.5218178629875183,0.35332244634628296,1.1142200231552124
47,2,remove_8_13,0.7200000286102295,0.5233232975006104,0.3539958894252777,1.1856943368911743
47,2,remove_13_20,0.7300000190734863,0.5188472270965576,0.3501802682876587,1.1763561964035034
47,2,remove_20_30,0.7300000190734863,0.519942045211792,0.3506261706352234,1.1764312982559204
47,2,remove_30_40,0.7300000190734863,0.5201507806777954,0.3509350121021271,1.1732511520385742
47,2,only_4_8,0.7250000238418579,0.5210539102554321,0.35246384143829346,1.1944053173065186
47,2,only_8_13,0.7300000190734863,0.5196353793144226,0.35126540064811707,1.1183818578720093
47,2,only_13_20,0.7149999737739563,0.5305250287055969,0.3609584867954254,1.1052778959274292
47,2,only_20_30,0.7149999737739563,0.5282576084136963,0.3600142300128937,1.0957863330841064
47,2,only_30_40,0.7149999737739563,0.5287485718727112,0.35972923040390015,1.104724407196045
47,2,smr_only_8_30,0.7200000286102295,0.521597683429718,0.3530619442462921,1.1140549182891846
47,2,non_smr_only_4_8_30_40,0.7250000238418579,0.5208528637886047,0.35217174887657166,1.1974211931228638
47,2,beta_only_13_30,0.7149999737739563,0.5316339731216431,0.3621782660484314,1.0962514877319336
47,2,raw_only,0.7200000286102295,0.5272692441940308,0.35890480875968933,1.1012091636657715
47,2,spectral_full,0.5799999833106995,0.8272886872291565,0.5605531334877014,0.6031278967857361
48,0,full,0.6700000166893005,1.003260850906372,0.5094930529594421,1.792044997215271
48,0,remove_4_8,0.6650000214576721,0.9347660541534424,0.5095552206039429,1.709403395652771
48,0,remove_8_13,0.6700000166893005,1.0112179517745972,0.5094192028045654,1.7704144716262817
48,0,remove_13_20,0.6700000166893005,1.0058239698410034,0.5096620321273804,1.7909899950027466
48,0,remove_20_30,0.6700000166893005,1.0029165744781494,0.5090159177780151,1.7937688827514648
48,0,remove_30_40,0.6700000166893005,1.0022597312927246,0.5089861154556274,1.7919692993164062
48,0,only_4_8,0.675000011920929,1.0106890201568604,0.5054785013198853,1.7767553329467773
48,0,only_8_13,0.6600000262260437,0.9382220506668091,0.504873514175415,1.708866834640503
48,0,only_13_20,0.6700000166893005,0.9302673935890198,0.5042577981948853,1.6801725625991821
48,0,only_20_30,0.6949999928474426,0.9302155375480652,0.49372050166130066,1.6647286415100098
48,0,only_30_40,0.6850000023841858,0.9281746745109558,0.49701693654060364,1.6595627069473267
48,0,smr_only_8_30,0.6650000214576721,0.93671715259552,0.5094838738441467,1.712763786315918
48,0,non_smr_only_4_8_30_40,0.6700000166893005,1.0137985944747925,0.5072669982910156,1.7754342555999756
48,0,beta_only_13_30,0.6700000166893005,0.9281154870986938,0.5027745962142944,1.681067943572998
48,0,raw_only,0.6899999976158142,0.9266605973243713,0.49159884452819824,1.6668601036071777
48,0,spectral_full,0.5849999785423279,2.4359993934631348,0.7959848642349243,1.044958233833313
48,1,full,0.7149999737739563,0.875138521194458,0.4179143011569977,1.675614833831787
48,1,remove_4_8,0.7049999833106995,0.8494389057159424,0.4266863763332367,1.555503487586975
48,1,remove_8_13,0.7200000286102295,0.882464587688446,0.4179553687572479,1.6730315685272217
48,1,remove_13_20,0.7149999737739563,0.8743578195571899,0.41612908244132996,1.6772799491882324
48,1,remove_20_30,0.7149999737739563,0.8750150799751282,0.41866394877433777,1.6714537143707275
48,1,remove_30_40,0.7149999737739563,0.8747331500053406,0.41785621643066406,1.6752612590789795
48,1,only_4_8,0.7250000238418579,0.8836833834648132,0.41806668043136597,1.668339729309082
48,1,only_8_13,0.7099999785423279,0.8482158184051514,0.42705273628234863,1.5612438917160034
48,1,only_13_20,0.7049999833106995,0.8577427864074707,0.4300323724746704,1.51948881149292
48,1,only_20_30,0.7149999737739563,0.8511388897895813,0.4276202321052551,1.5027600526809692
48,1,only_30_40,0.6949999928474426,0.8502256870269775,0.42825353145599365,1.5015181303024292
48,1,smr_only_8_30,0.7049999833106995,0.8498185873031616,0.42685192823410034,1.5568246841430664
48,1,non_smr_only_4_8_30_40,0.7200000286102295,0.8841502666473389,0.41822493076324463,1.6676032543182373
48,1,beta_only_13_30,0.699999988079071,0.8522158861160278,0.42624667286872864,1.5202172994613647
48,1,raw_only,0.6949999928474426,0.8544894456863403,0.4278017282485962,1.4984585046768188
48,1,spectral_full,0.6150000095367432,1.8135778903961182,0.6964917778968811,1.4835801124572754
48,2,full,0.7149999737739563,0.733105480670929,0.42206886410713196,1.933222770690918
48,2,remove_4_8,0.6899999976158142,0.7086193561553955,0.4241890013217926,1.8219273090362549
48,2,remove_8_13,0.7250000238418579,0.737438440322876,0.4225630462169647,1.933894395828247
48,2,remove_13_20,0.7200000286102295,0.7354840040206909,0.4234379827976227,1.929258108139038
48,2,remove_20_30,0.7149999737739563,0.733242392539978,0.42213183641433716,1.9344117641448975
48,2,remove_30_40,0.7149999737739563,0.7329415678977966,0.42202863097190857,1.9353439807891846
48,2,only_4_8,0.7200000286102295,0.7409726977348328,0.4252752661705017,1.9341925382614136
48,2,only_8_13,0.7149999737739563,0.6998195052146912,0.4207517206668854,1.8264905214309692
48,2,only_13_20,0.6850000023841858,0.7129867672920227,0.42809823155403137,1.8036309480667114
48,2,only_20_30,0.6949999928474426,0.6894973516464233,0.4244838058948517,1.7599717378616333
48,2,only_30_40,0.699999988079071,0.6950441002845764,0.4261021018028259,1.7512387037277222
48,2,smr_only_8_30,0.6949999928474426,0.709256112575531,0.42415133118629456,1.8274896144866943
48,2,non_smr_only_4_8_30_40,0.7200000286102295,0.7418180108070374,0.4254893362522125,1.9313833713531494
48,2,beta_only_13_30,0.6850000023841858,0.7107506394386292,0.4274766445159912,1.8016891479492188
48,2,raw_only,0.699999988079071,0.6928379535675049,0.4244188964366913,1.7720452547073364
48,2,spectral_full,0.6349999904632568,1.6113048791885376,0.6760318875312805,1.3456512689590454
49,0,full,0.699999988079071,0.5505261421203613,0.3728688359260559,0.8448899984359741
49,0,remove_4_8,0.6800000071525574,0.5468997359275818,0.3737732768058777,0.8232356905937195
49,0,remove_8_13,0.7149999737739563,0.5493934154510498,0.37388718128204346,0.8329150676727295
49,0,remove_13_20,0.7200000286102295,0.5461739301681519,0.36848458647727966,0.846092164516449
49,0,remove_20_30,0.7099999785423279,0.5615191459655762,0.38058868050575256,0.8256635069847107
49,0,remove_30_40,0.7099999785423279,0.5645219683647156,0.38270846009254456,0.8224184513092041
49,0,only_4_8,0.7200000286102295,0.5807843804359436,0.39345496892929077,0.7787168025970459
49,0,only_8_13,0.6949999928474426,0.5581929683685303,0.3798547685146332,0.7985373139381409
49,0,only_13_20,0.6700000166893005,0.5621269345283508,0.38574278354644775,0.7844766974449158
49,0,only_20_30,0.6549999713897705,0.5901608467102051,0.40745699405670166,0.7075389623641968
49,0,only_30_40,0.6299999952316284,0.5982276797294617,0.41552188992500305,0.6992719173431396
49,0,smr_only_8_30,0.6949999928474426,0.5534204244613647,0.37762317061424255,0.818813145160675
49,0,non_smr_only_4_8_30_40,0.699999988079071,0.5593292117118835,0.37857136130332947,0.8106942176818848
49,0,beta_only_13_30,0.699999988079071,0.5612402558326721,0.3859281539916992,0.784303605556488
49,0,raw_only,0.6949999928474426,0.5730199217796326,0.39465391635894775,0.6956542134284973
49,0,spectral_full,0.6200000047683716,1.4712642431259155,0.6868830323219299,1.2067968845367432
49,1,full,0.6800000071525574,0.6328663229942322,0.4330540895462036,0.717761218547821
49,1,remove_4_8,0.675000011920929,0.6359449625015259,0.43659210205078125,0.714633584022522
49,1,remove_8_13,0.6650000214576721,0.6440173387527466,0.44158226251602173,0.6850358843803406
49,1,remove_13_20,0.6650000214576721,0.6329784393310547,0.4339975416660309,0.7166906595230103
49,1,remove_20_30,0.6549999713897705,0.6262704133987427,0.42704516649246216,0.7302606701850891
49,1,remove_30_40,0.6700000166893005,0.6324701905250549,0.4328194558620453,0.71567702293396
49,1,only_4_8,0.6549999713897705,0.6390341520309448,0.4385034441947937,0.6743008494377136
49,1,only_8_13,0.6850000023841858,0.6262394189834595,0.4289810061454773,0.729597806930542
49,1,only_13_20,0.6600000262260437,0.636243462562561,0.43500152230262756,0.6908383965492249
49,1,only_20_30,0.6549999713897705,0.6585409045219421,0.4555821120738983,0.6509835124015808
49,1,only_30_40,0.6650000214576721,0.6398476958274841,0.4393986165523529,0.6585093140602112
49,1,smr_only_8_30,0.6650000214576721,0.6351161599159241,0.43589022755622864,0.7137618064880371
49,1,non_smr_only_4_8_30_40,0.6650000214576721,0.6369235515594482,0.4367355704307556,0.6829490065574646
49,1,beta_only_13_30,0.6600000262260437,0.650469183921814,0.4480096399784088,0.6725389361381531
49,1,raw_only,0.6549999713897705,0.6389414072036743,0.4386674463748932,0.6443807482719421
49,1,spectral_full,0.6050000190734863,1.101669430732727,0.6441717743873596,0.617014467716217
49,2,full,0.5849999785423279,0.7005212903022766,0.4998156428337097,0.14986932277679443
49,2,remove_4_8,0.5849999785423279,0.6968811750411987,0.4968426525592804,0.15625141561031342
49,2,remove_8_13,0.574999988079071,0.6985620260238647,0.4976995885372162,0.14881497621536255
49,2,remove_13_20,0.5849999785423279,0.7025678753852844,0.5017541646957397,0.14420507848262787
49,2,remove_20_30,0.5799999833106995,0.7028356194496155,0.5019413232803345,0.14868515729904175
49,2,remove_30_40,0.5799999833106995,0.703690767288208,0.502723753452301,0.14467434585094452
49,2,only_4_8,0.5649999976158142,0.7093946933746338,0.507530927658081,0.1298421174287796
49,2,only_8_13,0.5550000071525574,0.7066043615341187,0.5058163404464722,0.1432388424873352
49,2,only_13_20,0.574999988079071,0.6982413530349731,0.49793097376823425,0.15417958796024323
49,2,only_20_30,0.550000011920929,0.6990363597869873,0.4988715350627899,0.13925382494926453
49,2,only_30_40,0.5649999976158142,0.6933877468109131,0.4939819574356079,0.15574422478675842
49,2,smr_only_8_30,0.5600000023841858,0.7006312608718872,0.5002706050872803,0.15055109560489655
49,2,non_smr_only_4_8_30_40,0.5699999928474426,0.7029171586036682,0.5016195178031921,0.14146026968955994
49,2,beta_only_13_30,0.5849999785423279,0.6962170600891113,0.49610069394111633,0.15180952847003937
49,2,raw_only,0.5649999976158142,0.7008802890777588,0.5009847283363342,0.14149656891822815
49,2,spectral_full,0.5350000262260437,0.7653058767318726,0.5547127723693848,0.07964399456977844
5,0,full,0.7450000047683716,0.6679943799972534,0.40207862854003906,1.32053542137146
5,0,remove_4_8,0.7599999904632568,0.5802986025810242,0.35918915271759033,1.4541192054748535
5,0,remove_8_13,0.625,1.016489863395691,0.591128408908844,0.7108887434005737
5,0,remove_13_20,0.7300000190734863,0.6667739748954773,0.40469253063201904,1.3125072717666626
5,0,remove_20_30,0.7400000095367432,0.6686521768569946,0.4023360311985016,1.3161877393722534
5,0,remove_30_40,0.7450000047683716,0.6688404679298401,0.4026922285556793,1.309770107269287
5,0,only_4_8,0.6050000190734863,1.014380693435669,0.5960723757743835,0.681678831577301
5,0,only_8_13,0.75,0.573383092880249,0.35968711972236633,1.4463614225387573
5,0,only_13_20,0.6349999904632568,0.9140459299087524,0.5493069291114807,0.6534176468849182
5,0,only_20_30,0.6399999856948853,0.854744553565979,0.536548376083374,0.5624772906303406
5,0,only_30_40,0.6399999856948853,0.8801920413970947,0.5480934977531433,0.5733516216278076
5,0,smr_only_8_30,0.7599999904632568,0.5787352323532104,0.3582563102245331,1.45237398147583
5,0,non_smr_only_4_8_30_40,0.6050000190734863,1.022279143333435,0.5988718271255493,0.6852205395698547
5,0,beta_only_13_30,0.625,0.893639087677002,0.5405411720275879,0.6556528210639954
5,0,raw_only,0.6449999809265137,0.858849048614502,0.5403069257736206,0.5621290802955627
5,0,spectral_full,0.8100000023841858,1.3370378017425537,0.3597285747528076,5.809446811676025
5,1,full,0.7900000214576721,0.4942667782306671,0.30453476309776306,2.143399238586426
5,1,remove_4_8,0.8600000143051147,0.3344151973724365,0.20163851976394653,2.493927001953125
5,1,remove_8_13,0.7099999785423279,0.7286586165428162,0.43602463603019714,1.5818792581558228
5,1,remove_13_20,0.7450000047683716,0.585151195526123,0.36230090260505676,1.921675205230713
5,1,remove_20_30,0.7699999809265137,0.5433551073074341,0.328847199678421,2.017850399017334
5,1,remove_30_40,0.7799999713897705,0.5038281083106995,0.31038159132003784,2.1135809421539307
5,1,only_4_8,0.6150000095367432,1.0622121095657349,0.5985820889472961,0.8306252956390381
5,1,only_8_13,0.8199999928474426,0.41015487909317017,0.25456249713897705,2.2171213626861572
5,1,only_13_20,0.6399999856948853,0.9399522542953491,0.5480409264564514,1.0221906900405884
5,1,only_20_30,0.7649999856948853,0.5368453860282898,0.3368346691131592,1.6205145120620728
5,1,only_30_40,0.6100000143051147,0.8771882057189941,0.5444313287734985,0.6106297969818115
5,1,smr_only_8_30,0.8600000143051147,0.33685481548309326,0.20257453620433807,2.4746227264404297
5,1,non_smr_only_4_8_30_40,0.6100000143051147,1.0505874156951904,0.591875433921814,0.8430635333061218
5,1,beta_only_13_30,0.7950000166893005,0.4835267961025238,0.2990541160106659,1.980850100517273
5,1,raw_only,0.6349999904632568,0.8445674180984497,0.5347365736961365,0.5412921905517578
5,1,spectral_full,0.8399999737739563,1.439225673675537,0.3050694465637207,10.78839111328125
5,2,full,0.7200000286102295,0.5750094652175903,0.35651326179504395,1.6126066446304321
5,2,remove_4_8,0.75,0.5619701147079468,0.34181103110313416,1.6561497449874878
5,2,remove_8_13,0.6850000023841858,0.7209116220474243,0.4429093897342682,1.0123881101608276
5,2,remove_13_20,0.7099999785423279,0.6070543527603149,0.37837493419647217,1.5720421075820923
5,2,remove_20_30,0.7300000190734863,0.5848513245582581,0.3619840741157532,1.5848219394683838
5,2,remove_30_40,0.7250000238418579,0.6093800067901611,0.38014304637908936,1.5664951801300049
5,2,only_4_8,0.6050000190734863,0.8238896727561951,0.5207502245903015,0.8064537048339844
5,2,only_8_13,0.7250000238418579,0.6551331281661987,0.40217921137809753,1.4963115453720093
5,2,only_13_20,0.6800000071525574,0.7348019480705261,0.45405644178390503,0.8971761465072632
5,2,only_20_30,0.6949999928474426,0.7145839929580688,0.4354545474052429,0.9871360063552856
5,2,only_30_40,0.6399999856948853,0.8456108570098877,0.5222375988960266,0.682697594165802
5,2,smr_only_8_30,0.75,0.5964632034301758,0.3623962104320526,1.6092572212219238
5,2,non_smr_only_4_8_30_40,0.6200000047683716,0.8212934136390686,0.5146787166595459,0.7979130744934082
5,2,beta_only_13_30,0.7099999785423279,0.6541426181793213,0.3980492055416107,1.0980671644210815
5,2,raw_only,0.5950000286102295,0.8242582678794861,0.5158864259719849,0.6438485980033875
5,2,spectral_full,0.800000011920929,1.3035156726837158,0.35914361476898193,7.063986778259277
50,0,full,0.5299999713897705,0.8721066117286682,0.6057205200195312,0.1750994622707367
50,0,remove_4_8,0.5350000262260437,0.8740635514259338,0.607571542263031,0.18204836547374725
50,0,remove_8_13,0.5199999809265137,0.8767983913421631,0.6127426028251648,0.15289045870304108
50,0,remove_13_20,0.5249999761581421,0.886177659034729,0.6140257120132446,0.16529572010040283
50,0,remove_20_30,0.550000011920929,0.8428366184234619,0.5874705910682678,0.1831596940755844
50,0,remove_30_40,0.5450000166893005,0.8453320860862732,0.5866436958312988,0.1852826327085495
50,0,only_4_8,0.5699999928474426,0.7945641875267029,0.5556557774543762,0.14591050148010254
50,0,only_8_13,0.5550000071525574,0.8093557953834534,0.5630700588226318,0.20841838419437408
50,0,only_13_20,0.5450000166893005,0.7729241251945496,0.5460074543952942,0.1875421553850174
50,0,only_20_30,0.5199999809265137,0.8793623447418213,0.6125929355621338,0.15434427559375763
50,0,only_30_40,0.5249999761581421,0.8645522594451904,0.6055760383605957,0.1510472148656845
50,0,smr_only_8_30,0.5550000071525574,0.852251410484314,0.5920728445053101,0.18997907638549805
50,0,non_smr_only_4_8_30_40,0.5199999809265137,0.8634850978851318,0.6034629344940186,0.1380736529827118
50,0,beta_only_13_30,0.5400000214576721,0.8445520997047424,0.591728925704956,0.17459756135940552
50,0,raw_only,0.5600000023841858,0.7525683045387268,0.5314333438873291,0.16377314925193787
50,0,spectral_full,0.5249999761581421,2.73228120803833,0.9393250942230225,0.08767836540937424
50,1,full,0.5099999904632568,0.9276875257492065,0.6476492881774902,0.07871352881193161
50,1,remove_4_8,0.5049999952316284,0.965989351272583,0.6639611124992371,0.07453090697526932
50,1,remove_8_13,0.5049999952316284,0.9395948648452759,0.6526903510093689,0.07911742478609085
50,1,remove_13_20,0.5099999904632568,0.910970151424408,0.6404101848602295,0.07963010668754578
50,1,remove_20_30,0.5249999761581421,0.938109278678894,0.6554108262062073,0.07341388612985611
50,1,remove_30_40,0.5249999761581421,0.893778920173645,0.6324270367622375,0.07574968039989471
50,1,only_4_8,0.4950000047683716,0.8725860714912415,0.6218683123588562,0.07573078572750092
50,1,only_8_13,0.5149999856948853,0.9226314425468445,0.6506372690200806,0.0470704510807991
50,1,only_13_20,0.5099999904632568,0.985990583896637,0.6810724139213562,0.042563457041978836
50,1,only_20_30,0.5,0.9204667806625366,0.6454190015792847,0.06149441748857498
50,1,only_30_40,0.48500001430511475,1.0183907747268677,0.6927288770675659,0.06465934962034225
50,1,smr_only_8_30,0.5049999952316284,0.9283024668693542,0.6496540307998657,0.0649443045258522
50,1,non_smr_only_4_8_30_40,0.4950000047683716,0.9280182123184204,0.6501813530921936,0.08345673233270645
50,1,beta_only_13_30,0.49000000953674316,0.9427326321601868,0.6564543843269348,0.06024247035384178
50,1,raw_only,0.49000000953674316,0.9287145137786865,0.6566161513328552,0.04142357036471367
50,1,spectral_full,0.5299999713897705,1.549038052558899,0.7789180874824524,0.28263238072395325
50,2,full,0.5400000214576721,0.7178434133529663,0.5210292339324951,0.060587503015995026
50,2,remove_4_8,0.5400000214576721,0.7174732685089111,0.5206515789031982,0.0637078583240509
50,2,remove_8_13,0.5199999809265137,0.7199655175209045,0.5232436060905457,0.06038984656333923
50,2,remove_13_20,0.5249999761581421,0.7175495028495789,0.5206888914108276,0.05993623659014702
50,2,remove_20_30,0.5400000214576721,0.7159318327903748,0.5193634629249573,0.06026280298829079
50,2,remove_30_40,0.5400000214576721,0.7166944742202759,0.519943118095398,0.061311930418014526
50,2,only_4_8,0.5199999809265137,0.7154865860939026,0.519027829170227,0.05752399563789368
50,2,only_8_13,0.5450000166893005,0.7099050879478455,0.513948917388916,0.06825316697359085
50,2,only_13_20,0.5249999761581421,0.7152694463729858,0.5192574858665466,0.06663782894611359
50,2,only_20_30,0.5400000214576721,0.7195370197296143,0.5227911472320557,0.06799988448619843
50,2,only_30_40,0.5049999952316284,0.7176443338394165,0.5217592716217041,0.06328661739826202
50,2,smr_only_8_30,0.5299999713897705,0.7161300778388977,0.5193725824356079,0.06513523310422897
50,2,non_smr_only_4_8_30_40,0.5049999952316284,0.7178176045417786,0.5212618708610535,0.05705083906650543
50,2,beta_only_13_30,0.5299999713897705,0.7189197540283203,0.522273600101471,0.06505919247865677
50,2,raw_only,0.5550000071525574,0.7090795636177063,0.5139878988265991,0.07079622894525528
50,2,spectral_full,0.4749999940395355,0.898874044418335,0.6590259671211243,-0.09641792625188828
51,0,full,0.6349999904632568,0.8686152100563049,0.5253907442092896,0.8760728240013123
51,0,remove_4_8,0.625,0.8578606247901917,0.5200194716453552,0.8450308442115784
51,0,remove_8_13,0.6299999952316284,0.877604067325592,0.5303296446800232,0.8616771101951599
51,0,remove_13_20,0.6349999904632568,0.8758845329284668,0.5260012149810791,0.8661929965019226
51,0,remove_20_30,0.6349999904632568,0.8687574863433838,0.5258718729019165,0.8743751645088196
51,0,remove_30_40,0.6349999904632568,0.8690062165260315,0.5256372690200806,0.8760003447532654
51,0,only_4_8,0.6299999952316284,0.8876479864120483,0.5364518165588379,0.8417154550552368
51,0,only_8_13,0.6299999952316284,0.8737850189208984,0.5209189057350159,0.8204624652862549
51,0,only_13_20,0.6299999952316284,0.8683397769927979,0.5333625078201294,0.8164421916007996
51,0,only_20_30,0.6299999952316284,0.8674358129501343,0.517823338508606,0.8227951526641846
51,0,only_30_40,0.625,0.8613711595535278,0.5178822875022888,0.8169605135917664
51,0,smr_only_8_30,0.6200000047683716,0.8589951992034912,0.5212463140487671,0.8458461761474609
51,0,non_smr_only_4_8_30_40,0.6299999952316284,0.886268138885498,0.5347399115562439,0.848267138004303
51,0,beta_only_13_30,0.6299999952316284,0.8622238039970398,0.5278818011283875,0.8325681090354919
51,0,raw_only,0.625,0.8661697506904602,0.5238078832626343,0.791973352432251
51,0,spectral_full,0.5799999833106995,1.3507598638534546,0.7055237293243408,0.7078745365142822
51,1,full,0.6549999713897705,0.9080909490585327,0.5129313468933105,1.1306031942367554
51,1,remove_4_8,0.6399999856948853,0.9105185866355896,0.5216104984283447,1.0808210372924805
51,1,remove_8_13,0.6449999809265137,0.9210580587387085,0.5211308002471924,1.1051175594329834
51,1,remove_13_20,0.6499999761581421,0.9192518591880798,0.516177773475647,1.136214017868042
51,1,remove_20_30,0.6549999713897705,0.9115909337997437,0.5138413906097412,1.1420081853866577
51,1,remove_30_40,0.6499999761581421,0.906043529510498,0.5114028453826904,1.1267273426055908
51,1,only_4_8,0.6449999809265137,0.9506580829620361,0.5337436199188232,1.0887534618377686
51,1,only_8_13,0.6399999856948853,0.8962270617485046,0.5168885588645935,1.109816312789917
51,1,only_13_20,0.6499999761581421,0.8928413391113281,0.5166455507278442,1.0321787595748901
51,1,only_20_30,0.6299999952316284,0.8932113647460938,0.5129182934761047,1.0519921779632568
51,1,only_30_40,0.6299999952316284,0.8820831179618835,0.512540340423584,1.0867289304733276
51,1,smr_only_8_30,0.6349999904632568,0.9097570776939392,0.5216599106788635,1.0718423128128052
51,1,non_smr_only_4_8_30_40,0.6499999761581421,0.9479305744171143,0.5333127975463867,1.1071099042892456
51,1,beta_only_13_30,0.6299999952316284,0.9028958678245544,0.5173293352127075,1.0230751037597656
51,1,raw_only,0.6349999904632568,0.8805668354034424,0.5181980729103088,1.0170323848724365
51,1,spectral_full,0.5350000262260437,2.2278292179107666,0.8200990557670593,0.8066240549087524
51,2,full,0.6499999761581421,0.9549933075904846,0.5436180830001831,1.0469081401824951
51,2,remove_4_8,0.6399999856948853,0.9199341535568237,0.5399084687232971,0.970731794834137
51,2,remove_8_13,0.6449999809265137,0.9526634216308594,0.5400722026824951,1.0634751319885254
51,2,remove_13_20,0.6399999856948853,0.9664077758789062,0.5491960644721985,1.049546480178833
51,2,remove_20_30,0.6549999713897705,0.9565776586532593,0.544506847858429,1.0447646379470825
51,2,remove_30_40,0.6449999809265137,0.960604190826416,0.5461726188659668,1.0415607690811157
51,2,only_4_8,0.6399999856948853,0.9639346599578857,0.5441796183586121,1.0540624856948853
51,2,only_8_13,0.6299999952316284,0.9430988430976868,0.5464814901351929,0.9318708181381226
51,2,only_13_20,0.6549999713897705,0.8988630771636963,0.5237491726875305,0.9446065425872803
51,2,only_20_30,0.6600000262260437,0.9245060682296753,0.5326927304267883,0.9435473084449768
51,2,only_30_40,0.625,0.9368646144866943,0.5491071939468384,0.9587653279304504
51,2,smr_only_8_30,0.6449999809265137,0.9159114360809326,0.5314686298370361,0.9523328542709351
51,2,non_smr_only_4_8_30_40,0.6299999952316284,0.9645314812660217,0.5455911755561829,1.052445650100708
51,2,beta_only_13_30,0.6499999761581421,0.9043329358100891,0.5251727104187012,0.9600743055343628
51,2,raw_only,0.6499999761581421,0.9060674905776978,0.528794527053833,0.8982947468757629
51,2,spectral_full,0.550000011920929,1.8435523509979248,0.7714110016822815,1.057786464691162
52,0,full,0.6600000262260437,0.6519331336021423,0.44357314705848694,0.6764811873435974
52,0,remove_4_8,0.6800000071525574,0.6444449424743652,0.4364013969898224,0.6652262210845947
52,0,remove_8_13,0.6549999713897705,0.6621314883232117,0.45345357060432434,0.637586772441864
52,0,remove_13_20,0.6549999713897705,0.6596965789794922,0.449634313583374,0.659604012966156
52,0,remove_20_30,0.6499999761581421,0.6535550951957703,0.443928599357605,0.6768147945404053
52,0,remove_30_40,0.6499999761581421,0.6537055373191833,0.4441460371017456,0.676016092300415
52,0,only_4_8,0.6449999809265137,0.680443286895752,0.4653739929199219,0.610755980014801
52,0,only_8_13,0.675000011920929,0.6567866802215576,0.44501468539237976,0.6419945359230042
52,0,only_13_20,0.6650000214576721,0.6505593061447144,0.4420936107635498,0.6246517896652222
52,0,only_20_30,0.6600000262260437,0.6723886132240295,0.4616346061229706,0.5293398499488831
52,0,only_30_40,0.6499999761581421,0.6812311410903931,0.46865707635879517,0.516365647315979
52,0,smr_only_8_30,0.6850000023841858,0.6464301943778992,0.43706104159355164,0.664868175983429
52,0,non_smr_only_4_8_30_40,0.6499999761581421,0.6825882196426392,0.4677742123603821,0.5974879264831543
52,0,beta_only_13_30,0.6650000214576721,0.6472604274749756,0.4407879710197449,0.6233986616134644
52,0,raw_only,0.6549999713897705,0.6746445298194885,0.4625431299209595,0.5146365165710449
52,0,spectral_full,0.6449999809265137,1.1160531044006348,0.5995470881462097,1.319668173789978
52,1,full,0.6299999952316284,0.6247684359550476,0.4397388696670532,0.41684216260910034
52,1,remove_4_8,0.6000000238418579,0.6236405372619629,0.4383659064769745,0.4144088625907898
52,1,remove_8_13,0.6000000238418579,0.6374217867851257,0.45133456587791443,0.39033401012420654
52,1,remove_13_20,0.6299999952316284,0.6290850043296814,0.4439195394515991,0.40777587890625
52,1,remove_20_30,0.6349999904632568,0.6217814087867737,0.4366925060749054,0.42263171076774597
52,1,remove_30_40,0.6399999856948853,0.6246612071990967,0.43959593772888184,0.4164454936981201
52,1,only_4_8,0.625,0.6475363969802856,0.4598926603794098,0.36616450548171997
52,1,only_8_13,0.6399999856948853,0.6274491548538208,0.44141197204589844,0.4057161808013916
52,1,only_13_20,0.6299999952316284,0.6308494806289673,0.4444742202758789,0.3881511986255646
52,1,only_20_30,0.5950000286102295,0.6461609601974487,0.4577616751194,0.3603496849536896
52,1,only_30_40,0.5849999785423279,0.6488494873046875,0.4607350528240204,0.3386809229850769
52,1,smr_only_8_30,0.6000000238418579,0.6231513023376465,0.43784844875335693,0.41532620787620544
52,1,non_smr_only_4_8_30_40,0.6150000095367432,0.6484415531158447,0.4606485068798065,0.36725783348083496
52,1,beta_only_13_30,0.5899999737739563,0.6337339878082275,0.44763827323913574,0.3891086280345917
52,1,raw_only,0.5899999737739563,0.6473165154457092,0.45898592472076416,0.3372710943222046
52,1,spectral_full,0.6299999952316284,0.756502628326416,0.5088138580322266,0.7150751352310181
52,2,full,0.6299999952316284,0.6509897708892822,0.45693647861480713,0.650841236114502
52,2,remove_4_8,0.6399999856948853,0.6377050280570984,0.44703441858291626,0.6302915811538696
52,2,remove_8_13,0.6299999952316284,0.6542665362358093,0.45694124698638916,0.6325363516807556
52,2,remove_13_20,0.625,0.6634393334388733,0.46811413764953613,0.6306452751159668
52,2,remove_20_30,0.6200000047683716,0.6641233563423157,0.46798697113990784,0.6363784074783325
52,2,remove_30_40,0.6299999952316284,0.6476641893386841,0.4544076919555664,0.6538134217262268
52,2,only_4_8,0.5899999737739563,0.6960999965667725,0.4931344985961914,0.57513827085495
52,2,only_8_13,0.6200000047683716,0.6651475429534912,0.472812294960022,0.5814675092697144
52,2,only_13_20,0.6600000262260437,0.6414920091629028,0.44514456391334534,0.6053986549377441
52,2,only_20_30,0.6399999856948853,0.6371286511421204,0.4416562020778656,0.5605334639549255
52,2,only_30_40,0.5899999737739563,0.681670069694519,0.48412156105041504,0.4893338084220886
52,2,smr_only_8_30,0.6449999809265137,0.6342772245407104,0.4444020092487335,0.6346839666366577
52,2,non_smr_only_4_8_30_40,0.6100000143051147,0.7004203796386719,0.49729815125465393,0.569283127784729
52,2,beta_only_13_30,0.6499999761581421,0.6328176259994507,0.4372037947177887,0.6043758988380432
52,2,raw_only,0.6349999904632568,0.6589598655700684,0.4640447497367859,0.48994022607803345
52,2,spectral_full,0.6050000190734863,1.4119110107421875,0.6703221201896667,1.2174738645553589
53,0,full,0.6100000143051147,0.8588808178901672,0.5454788208007812,0.5334668755531311
53,0,remove_4_8,0.6100000143051147,0.8448014259338379,0.5409223437309265,0.5157001614570618
53,0,remove_8_13,0.625,0.8591436147689819,0.5424843430519104,0.5318828821182251
53,0,remove_13_20,0.6150000095367432,0.8585957288742065,0.545113205909729,0.5319270491600037
53,0,remove_20_30,0.6150000095367432,0.8592125177383423,0.5460755825042725,0.5335757732391357
53,0,remove_30_40,0.6150000095367432,0.8649370074272156,0.5482308268547058,0.5348661541938782
53,0,only_4_8,0.6200000047683716,0.8726699352264404,0.5503422617912292,0.528521716594696
53,0,only_8_13,0.6150000095367432,0.8549652695655823,0.5475201606750488,0.5145516991615295
53,0,only_13_20,0.6100000143051147,0.8470185995101929,0.5372411608695984,0.507072925567627
53,0,only_20_30,0.6299999952316284,0.8337135910987854,0.5285553932189941,0.5366589426994324
53,0,only_30_40,0.6150000095367432,0.8448699116706848,0.5375244617462158,0.5141347050666809
53,0,smr_only_8_30,0.6050000190734863,0.8511497974395752,0.5440595149993896,0.5240762829780579
53,0,non_smr_only_4_8_30_40,0.625,0.861227810382843,0.5448676943778992,0.5342813730239868
53,0,beta_only_13_30,0.625,0.8412851095199585,0.5329759120941162,0.5189811587333679
53,0,raw_only,0.6050000190734863,0.8377273678779602,0.5361994504928589,0.509531557559967
53,0,spectral_full,0.5350000262260437,1.6618871688842773,0.806027352809906,0.18218129873275757
53,1,full,0.5450000166893005,0.7193936705589294,0.5208967328071594,0.0808878168463707
53,1,remove_4_8,0.5400000214576721,0.7181127667427063,0.5200422406196594,0.07913115620613098
53,1,remove_8_13,0.5199999809265137,0.7241069078445435,0.5253450870513916,0.07455655932426453
53,1,remove_13_20,0.5400000214576721,0.7165475487709045,0.5182588696479797,0.08316598832607269
53,1,remove_20_30,0.550000011920929,0.7195371389389038,0.5208240747451782,0.08071496337652206
53,1,remove_30_40,0.5350000262260437,0.7216501832008362,0.5228269696235657,0.07985381036996841
53,1,only_4_8,0.5299999713897705,0.7243978381156921,0.5250163078308105,0.07608482241630554
53,1,only_8_13,0.5350000262260437,0.7163276672363281,0.5181139707565308,0.08114912360906601
53,1,only_13_20,0.5,0.7296884059906006,0.5303418040275574,0.06737381964921951
53,1,only_20_30,0.5049999952316284,0.7228515148162842,0.5247849225997925,0.0724433958530426
53,1,only_30_40,0.5299999713897705,0.7173676490783691,0.5199503302574158,0.07141847908496857
53,1,smr_only_8_30,0.5450000166893005,0.7206325531005859,0.522213876247406,0.07810794562101364
53,1,non_smr_only_4_8_30_40,0.5249999761581421,0.721077561378479,0.5222975015640259,0.07679472118616104
53,1,beta_only_13_30,0.5099999904632568,0.7271493673324585,0.5283826589584351,0.0693020224571228
53,1,raw_only,0.5049999952316284,0.723853349685669,0.5255084037780762,0.06863709539175034
53,1,spectral_full,0.5950000286102295,0.7294211387634277,0.5264398455619812,0.11621489375829697
53,2,full,0.5099999904632568,0.6914013624191284,0.498257040977478,0.011163980700075626
53,2,remove_4_8,0.5099999904632568,0.691448986530304,0.49830514192581177,0.011027531698346138
53,2,remove_8_13,0.5149999856948853,0.6916667222976685,0.49851980805397034,0.010590055957436562
53,2,remove_13_20,0.5049999952316284,0.6914246082305908,0.49828052520751953,0.011169430799782276
53,2,remove_20_30,0.5099999904632568,0.6913115978240967,0.49816688895225525,0.011380951851606369
53,2,remove_30_40,0.5049999952316284,0.6912798285484314,0.4981355369091034,0.011407642625272274
53,2,only_4_8,0.5199999809265137,0.6919276714324951,0.4987744390964508,0.010146388784050941
53,2,only_8_13,0.5049999952316284,0.6911178827285767,0.4979758858680725,0.011790373362600803
53,2,only_13_20,0.5149999856948853,0.6915194988250732,0.4983731210231781,0.010815194807946682
53,2,only_20_30,0.5099999904632568,0.6919147372245789,0.4987678527832031,0.010015399195253849
53,2,only_30_40,0.5099999904632568,0.6918935179710388,0.49874600768089294,0.010160231962800026
53,2,smr_only_8_30,0.5099999904632568,0.6912958025932312,0.4981529116630554,0.01131987851113081
53,2,non_smr_only_4_8_30_40,0.5099999904632568,0.6918321251869202,0.49868232011795044,0.010362107306718826
53,2,beta_only_13_30,0.5199999809265137,0.6916557550430298,0.4985097050666809,0.01052897423505783
53,2,raw_only,0.5199999809265137,0.6919844746589661,0.4988340139389038,0.009888548403978348
53,2,spectral_full,0.574999988079071,0.6873951554298401,0.4942547678947449,0.012765830382704735
54,0,full,0.5550000071525574,1.0069477558135986,0.624045729637146,0.0450064092874527
54,0,remove_4_8,0.5350000262260437,1.0063823461532593,0.6257469654083252,0.02198333665728569
54,0,remove_8_13,0.550000011920929,1.0088553428649902,0.6256141662597656,0.04018537700176239
54,0,remove_13_20,0.550000011920929,1.0126034021377563,0.6274616718292236,0.0420081727206707
54,0,remove_20_30,0.550000011920929,1.002152681350708,0.6208774447441101,0.05155624449253082
54,0,remove_30_40,0.550000011920929,1.0083813667297363,0.625161349773407,0.044347189366817474
54,0,only_4_8,0.5550000071525574,1.016606330871582,0.6298633217811584,0.036923713982105255
54,0,only_8_13,0.5199999809265137,0.9964166283607483,0.6206981539726257,0.028106899932026863
54,0,only_13_20,0.5299999713897705,0.9966967701911926,0.6221575736999512,0.013800220564007759
54,0,only_20_30,0.5299999713897705,1.0143320560455322,0.6302809715270996,0.009771880693733692
54,0,only_30_40,0.5350000262260437,1.0091547966003418,0.6303783655166626,0.007185230031609535
54,0,smr_only_8_30,0.5249999761581421,1.003523588180542,0.6238669753074646,0.02537214197218418
54,0,non_smr_only_4_8_30_40,0.550000011920929,1.0126217603683472,0.6271266341209412,0.041411589831113815
54,0,beta_only_13_30,0.5450000166893005,1.0050218105316162,0.6260029077529907,0.014043312519788742
54,0,raw_only,0.5299999713897705,0.9933580756187439,0.6240661144256592,0.00809047743678093
54,0,spectral_full,0.5450000166893005,1.1364080905914307,0.6918989419937134,0.29445797204971313
54,1,full,0.5649999976158142,0.7728301286697388,0.5404108166694641,0.16843609511852264
54,1,remove_4_8,0.5849999785423279,0.7534947991371155,0.5270718336105347,0.16158609092235565
54,1,remove_8_13,0.5600000023841858,0.7704800367355347,0.538486897945404,0.1713758111000061
54,1,remove_13_20,0.5649999976158142,0.7734348177909851,0.5402132272720337,0.17522765696048737
54,1,remove_20_30,0.5649999976158142,0.7816054821014404,0.5461280941963196,0.16135254502296448
54,1,remove_30_40,0.5649999976158142,0.7753798961639404,0.5431211590766907,0.16801849007606506
54,1,only_4_8,0.5649999976158142,0.7912047505378723,0.5549977421760559,0.1573096662759781
54,1,only_8_13,0.574999988079071,0.7649080157279968,0.5378413796424866,0.13982166349887848
54,1,only_13_20,0.5649999976158142,0.7551045417785645,0.5317236185073853,0.15005308389663696
54,1,only_20_30,0.5699999928474426,0.7485461235046387,0.5263763666152954,0.15272432565689087
54,1,only_30_40,0.5950000286102295,0.7510198354721069,0.5240892171859741,0.15692375600337982
54,1,smr_only_8_30,0.5699999928474426,0.7551244497299194,0.5299978256225586,0.15868791937828064
54,1,non_smr_only_4_8_30_40,0.5649999976158142,0.7836423516273499,0.5465503931045532,0.17228299379348755
54,1,beta_only_13_30,0.5849999785423279,0.7492848038673401,0.5274810194969177,0.1584617644548416
54,1,raw_only,0.5450000166893005,0.7391397356987,0.5207942724227905,0.1426967829465866
54,1,spectral_full,0.550000011920929,1.289887547492981,0.7419199347496033,0.20291149616241455
54,2,full,0.5899999737739563,0.7384093403816223,0.5246665477752686,0.10820020735263824
54,2,remove_4_8,0.5950000286102295,0.7344440221786499,0.5217070579528809,0.10277250409126282
54,2,remove_8_13,0.6000000238418579,0.732328474521637,0.5189222097396851,0.11866757273674011
54,2,remove_13_20,0.5899999737739563,0.7407304644584656,0.5266516208648682,0.10027486830949783
54,2,remove_20_30,0.5799999833106995,0.7378351092338562,0.5247775912284851,0.11106470227241516
54,2,remove_30_40,0.5649999976158142,0.7430177330970764,0.5292465686798096,0.10139507055282593
54,2,only_4_8,0.5550000071525574,0.7413689494132996,0.530266523361206,0.1019773855805397
54,2,only_8_13,0.5299999713897705,0.7498425245285034,0.537196934223175,0.07226638495922089
54,2,only_13_20,0.5950000286102295,0.7300801277160645,0.5189854502677917,0.11528202146291733
54,2,only_20_30,0.5849999785423279,0.7298832535743713,0.5178723335266113,0.09101986140012741
54,2,only_30_40,0.5950000286102295,0.7147663831710815,0.5058234333992004,0.11675591766834259
54,2,smr_only_8_30,0.5699999928474426,0.7398921251296997,0.5268269181251526,0.09538602828979492
54,2,non_smr_only_4_8_30_40,0.574999988079071,0.732471764087677,0.520508348941803,0.11500807851552963
54,2,beta_only_13_30,0.5899999737739563,0.7295464277267456,0.5173762440681458,0.11055845022201538
54,2,raw_only,0.5450000166893005,0.7226409912109375,0.5169636011123657,0.08840908110141754
54,2,spectral_full,0.5149999856948853,1.220128059387207,0.74442458152771,0.16351091861724854
6,0,full,0.9150000214576721,0.21310508251190186,0.12001130729913712,3.083752393722534
6,0,remove_4_8,0.9100000262260437,0.22712399065494537,0.13061368465423584,2.8262805938720703
6,0,remove_8_13,0.9150000214576721,0.21576985716819763,0.12165442109107971,3.117758274078369
6,0,remove_13_20,0.9150000214576721,0.2138832062482834,0.12160799652338028,3.1014139652252197
6,0,remove_20_30,0.9150000214576721,0.2135479599237442,0.12065298110246658,3.0796682834625244
6,0,remove_30_40,0.9150000214576721,0.21356084942817688,0.12067266553640366,3.079009771347046
6,0,only_4_8,0.9049999713897705,0.22094222903251648,0.12710146605968475,3.1110215187072754
6,0,only_8_13,0.8949999809265137,0.22858576476573944,0.1342780739068985,2.8531506061553955
6,0,only_13_20,0.9100000262260437,0.24329334497451782,0.1398952156305313,2.701786518096924
6,0,only_20_30,0.8899999856948853,0.2576771676540375,0.15369445085525513,2.644155979156494
6,0,only_30_40,0.8899999856948853,0.25799912214279175,0.15395554900169373,2.6445770263671875
6,0,smr_only_8_30,0.9100000262260437,0.22618763148784637,0.1301604062318802,2.833242893218994
6,0,non_smr_only_4_8_30_40,0.9100000262260437,0.21846812963485718,0.12482649087905884,3.130688428878784
6,0,beta_only_13_30,0.9100000262260437,0.2446906864643097,0.1407465785741806,2.692359685897827
6,0,raw_only,0.8849999904632568,0.26630547642707825,0.16257178783416748,2.644338369369507
6,0,spectral_full,0.8999999761581421,0.3496936559677124,0.18257801234722137,3.8843276500701904
6,1,full,0.9100000262260437,0.21377646923065186,0.12740258872509003,2.9529802799224854
6,1,remove_4_8,0.8700000047683716,0.24512122571468353,0.153061181306839,2.6917107105255127
6,1,remove_8_13,0.8999999761581421,0.21902398765087128,0.13211220502853394,2.9506258964538574
6,1,remove_13_20,0.9150000214576721,0.2087053805589676,0.1219596266746521,2.9700307846069336
6,1,remove_20_30,0.9100000262260437,0.21413066983222961,0.12777499854564667,2.953012704849243
6,1,remove_30_40,0.9100000262260437,0.21558041870594025,0.12914593517780304,2.9481797218322754
6,1,only_4_8,0.9150000214576721,0.21376651525497437,0.12645679712295532,2.9572184085845947
6,1,only_8_13,0.875,0.2357831746339798,0.14498195052146912,2.7299914360046387
6,1,only_13_20,0.8600000143051147,0.2778128385543823,0.1810784488916397,2.54196834564209
6,1,only_20_30,0.8700000047683716,0.25767090916633606,0.16101941466331482,2.4982945919036865
6,1,only_30_40,0.8799999952316284,0.2499755471944809,0.15255498886108398,2.493830919265747
6,1,smr_only_8_30,0.8600000143051147,0.24874864518642426,0.1564152091741562,2.6883068084716797
6,1,non_smr_only_4_8_30_40,0.9150000214576721,0.2121291160583496,0.12474468350410461,2.954101324081421
6,1,beta_only_13_30,0.8600000143051147,0.27412158250808716,0.17798390984535217,2.5459368228912354
6,1,raw_only,0.8600000143051147,0.26197874546051025,0.1651913970708847,2.491135835647583
6,1,spectral_full,0.8849999904632568,0.34043559432029724,0.17977651953697205,4.004727840423584
6,2,full,0.925000011920929,0.23931823670864105,0.1304822564125061,3.367901563644409
6,2,remove_4_8,0.9150000214576721,0.2587093114852905,0.14673012495040894,3.0955252647399902
6,2,remove_8_13,0.9300000071525574,0.23625735938549042,0.1278180480003357,3.356868028640747
6,2,remove_13_20,0.9300000071525574,0.23805391788482666,0.12965843081474304,3.374910354614258
6,2,remove_20_30,0.925000011920929,0.23885269463062286,0.13017615675926208,3.3856945037841797
6,2,remove_30_40,0.925000011920929,0.23973937332630157,0.13074716925621033,3.3836448192596436
6,2,only_4_8,0.9300000071525574,0.23592841625213623,0.12601186335086823,3.400134563446045
6,2,only_8_13,0.9049999713897705,0.25859713554382324,0.1499040275812149,3.131850004196167
6,2,only_13_20,0.9200000166893005,0.2626340389251709,0.14782842993736267,3.013939619064331
6,2,only_20_30,0.9200000166893005,0.2606891691684723,0.14759358763694763,2.9076051712036133
6,2,only_30_40,0.9150000214576721,0.25840386748313904,0.1464218944311142,2.9240801334381104
6,2,smr_only_8_30,0.9100000262260437,0.2594742178916931,0.14809848368167877,3.1179399490356445
6,2,non_smr_only_4_8_30_40,0.9300000071525574,0.2334502637386322,0.1253175139427185,3.3891031742095947
6,2,beta_only_13_30,0.925000011920929,0.26252812147140503,0.1473650485277176,2.9852073192596436
6,2,raw_only,0.9150000214576721,0.25973349809646606,0.148274227976799,2.9306793212890625
6,2,spectral_full,0.8600000143051147,0.35034283995628357,0.1996787190437317,3.630523681640625
7,0,full,0.800000011920929,0.4589588940143585,0.286937415599823,1.8698543310165405
7,0,remove_4_8,0.824999988079071,0.45577186346054077,0.2886897027492523,1.6864300966262817
7,0,remove_8_13,0.7799999713897705,0.48416003584861755,0.30583351850509644,1.8336108922958374
7,0,remove_13_20,0.800000011920929,0.45871180295944214,0.2875934839248657,1.863538384437561
7,0,remove_20_30,0.7950000166893005,0.46396028995513916,0.2894359529018402,1.8750128746032715
7,0,remove_30_40,0.8050000071525574,0.4593580961227417,0.28658419847488403,1.882359504699707
7,0,only_4_8,0.7599999904632568,0.4930316209793091,0.31220948696136475,1.8138799667358398
7,0,only_8_13,0.8299999833106995,0.4549008309841156,0.28537073731422424,1.6985539197921753
7,0,only_13_20,0.8050000071525574,0.4837574064731598,0.3082474172115326,1.627658486366272
7,0,only_20_30,0.8299999833106995,0.46032845973968506,0.2954327166080475,1.606178879737854
7,0,only_30_40,0.800000011920929,0.4801519513130188,0.3054046630859375,1.5821795463562012
7,0,smr_only_8_30,0.8199999928474426,0.45551949739456177,0.2884761691093445,1.6996171474456787
7,0,non_smr_only_4_8_30_40,0.7649999856948853,0.49367740750312805,0.3134010136127472,1.8126813173294067
7,0,beta_only_13_30,0.8199999928474426,0.47429564595222473,0.3020941913127899,1.6320985555648804
7,0,raw_only,0.800000011920929,0.47606995701789856,0.3057936131954193,1.5756703615188599
7,0,spectral_full,0.7350000143051147,0.995917558670044,0.4510306119918823,2.292379140853882
7,1,full,0.7850000262260437,0.48443567752838135,0.31390926241874695,1.4560894966125488
7,1,remove_4_8,0.7599999904632568,0.5067502856254578,0.33410724997520447,1.341569423675537
7,1,remove_8_13,0.7699999809265137,0.49056190252304077,0.3168511688709259,1.4514694213867188
7,1,remove_13_20,0.7799999713897705,0.47583603858947754,0.3080393075942993,1.472419261932373
7,1,remove_20_30,0.7850000262260437,0.481799840927124,0.3109913170337677,1.4702147245407104
7,1,remove_30_40,0.7799999713897705,0.48493897914886475,0.3138265013694763,1.462042212486267
7,1,only_4_8,0.7799999713897705,0.4934846758842468,0.31783318519592285,1.447792649269104
7,1,only_8_13,0.7549999952316284,0.48938941955566406,0.32308390736579895,1.3610916137695312
7,1,only_13_20,0.7599999904632568,0.5170800685882568,0.34113627672195435,1.3107017278671265
7,1,only_20_30,0.7549999952316284,0.5029719471931458,0.3322153091430664,1.3096518516540527
7,1,only_30_40,0.7649999856948853,0.5000612735748291,0.32988348603248596,1.325722098350525
7,1,smr_only_8_30,0.7599999904632568,0.506624698638916,0.33417290449142456,1.3416152000427246
7,1,non_smr_only_4_8_30_40,0.7850000262260437,0.4842672049999237,0.3115733861923218,1.4717590808868408
7,1,beta_only_13_30,0.7599999904632568,0.514468789100647,0.3390927016735077,1.3093574047088623
7,1,raw_only,0.7649999856948853,0.4946742355823517,0.32503578066825867,1.3139163255691528
7,1,spectral_full,0.6949999928474426,0.8377373218536377,0.4988287389278412,1.1794719696044922
7,2,full,0.7749999761581421,0.5619574189186096,0.33562445640563965,1.8263567686080933
7,2,remove_4_8,0.7850000262260437,0.553139328956604,0.33475756645202637,1.808887004852295
7,2,remove_8_13,0.7699999809265137,0.5558961629867554,0.33742350339889526,1.7798689603805542
7,2,remove_13_20,0.7799999713897705,0.5641791224479675,0.3359695374965668,1.8343608379364014
7,2,remove_20_30,0.7699999809265137,0.5623413324356079,0.33651742339134216,1.8281683921813965
7,2,remove_30_40,0.7699999809265137,0.5723481178283691,0.34195342659950256,1.8156710863113403
7,2,only_4_8,0.7549999952316284,0.5792607665061951,0.3495427966117859,1.7711880207061768
7,2,only_8_13,0.7799999713897705,0.57191002368927,0.3442413806915283,1.8050484657287598
7,2,only_13_20,0.7549999952316284,0.5488671660423279,0.34455379843711853,1.7141133546829224
7,2,only_20_30,0.7450000047683716,0.5446534752845764,0.33817777037620544,1.6956313848495483
7,2,only_30_40,0.7749999761581421,0.518399178981781,0.3250351846218109,1.7380077838897705
7,2,smr_only_8_30,0.7699999809265137,0.5625625848770142,0.33904168009757996,1.805616021156311
7,2,non_smr_only_4_8_30_40,0.7599999904632568,0.5482409596443176,0.3323420286178589,1.8072271347045898
7,2,beta_only_13_30,0.75,0.551442563533783,0.34485408663749695,1.7103359699249268
7,2,raw_only,0.7599999904632568,0.5362508296966553,0.3376946747303009,1.6897289752960205
7,2,spectral_full,0.5950000286102295,1.5518760681152344,0.6808415055274963,1.027831792831421
8,0,full,0.675000011920929,1.0741230249404907,0.5227981209754944,1.617029070854187
8,0,remove_4_8,0.675000011920929,1.0397566556930542,0.5159856677055359,1.4648457765579224
8,0,remove_8_13,0.6499999761581421,1.0925226211547852,0.5356699824333191,1.6060596704483032
8,0,remove_13_20,0.6600000262260437,1.0837022066116333,0.5271205306053162,1.5991034507751465
8,0,remove_20_30,0.6700000166893005,1.0752159357070923,0.5236251950263977,1.6136980056762695
8,0,remove_30_40,0.6700000166893005,1.0750619173049927,0.5233485102653503,1.6135215759277344
8,0,only_4_8,0.6399999856948853,1.1087466478347778,0.5434327125549316,1.5677375793457031
8,0,only_8_13,0.6700000166893005,1.041937232017517,0.5210533142089844,1.445908784866333
8,0,only_13_20,0.6600000262260437,1.03697669506073,0.5273701548576355,1.4152891635894775
8,0,only_20_30,0.675000011920929,1.051324725151062,0.5338407754898071,1.3242586851119995
8,0,only_30_40,0.6700000166893005,1.0333342552185059,0.5359140634536743,1.3094184398651123
8,0,smr_only_8_30,0.6800000071525574,1.041905403137207,0.5163027048110962,1.4647657871246338
8,0,non_smr_only_4_8_30_40,0.6349999904632568,1.108041524887085,0.5426667928695679,1.5747829675674438
8,0,beta_only_13_30,0.6700000166893005,1.0425982475280762,0.5278089642524719,1.4058724641799927
8,0,raw_only,0.6600000262260437,1.0433976650238037,0.5408068299293518,1.2961753606796265
8,0,spectral_full,0.6949999928474426,1.4284121990203857,0.5450267791748047,2.4163753986358643
8,1,full,0.6800000071525574,0.8877580761909485,0.46865910291671753,1.4907150268554688
8,1,remove_4_8,0.699999988079071,0.8559049963951111,0.46357524394989014,1.3826320171356201
8,1,remove_8_13,0.6850000023841858,0.9114112854003906,0.48100602626800537,1.468591570854187
8,1,remove_13_20,0.6700000166893005,0.8955550193786621,0.4712088704109192,1.4773167371749878
8,1,remove_20_30,0.6800000071525574,0.8902593851089478,0.469371497631073,1.4861024618148804
8,1,remove_30_40,0.6800000071525574,0.8915345072746277,0.46973463892936707,1.4856970310211182
8,1,only_4_8,0.6800000071525574,0.9327894449234009,0.48799192905426025,1.4281376600265503
8,1,only_8_13,0.6850000023841858,0.8643476963043213,0.46732306480407715,1.3614846467971802
8,1,only_13_20,0.6800000071525574,0.8663144111633301,0.4704643189907074,1.315416693687439
8,1,only_20_30,0.6700000166893005,0.896737813949585,0.4824449121952057,1.2147703170776367
8,1,only_30_40,0.6499999761581421,0.8839288949966431,0.48125970363616943,1.2151721715927124
8,1,smr_only_8_30,0.6949999928474426,0.8571643829345703,0.46371832489967346,1.3858593702316284
8,1,non_smr_only_4_8_30_40,0.6800000071525574,0.927167534828186,0.4862499237060547,1.4421080350875854
8,1,beta_only_13_30,0.675000011920929,0.8701444864273071,0.471293181180954,1.303629755973816
8,1,raw_only,0.6549999713897705,0.8995168805122375,0.4866817593574524,1.1905345916748047
8,1,spectral_full,0.7300000190734863,0.9765245914459229,0.45514899492263794,2.492353916168213
8,2,full,0.6449999809265137,1.0082463026046753,0.5015859007835388,1.7914156913757324
8,2,remove_4_8,0.6549999713897705,0.9661674499511719,0.4830645024776459,1.6262141466140747
8,2,remove_8_13,0.6449999809265137,1.0201090574264526,0.5117101073265076,1.765974998474121
8,2,remove_13_20,0.6399999856948853,1.0152606964111328,0.5081787705421448,1.7884283065795898
8,2,remove_20_30,0.6549999713897705,1.0085581541061401,0.5000740885734558,1.7984570264816284
8,2,remove_30_40,0.6449999809265137,1.0136897563934326,0.5034711956977844,1.7921874523162842
8,2,only_4_8,0.6399999856948853,1.0425899028778076,0.5242246389389038,1.7433372735977173
8,2,only_8_13,0.6600000262260437,0.9543042778968811,0.483084499835968,1.6437832117080688
8,2,only_13_20,0.6600000262260437,0.9646129608154297,0.4856652021408081,1.5828197002410889
8,2,only_20_30,0.6349999904632568,0.9723255634307861,0.5134700536727905,1.4674172401428223
8,2,only_30_40,0.625,0.9648118615150452,0.5004293918609619,1.4901236295700073
8,2,smr_only_8_30,0.6650000214576721,0.967038631439209,0.48194944858551025,1.6376409530639648
8,2,non_smr_only_4_8_30_40,0.6399999856948853,1.0352994203567505,0.5212684869766235,1.7582758665084839
8,2,beta_only_13_30,0.6549999713897705,0.9704226851463318,0.4914570748806,1.5633715391159058
8,2,raw_only,0.6299999952316284,0.9599735736846924,0.5067944526672363,1.482418417930603
8,2,spectral_full,0.6700000166893005,1.4196299314498901,0.5900352597236633,2.3818259239196777
9,0,full,0.7649999856948853,0.5871206521987915,0.36332908272743225,1.0475996732711792
9,0,remove_4_8,0.7549999952316284,0.5647582411766052,0.35263949632644653,1.105718731880188
9,0,remove_8_13,0.574999988079071,0.8492884635925293,0.5851871371269226,0.19808709621429443
9,0,remove_13_20,0.7699999809265137,0.5859116315841675,0.3589376211166382,1.0853956937789917
9,0,remove_20_30,0.7749999761581421,0.5877099633216858,0.3635063171386719,1.0423587560653687
9,0,remove_30_40,0.7749999761581421,0.5908514261245728,0.3656419515609741,1.0349571704864502
9,0,only_4_8,0.5350000262260437,0.9736745357513428,0.660698413848877,0.01404612511396408
9,0,only_8_13,0.7649999856948853,0.5645197629928589,0.35254546999931335,1.1109437942504883
9,0,only_13_20,0.6150000095367432,0.7478833198547363,0.5138604044914246,0.34031251072883606
9,0,only_20_30,0.4699999988079071,0.8656021952629089,0.6262319087982178,-0.0572749599814415
9,0,only_30_40,0.5049999952316284,0.8544519543647766,0.6141889095306396,-0.029300622642040253
9,0,smr_only_8_30,0.7549999952316284,0.5676756501197815,0.3545675277709961,1.089564323425293
9,0,non_smr_only_4_8_30_40,0.5450000166893005,0.959535539150238,0.6569594740867615,0.004842542577534914
9,0,beta_only_13_30,0.6000000238418579,0.7517016530036926,0.5197502374649048,0.3177454471588135
9,0,raw_only,0.49000000953674316,0.8402615189552307,0.607180655002594,-0.028504200279712677
9,0,spectral_full,0.7850000262260437,1.8648920059204102,0.40397757291793823,7.225928783416748
9,1,full,0.6949999928474426,0.7704113721847534,0.45248913764953613,1.19486403465271
9,1,remove_4_8,0.75,0.6847131848335266,0.3981339633464813,1.4071948528289795
9,1,remove_8_13,0.5550000071525574,1.1258803606033325,0.6817193627357483,0.20452603697776794
9,1,remove_13_20,0.699999988079071,0.7350907921791077,0.43525394797325134,1.2213505506515503
9,1,remove_20_30,0.7099999785423279,0.765238344669342,0.4458374083042145,1.205634593963623
9,1,remove_30_40,0.699999988079071,0.7684546113014221,0.4529655873775482,1.2017738819122314
9,1,only_4_8,0.5149999856948853,1.1958311796188354,0.7184023261070251,0.13343507051467896
9,1,only_8_13,0.7799999713897705,0.6331098675727844,0.37245437502861023,1.4707499742507935
9,1,only_13_20,0.550000011920929,0.9053096771240234,0.5937252640724182,0.23667192459106445
9,1,only_20_30,0.5550000071525574,0.9074044823646545,0.6066510677337646,0.12782174348831177
9,1,only_30_40,0.5450000166893005,0.8649051189422607,0.5924357771873474,0.08606410026550293
9,1,smr_only_8_30,0.75,0.6805914044380188,0.3967720866203308,1.4221264123916626
9,1,non_smr_only_4_8_30_40,0.5099999904632568,1.1812927722930908,0.7123411297798157,0.12931938469409943
9,1,beta_only_13_30,0.5450000166893005,0.9021560549736023,0.603407084941864,0.22402897477149963
9,1,raw_only,0.5600000023841858,0.8440521359443665,0.5814149379730225,0.10073621571063995
9,1,spectral_full,0.7149999737739563,2.991605758666992,0.5385392308235168,6.622242450714111
9,2,full,0.5799999833106995,0.7023032903671265,0.5014538764953613,0.25515052676200867
9,2,remove_4_8,0.5950000286102295,0.6996737122535706,0.49704405665397644,0.26763924956321716
9,2,remove_8_13,0.5049999952316284,0.7768630981445312,0.5624164342880249,0.08139868080615997
9,2,remove_13_20,0.5649999976158142,0.6970571875572205,0.49714210629463196,0.2577812373638153
9,2,remove_20_30,0.5899999737739563,0.6883177161216736,0.4911850690841675,0.2771177887916565
9,2,remove_30_40,0.6050000190734863,0.6990859508514404,0.49951237440109253,0.2686614394187927
9,2,only_4_8,0.5299999713897705,0.7780615091323853,0.5657819509506226,0.06754777580499649
9,2,only_8_13,0.6100000143051147,0.6713046431541443,0.47615355253219604,0.30338671803474426
9,2,only_13_20,0.550000011920929,0.7648089528083801,0.5479668974876404,0.1284431517124176
9,2,only_20_30,0.5099999904632568,0.8100730180740356,0.5861707925796509,0.017283044755458832
9,2,only_30_40,0.5299999713897705,0.7859249711036682,0.5686601996421814,0.03405313193798065
9,2,smr_only_8_30,0.6000000238418579,0.695250928401947,0.49367156624794006,0.2840825915336609
9,2,non_smr_only_4_8_30_40,0.5,0.7768185138702393,0.5632350444793701,0.05876845493912697
9,2,beta_only_13_30,0.5149999856948853,0.7833586931228638,0.5629255175590515,0.08830687403678894
9,2,raw_only,0.5,0.7767813205718994,0.5630735158920288,0.035602908581495285
9,2,spectral_full,0.7099999785423279,0.9677666425704956,0.49240395426750183,1.7353768348693848
