study,subject,accuracy_pct,accuracy_numerator,accuracy_denominator
openbmi_bp830_nodemean,openbmi:1,73.0,73,100
openbmi_bp830_nodemean,openbmi:10,57.666666666666664,173,300
openbmi_bp830_nodemean,openbmi:11,55.666666666666664,167,300
openbmi_bp830_nodemean,openbmi:12,51.666666666666664,31,60
openbmi_bp830_nodemean,openbmi:13,50.666666666666664,38,75
openbmi_bp830_nodemean,openbmi:14,51.5,103,200
openbmi_bp830_nodemean,openbmi:15,53.0,53,100
openbmi_bp830_nodemean,openbmi:16,50.5,101,200
openbmi_bp830_nodemean,openbmi:17,65.16666666666667,391,600
openbmi_bp830_nodemean,openbmi:18,91.83333333333333,551,600
openbmi_bp830_nodemean,openbmi:19,81.16666666666667,487,600
openbmi_bp830_nodemean,openbmi:2,64.16666666666667,77,120
openbmi_bp830_nodemean,openbmi:20,54.0,27,50
openbmi_bp830_nodemean,openbmi:21,98.16666666666667,589,600
openbmi_bp830_nodemean,openbmi:22,76.16666666666667,457,600
openbmi_bp830_nodemean,openbmi:23,53.833333333333336,323,600
openbmi_bp830_nodemean,openbmi:24,53.5,107,200
openbmi_bp830_nodemean,openbmi:25,60.666666666666664,91,150
openbmi_bp830_nodemean,openbmi:26,54.833333333333336,329,600
openbmi_bp830_nodemean,openbmi:27,53.0,53,100
openbmi_bp830_nodemean,openbmi:28,95.5,191,200
openbmi_bp830_nodemean,openbmi:29,94.0,47,50
openbmi_bp830_nodemean,openbmi:3,95.83333333333333,23,24
openbmi_bp830_nodemean,openbmi:30,59.666666666666664,179,300
openbmi_bp830_nodemean,openbmi:31,54.0,27,50
openbmi_bp830_nodemean,openbmi:32,90.33333333333333,271,300
openbmi_bp830_nodemean,openbmi:33,98.0,49,50
openbmi_bp830_nodemean,openbmi:34,47.666666666666664,143,300
openbmi_bp830_nodemean,openbmi:35,66.16666666666667,397,600
openbmi_bp830_nodemean,openbmi:36,98.0,49,50
openbmi_bp830_nodemean,openbmi:37,95.0,19,20
openbmi_bp830_nodemean,openbmi:38,49.5,99,200
openbmi_bp830_nodemean,openbmi:39,62.333333333333336,187,300
openbmi_bp830_nodemean,openbmi:4,63.166666666666664,379,600
openbmi_bp830_nodemean,openbmi:40,55.333333333333336,83,150
openbmi_bp830_nodemean,openbmi:41,49.833333333333336,299,600
openbmi_bp830_nodemean,openbmi:42,49.666666666666664,149,300
openbmi_bp830_nodemean,openbmi:43,76.33333333333333,229,300
openbmi_bp830_nodemean,openbmi:44,98.5,197,200
openbmi_bp830_nodemean,openbmi:45,91.66666666666667,11,12
openbmi_bp830_nodemean,openbmi:46,55.333333333333336,83,150
openbmi_bp830_nodemean,openbmi:47,51.5,103,200
openbmi_bp830_nodemean,openbmi:48,52.333333333333336,157,300
openbmi_bp830_nodemean,openbmi:49,64.0,16,25
openbmi_bp830_nodemean,openbmi:5,90.66666666666667,68,75
openbmi_bp830_nodemean,openbmi:50,50.666666666666664,38,75
openbmi_bp830_nodemean,openbmi:51,55.666666666666664,167,300
openbmi_bp830_nodemean,openbmi:52,63.833333333333336,383,600
openbmi_bp830_nodemean,openbmi:53,51.833333333333336,311,600
openbmi_bp830_nodemean,openbmi:54,49.833333333333336,299,600
openbmi_bp830_nodemean,openbmi:6,73.16666666666667,439,600
openbmi_bp830_nodemean,openbmi:7,51.166666666666664,307,600
openbmi_bp830_nodemean,openbmi:8,60.5,121,200
openbmi_bp830_nodemean,openbmi:9,79.5,159,200
openbmi_bp830_rd,openbmi:1,77.66666666666667,233,300
openbmi_bp830_rd,openbmi:10,63.5,127,200
openbmi_bp830_rd,openbmi:11,55.333333333333336,83,150
openbmi_bp830_rd,openbmi:12,52.333333333333336,157,300
openbmi_bp830_rd,openbmi:13,50.0,1,2
openbmi_bp830_rd,openbmi:14,51.0,51,100
openbmi_bp830_rd,openbmi:15,52.5,21,40
openbmi_bp830_rd,openbmi:16,50.0,1,2
openbmi_bp830_rd,openbmi:17,65.66666666666667,197,300
openbmi_bp830_rd,openbmi:18,92.0,23,25
openbmi_bp830_rd,openbmi:19,80.83333333333333,97,120
openbmi_bp830_rd,openbmi:2,64.66666666666667,97,150
openbmi_bp830_rd,openbmi:20,54.666666666666664,41,75
openbmi_bp830_rd,openbmi:21,99.0,99,100
openbmi_bp830_rd,openbmi:22,76.33333333333333,229,300
openbmi_bp830_rd,openbmi:23,54.0,27,50
openbmi_bp830_rd,openbmi:24,54.5,109,200
openbmi_bp830_rd,openbmi:25,58.0,29,50
openbmi_bp830_rd,openbmi:26,54.5,109,200
openbmi_bp830_rd,openbmi:27,52.833333333333336,317,600
openbmi_bp830_rd,openbmi:28,95.66666666666667,287,300
openbmi_bp830_rd,openbmi:29,94.66666666666667,71,75
openbmi_bp830_rd,openbmi:3,95.0,19,20
openbmi_bp830_rd,openbmi:30,57.5,23,40
openbmi_bp830_rd,openbmi:31,54.5,109,200
openbmi_bp830_rd,openbmi:32,90.66666666666667,68,75
openbmi_bp830_rd,openbmi:33,98.0,49,50
openbmi_bp830_rd,openbmi:34,47.666666666666664,143,300
openbmi_bp830_rd,openbmi:35,66.33333333333333,199,300
openbmi_bp830_rd,openbmi:36,98.0,49,50
openbmi_bp830_rd,openbmi:37,95.83333333333333,23,24
openbmi_bp830_rd,openbmi:38,49.333333333333336,37,75
openbmi_bp830_rd,openbmi:39,64.5,129,200
openbmi_bp830_rd,openbmi:4,62.666666666666664,47,75
openbmi_bp830_rd,openbmi:40,55.5,111,200
openbmi_bp830_rd,openbmi:41,49.666666666666664,149,300
openbmi_bp830_rd,openbmi:42,49.0,49,100
openbmi_bp830_rd,openbmi:43,75.16666666666667,451,600
openbmi_bp830_rd,openbmi:44,98.5,197,200
openbmi_bp830_rd,openbmi:45,92.33333333333333,277,300
openbmi_bp830_rd,openbmi:46,55.333333333333336,83,150
openbmi_bp830_rd,openbmi:47,51.333333333333336,77,150
openbmi_bp830_rd,openbmi:48,52.833333333333336,317,600
openbmi_bp830_rd,openbmi:49,65.83333333333333,79,120
openbmi_bp830_rd,openbmi:5,91.0,91,100
openbmi_bp830_rd,openbmi:50,50.5,101,200
openbmi_bp830_rd,openbmi:51,56.5,113,200
openbmi_bp830_rd,openbmi:52,64.16666666666667,77,120
openbmi_bp830_rd,openbmi:53,52.166666666666664,313,600
openbmi_bp830_rd,openbmi:54,48.833333333333336,293,600
openbmi_bp830_rd,openbmi:6,73.33333333333333,11,15
openbmi_bp830_rd,openbmi:7,51.166666666666664,307,600
openbmi_bp830_rd,openbmi:8,58.833333333333336,353,600
openbmi_bp830_rd,openbmi:9,78.83333333333333,473,600
common-duration-20260928__no_at_no,openbmi:1,51.0,51,100
common-duration-20260928__no_at_no,openbmi:10,55.833333333333336,67,120
common-duration-20260928__no_at_no,openbmi:11,51.333333333333336,77,150
common-duration-20260928__no_at_no,openbmi:12,60.5,121,200
common-duration-20260928__no_at_no,openbmi:13,54.0,27,50
common-duration-20260928__no_at_no,openbmi:14,54.0,27,50
common-duration-20260928__no_at_no,openbmi:15,64.5,129,200
common-duration-20260928__no_at_no,openbmi:16,75.16666666666667,451,600
common-duration-20260928__no_at_no,openbmi:17,53.666666666666664,161,300
common-duration-20260928__no_at_no,openbmi:18,84.16666666666667,101,120
common-duration-20260928__no_at_no,openbmi:19,69.33333333333333,52,75
common-duration-20260928__no_at_no,openbmi:2,70.0,7,10
common-duration-20260928__no_at_no,openbmi:20,63.0,63,100
common-duration-20260928__no_at_no,openbmi:21,97.66666666666667,293,300
common-duration-20260928__no_at_no,openbmi:22,55.5,111,200
common-duration-20260928__no_at_no,openbmi:23,51.166666666666664,307,600
common-duration-20260928__no_at_no,openbmi:24,50.666666666666664,38,75
common-duration-20260928__no_at_no,openbmi:25,78.66666666666667,59,75
common-duration-20260928__no_at_no,openbmi:26,75.33333333333333,113,150
common-duration-20260928__no_at_no,openbmi:27,78.66666666666667,59,75
common-duration-20260928__no_at_no,openbmi:28,73.33333333333333,11,15
common-duration-20260928__no_at_no,openbmi:29,79.5,159,200
common-duration-20260928__no_at_no,openbmi:3,80.66666666666667,121,150
common-duration-20260928__no_at_no,openbmi:30,57.5,23,40
common-duration-20260928__no_at_no,openbmi:31,66.0,33,50
common-duration-20260928__no_at_no,openbmi:32,59.333333333333336,89,150
common-duration-20260928__no_at_no,openbmi:33,82.33333333333333,247,300
common-duration-20260928__no_at_no,openbmi:34,61.5,123,200
common-duration-20260928__no_at_no,openbmi:35,84.66666666666667,127,150
common-duration-20260928__no_at_no,openbmi:36,94.5,189,200
common-duration-20260928__no_at_no,openbmi:37,91.33333333333333,137,150
common-duration-20260928__no_at_no,openbmi:38,49.833333333333336,299,600
common-duration-20260928__no_at_no,openbmi:39,53.166666666666664,319,600
common-duration-20260928__no_at_no,openbmi:4,67.0,67,100
common-duration-20260928__no_at_no,openbmi:40,58.5,117,200
common-duration-20260928__no_at_no,openbmi:41,55.166666666666664,331,600
common-duration-20260928__no_at_no,openbmi:42,64.16666666666667,77,120
common-duration-20260928__no_at_no,openbmi:43,58.666666666666664,44,75
common-duration-20260928__no_at_no,openbmi:44,96.16666666666667,577,600
common-duration-20260928__no_at_no,openbmi:45,85.16666666666667,511,600
common-duration-20260928__no_at_no,openbmi:46,63.166666666666664,379,600
common-duration-20260928__no_at_no,openbmi:47,77.5,31,40
common-duration-20260928__no_at_no,openbmi:48,60.0,3,5
common-duration-20260928__no_at_no,openbmi:49,53.333333333333336,8,15
common-duration-20260928__no_at_no,openbmi:5,69.66666666666667,209,300
common-duration-20260928__no_at_no,openbmi:50,53.0,53,100
common-duration-20260928__no_at_no,openbmi:51,60.0,3,5
common-duration-20260928__no_at_no,openbmi:52,67.16666666666667,403,600
common-duration-20260928__no_at_no,openbmi:53,51.166666666666664,307,600
common-duration-20260928__no_at_no,openbmi:54,56.666666666666664,17,30
common-duration-20260928__no_at_no,openbmi:6,85.83333333333333,103,120
common-duration-20260928__no_at_no,openbmi:7,50.0,1,2
common-duration-20260928__no_at_no,openbmi:8,68.33333333333333,41,60
common-duration-20260928__no_at_no,openbmi:9,67.66666666666667,203,300
common-duration-20260928__no_at_rd,openbmi:1,60.833333333333336,73,120
common-duration-20260928__no_at_rd,openbmi:10,58.5,117,200
common-duration-20260928__no_at_rd,openbmi:11,51.0,51,100
common-duration-20260928__no_at_rd,openbmi:12,59.833333333333336,359,600
common-duration-20260928__no_at_rd,openbmi:13,52.833333333333336,317,600
common-duration-20260928__no_at_rd,openbmi:14,53.833333333333336,323,600
common-duration-20260928__no_at_rd,openbmi:15,62.666666666666664,47,75
common-duration-20260928__no_at_rd,openbmi:16,75.16666666666667,451,600
common-duration-20260928__no_at_rd,openbmi:17,54.666666666666664,41,75
common-duration-20260928__no_at_rd,openbmi:18,84.33333333333333,253,300
common-duration-20260928__no_at_rd,openbmi:19,68.66666666666667,103,150
common-duration-20260928__no_at_rd,openbmi:2,66.5,133,200
common-duration-20260928__no_at_rd,openbmi:20,54.833333333333336,329,600
common-duration-20260928__no_at_rd,openbmi:21,97.83333333333333,587,600
common-duration-20260928__no_at_rd,openbmi:22,64.16666666666667,77,120
common-duration-20260928__no_at_rd,openbmi:23,50.666666666666664,38,75
common-duration-20260928__no_at_rd,openbmi:24,50.166666666666664,301,600
common-duration-20260928__no_at_rd,openbmi:25,77.16666666666667,463,600
common-duration-20260928__no_at_rd,openbmi:26,73.5,147,200
common-duration-20260928__no_at_rd,openbmi:27,80.66666666666667,121,150
common-duration-20260928__no_at_rd,openbmi:28,69.83333333333333,419,600
common-duration-20260928__no_at_rd,openbmi:29,91.66666666666667,11,12
common-duration-20260928__no_at_rd,openbmi:3,76.66666666666667,23,30
common-duration-20260928__no_at_rd,openbmi:30,59.333333333333336,89,150
common-duration-20260928__no_at_rd,openbmi:31,68.5,137,200
common-duration-20260928__no_at_rd,openbmi:32,55.666666666666664,167,300
common-duration-20260928__no_at_rd,openbmi:33,85.16666666666667,511,600
common-duration-20260928__no_at_rd,openbmi:34,61.333333333333336,46,75
common-duration-20260928__no_at_rd,openbmi:35,86.83333333333333,521,600
common-duration-20260928__no_at_rd,openbmi:36,97.33333333333333,73,75
common-duration-20260928__no_at_rd,openbmi:37,90.83333333333333,109,120
common-duration-20260928__no_at_rd,openbmi:38,52.833333333333336,317,600
common-duration-20260928__no_at_rd,openbmi:39,60.333333333333336,181,300
common-duration-20260928__no_at_rd,openbmi:4,70.5,141,200
common-duration-20260928__no_at_rd,openbmi:40,61.166666666666664,367,600
common-duration-20260928__no_at_rd,openbmi:41,56.333333333333336,169,300
common-duration-20260928__no_at_rd,openbmi:42,60.666666666666664,91,150
common-duration-20260928__no_at_rd,openbmi:43,56.5,113,200
common-duration-20260928__no_at_rd,openbmi:44,95.83333333333333,23,24
common-duration-20260928__no_at_rd,openbmi:45,85.0,17,20
common-duration-20260928__no_at_rd,openbmi:46,62.666666666666664,47,75
common-duration-20260928__no_at_rd,openbmi:47,73.33333333333333,11,15
common-duration-20260928__no_at_rd,openbmi:48,61.0,61,100
common-duration-20260928__no_at_rd,openbmi:49,54.666666666666664,41,75
common-duration-20260928__no_at_rd,openbmi:5,68.5,137,200
common-duration-20260928__no_at_rd,openbmi:50,52.5,21,40
common-duration-20260928__no_at_rd,openbmi:51,59.5,119,200
common-duration-20260928__no_at_rd,openbmi:52,63.5,127,200
common-duration-20260928__no_at_rd,openbmi:53,52.166666666666664,313,600
common-duration-20260928__no_at_rd,openbmi:54,55.666666666666664,167,300
common-duration-20260928__no_at_rd,openbmi:6,84.16666666666667,101,120
common-duration-20260928__no_at_rd,openbmi:7,50.166666666666664,301,600
common-duration-20260928__no_at_rd,openbmi:8,66.66666666666667,2,3
common-duration-20260928__no_at_rd,openbmi:9,69.0,69,100
common-duration-20260928__rd_at_no,openbmi:1,51.833333333333336,311,600
common-duration-20260928__rd_at_no,openbmi:10,53.5,107,200
common-duration-20260928__rd_at_no,openbmi:11,52.0,13,25
common-duration-20260928__rd_at_no,openbmi:12,62.0,31,50
common-duration-20260928__rd_at_no,openbmi:13,60.666666666666664,91,150
common-duration-20260928__rd_at_no,openbmi:14,56.166666666666664,337,600
common-duration-20260928__rd_at_no,openbmi:15,77.0,77,100
common-duration-20260928__rd_at_no,openbmi:16,61.166666666666664,367,600
common-duration-20260928__rd_at_no,openbmi:17,60.0,3,5
common-duration-20260928__rd_at_no,openbmi:18,83.16666666666667,499,600
common-duration-20260928__rd_at_no,openbmi:19,74.83333333333333,449,600
common-duration-20260928__rd_at_no,openbmi:2,68.0,17,25
common-duration-20260928__rd_at_no,openbmi:20,62.833333333333336,377,600
common-duration-20260928__rd_at_no,openbmi:21,96.16666666666667,577,600
common-duration-20260928__rd_at_no,openbmi:22,56.333333333333336,169,300
common-duration-20260928__rd_at_no,openbmi:23,53.833333333333336,323,600
common-duration-20260928__rd_at_no,openbmi:24,50.5,101,200
common-duration-20260928__rd_at_no,openbmi:25,82.33333333333333,247,300
common-duration-20260928__rd_at_no,openbmi:26,78.0,39,50
common-duration-20260928__rd_at_no,openbmi:27,79.33333333333333,119,150
common-duration-20260928__rd_at_no,openbmi:28,80.66666666666667,121,150
common-duration-20260928__rd_at_no,openbmi:29,91.33333333333333,137,150
common-duration-20260928__rd_at_no,openbmi:3,84.5,169,200
common-duration-20260928__rd_at_no,openbmi:30,61.833333333333336,371,600
common-duration-20260928__rd_at_no,openbmi:31,71.5,143,200
common-duration-20260928__rd_at_no,openbmi:32,65.0,13,20
common-duration-20260928__rd_at_no,openbmi:33,89.66666666666667,269,300
common-duration-20260928__rd_at_no,openbmi:34,58.166666666666664,349,600
common-duration-20260928__rd_at_no,openbmi:35,89.5,179,200
common-duration-20260928__rd_at_no,openbmi:36,98.33333333333333,59,60
common-duration-20260928__rd_at_no,openbmi:37,90.5,181,200
common-duration-20260928__rd_at_no,openbmi:38,52.666666666666664,79,150
common-duration-20260928__rd_at_no,openbmi:39,59.333333333333336,89,150
common-duration-20260928__rd_at_no,openbmi:4,82.0,41,50
common-duration-20260928__rd_at_no,openbmi:40,66.33333333333333,199,300
common-duration-20260928__rd_at_no,openbmi:41,55.666666666666664,167,300
common-duration-20260928__rd_at_no,openbmi:42,66.16666666666667,397,600
common-duration-20260928__rd_at_no,openbmi:43,85.33333333333333,64,75
common-duration-20260928__rd_at_no,openbmi:44,95.66666666666667,287,300
common-duration-20260928__rd_at_no,openbmi:45,80.83333333333333,97,120
common-duration-20260928__rd_at_no,openbmi:46,69.0,69,100
common-duration-20260928__rd_at_no,openbmi:47,76.0,19,25
common-duration-20260928__rd_at_no,openbmi:48,70.5,141,200
common-duration-20260928__rd_at_no,openbmi:49,66.33333333333333,199,300
common-duration-20260928__rd_at_no,openbmi:5,77.83333333333333,467,600
common-duration-20260928__rd_at_no,openbmi:50,50.166666666666664,301,600
common-duration-20260928__rd_at_no,openbmi:51,62.5,5,8
common-duration-20260928__rd_at_no,openbmi:52,67.16666666666667,403,600
common-duration-20260928__rd_at_no,openbmi:53,55.166666666666664,331,600
common-duration-20260928__rd_at_no,openbmi:54,55.0,11,20
common-duration-20260928__rd_at_no,openbmi:6,92.16666666666667,553,600
common-duration-20260928__rd_at_no,openbmi:7,78.16666666666667,469,600
common-duration-20260928__rd_at_no,openbmi:8,67.0,67,100
common-duration-20260928__rd_at_no,openbmi:9,66.33333333333333,199,300
common-duration-20260928__rd_at_rd,openbmi:1,67.66666666666667,203,300
common-duration-20260928__rd_at_rd,openbmi:10,58.0,29,50
common-duration-20260928__rd_at_rd,openbmi:11,51.166666666666664,307,600
common-duration-20260928__rd_at_rd,openbmi:12,61.166666666666664,367,600
common-duration-20260928__rd_at_rd,openbmi:13,60.666666666666664,91,150
common-duration-20260928__rd_at_rd,openbmi:14,58.5,117,200
common-duration-20260928__rd_at_rd,openbmi:15,74.33333333333333,223,300
common-duration-20260928__rd_at_rd,openbmi:16,66.0,33,50
common-duration-20260928__rd_at_rd,openbmi:17,57.166666666666664,343,600
common-duration-20260928__rd_at_rd,openbmi:18,82.0,41,50
common-duration-20260928__rd_at_rd,openbmi:19,71.0,71,100
common-duration-20260928__rd_at_rd,openbmi:2,67.5,27,40
common-duration-20260928__rd_at_rd,openbmi:20,58.833333333333336,353,600
common-duration-20260928__rd_at_rd,openbmi:21,97.83333333333333,587,600
common-duration-20260928__rd_at_rd,openbmi:22,63.333333333333336,19,30
common-duration-20260928__rd_at_rd,openbmi:23,54.5,109,200
common-duration-20260928__rd_at_rd,openbmi:24,49.333333333333336,37,75
common-duration-20260928__rd_at_rd,openbmi:25,85.5,171,200
common-duration-20260928__rd_at_rd,openbmi:26,78.16666666666667,469,600
common-duration-20260928__rd_at_rd,openbmi:27,79.5,159,200
common-duration-20260928__rd_at_rd,openbmi:28,79.5,159,200
common-duration-20260928__rd_at_rd,openbmi:29,90.5,181,200
common-duration-20260928__rd_at_rd,openbmi:3,75.66666666666667,227,300
common-duration-20260928__rd_at_rd,openbmi:30,64.0,16,25
common-duration-20260928__rd_at_rd,openbmi:31,73.0,73,100
common-duration-20260928__rd_at_rd,openbmi:32,61.666666666666664,37,60
common-duration-20260928__rd_at_rd,openbmi:33,88.66666666666667,133,150
common-duration-20260928__rd_at_rd,openbmi:34,60.333333333333336,181,300
common-duration-20260928__rd_at_rd,openbmi:35,90.0,9,10
common-duration-20260928__rd_at_rd,openbmi:36,98.0,49,50
common-duration-20260928__rd_at_rd,openbmi:37,90.83333333333333,109,120
common-duration-20260928__rd_at_rd,openbmi:38,57.5,23,40
common-duration-20260928__rd_at_rd,openbmi:39,62.666666666666664,47,75
common-duration-20260928__rd_at_rd,openbmi:4,82.5,33,40
common-duration-20260928__rd_at_rd,openbmi:40,67.33333333333333,101,150
common-duration-20260928__rd_at_rd,openbmi:41,56.5,113,200
common-duration-20260928__rd_at_rd,openbmi:42,65.83333333333333,79,120
common-duration-20260928__rd_at_rd,openbmi:43,85.66666666666667,257,300
common-duration-20260928__rd_at_rd,openbmi:44,97.0,97,100
common-duration-20260928__rd_at_rd,openbmi:45,82.5,33,40
common-duration-20260928__rd_at_rd,openbmi:46,69.83333333333333,419,600
common-duration-20260928__rd_at_rd,openbmi:47,76.16666666666667,457,600
common-duration-20260928__rd_at_rd,openbmi:48,70.0,7,10
common-duration-20260928__rd_at_rd,openbmi:49,65.5,131,200
common-duration-20260928__rd_at_rd,openbmi:5,75.16666666666667,451,600
common-duration-20260928__rd_at_rd,openbmi:50,52.666666666666664,79,150
common-duration-20260928__rd_at_rd,openbmi:51,64.66666666666667,97,150
common-duration-20260928__rd_at_rd,openbmi:52,64.0,16,25
common-duration-20260928__rd_at_rd,openbmi:53,55.5,111,200
common-duration-20260928__rd_at_rd,openbmi:54,57.0,57,100
common-duration-20260928__rd_at_rd,openbmi:6,91.66666666666667,11,12
common-duration-20260928__rd_at_rd,openbmi:7,78.66666666666667,59,75
common-duration-20260928__rd_at_rd,openbmi:8,66.66666666666667,2,3
common-duration-20260928__rd_at_rd,openbmi:9,68.0,17,25
openbmi_fbcnet_stronger_recipe,openbmi:1,82.5,33,40
openbmi_fbcnet_stronger_recipe,openbmi:10,62.333333333333336,187,300
openbmi_fbcnet_stronger_recipe,openbmi:11,50.5,101,200
openbmi_fbcnet_stronger_recipe,openbmi:12,60.333333333333336,181,300
openbmi_fbcnet_stronger_recipe,openbmi:13,54.833333333333336,329,600
openbmi_fbcnet_stronger_recipe,openbmi:14,54.833333333333336,329,600
openbmi_fbcnet_stronger_recipe,openbmi:15,67.5,27,40
openbmi_fbcnet_stronger_recipe,openbmi:16,63.666666666666664,191,300
openbmi_fbcnet_stronger_recipe,openbmi:17,63.166666666666664,379,600
openbmi_fbcnet_stronger_recipe,openbmi:18,84.66666666666667,127,150
openbmi_fbcnet_stronger_recipe,openbmi:19,69.33333333333333,52,75
openbmi_fbcnet_stronger_recipe,openbmi:2,76.0,19,25
openbmi_fbcnet_stronger_recipe,openbmi:20,61.666666666666664,37,60
openbmi_fbcnet_stronger_recipe,openbmi:21,99.66666666666667,299,300
openbmi_fbcnet_stronger_recipe,openbmi:22,64.16666666666667,77,120
openbmi_fbcnet_stronger_recipe,openbmi:23,57.166666666666664,343,600
openbmi_fbcnet_stronger_recipe,openbmi:24,50.166666666666664,301,600
openbmi_fbcnet_stronger_recipe,openbmi:25,64.16666666666667,77,120
openbmi_fbcnet_stronger_recipe,openbmi:26,63.0,63,100
openbmi_fbcnet_stronger_recipe,openbmi:27,53.666666666666664,161,300
openbmi_fbcnet_stronger_recipe,openbmi:28,93.66666666666667,281,300
openbmi_fbcnet_stronger_recipe,openbmi:29,93.16666666666667,559,600
openbmi_fbcnet_stronger_recipe,openbmi:3,95.16666666666667,571,600
openbmi_fbcnet_stronger_recipe,openbmi:30,64.66666666666667,97,150
openbmi_fbcnet_stronger_recipe,openbmi:31,65.16666666666667,391,600
openbmi_fbcnet_stronger_recipe,openbmi:32,82.83333333333333,497,600
openbmi_fbcnet_stronger_recipe,openbmi:33,97.0,97,100
openbmi_fbcnet_stronger_recipe,openbmi:34,59.0,59,100
openbmi_fbcnet_stronger_recipe,openbmi:35,68.0,17,25
openbmi_fbcnet_stronger_recipe,openbmi:36,95.83333333333333,23,24
openbmi_fbcnet_stronger_recipe,openbmi:37,92.0,23,25
openbmi_fbcnet_stronger_recipe,openbmi:38,52.0,13,25
openbmi_fbcnet_stronger_recipe,openbmi:39,75.83333333333333,91,120
openbmi_fbcnet_stronger_recipe,openbmi:4,74.83333333333333,449,600
openbmi_fbcnet_stronger_recipe,openbmi:40,57.666666666666664,173,300
openbmi_fbcnet_stronger_recipe,openbmi:41,49.833333333333336,299,600
openbmi_fbcnet_stronger_recipe,openbmi:42,63.666666666666664,191,300
openbmi_fbcnet_stronger_recipe,openbmi:43,78.33333333333333,47,60
openbmi_fbcnet_stronger_recipe,openbmi:44,98.16666666666667,589,600
openbmi_fbcnet_stronger_recipe,openbmi:45,86.5,173,200
openbmi_fbcnet_stronger_recipe,openbmi:46,67.5,27,40
openbmi_fbcnet_stronger_recipe,openbmi:47,59.5,119,200
openbmi_fbcnet_stronger_recipe,openbmi:48,63.166666666666664,379,600
openbmi_fbcnet_stronger_recipe,openbmi:49,63.0,63,100
openbmi_fbcnet_stronger_recipe,openbmi:5,82.5,33,40
openbmi_fbcnet_stronger_recipe,openbmi:50,53.833333333333336,323,600
openbmi_fbcnet_stronger_recipe,openbmi:51,63.0,63,100
openbmi_fbcnet_stronger_recipe,openbmi:52,72.33333333333333,217,300
openbmi_fbcnet_stronger_recipe,openbmi:53,54.166666666666664,13,24
openbmi_fbcnet_stronger_recipe,openbmi:54,54.0,27,50
openbmi_fbcnet_stronger_recipe,openbmi:6,87.16666666666667,523,600
openbmi_fbcnet_stronger_recipe,openbmi:7,60.333333333333336,181,300
openbmi_fbcnet_stronger_recipe,openbmi:8,63.166666666666664,379,600
openbmi_fbcnet_stronger_recipe,openbmi:9,73.83333333333333,443,600
component-author-20260926__no_spectral_prior,openbmi:1,57.5,23,40
component-author-20260926__no_spectral_prior,openbmi:10,52.0,13,25
component-author-20260926__no_spectral_prior,openbmi:11,49.666666666666664,149,300
component-author-20260926__no_spectral_prior,openbmi:12,60.5,121,200
component-author-20260926__no_spectral_prior,openbmi:13,61.0,61,100
component-author-20260926__no_spectral_prior,openbmi:14,56.333333333333336,169,300
component-author-20260926__no_spectral_prior,openbmi:15,74.83333333333333,449,600
component-author-20260926__no_spectral_prior,openbmi:16,67.5,27,40
component-author-20260926__no_spectral_prior,openbmi:17,57.666666666666664,173,300
component-author-20260926__no_spectral_prior,openbmi:18,51.666666666666664,31,60
component-author-20260926__no_spectral_prior,openbmi:19,55.833333333333336,67,120
component-author-20260926__no_spectral_prior,openbmi:2,69.5,139,200
component-author-20260926__no_spectral_prior,openbmi:20,60.5,121,200
component-author-20260926__no_spectral_prior,openbmi:21,52.0,13,25
component-author-20260926__no_spectral_prior,openbmi:22,54.333333333333336,163,300
component-author-20260926__no_spectral_prior,openbmi:23,52.333333333333336,157,300
component-author-20260926__no_spectral_prior,openbmi:24,49.0,49,100
component-author-20260926__no_spectral_prior,openbmi:25,86.83333333333333,521,600
component-author-20260926__no_spectral_prior,openbmi:26,77.83333333333333,467,600
component-author-20260926__no_spectral_prior,openbmi:27,78.0,39,50
component-author-20260926__no_spectral_prior,openbmi:28,77.33333333333333,58,75
component-author-20260926__no_spectral_prior,openbmi:29,86.0,43,50
component-author-20260926__no_spectral_prior,openbmi:3,61.0,61,100
component-author-20260926__no_spectral_prior,openbmi:30,63.5,127,200
component-author-20260926__no_spectral_prior,openbmi:31,72.33333333333333,217,300
component-author-20260926__no_spectral_prior,openbmi:32,53.5,107,200
component-author-20260926__no_spectral_prior,openbmi:33,63.166666666666664,379,600
component-author-20260926__no_spectral_prior,openbmi:34,60.166666666666664,361,600
component-author-20260926__no_spectral_prior,openbmi:35,89.66666666666667,269,300
component-author-20260926__no_spectral_prior,openbmi:36,86.5,173,200
component-author-20260926__no_spectral_prior,openbmi:37,50.0,1,2
component-author-20260926__no_spectral_prior,openbmi:38,53.5,107,200
component-author-20260926__no_spectral_prior,openbmi:39,59.666666666666664,179,300
component-author-20260926__no_spectral_prior,openbmi:4,82.16666666666667,493,600
component-author-20260926__no_spectral_prior,openbmi:40,65.66666666666667,197,300
component-author-20260926__no_spectral_prior,openbmi:41,54.333333333333336,163,300
component-author-20260926__no_spectral_prior,openbmi:42,66.0,33,50
component-author-20260926__no_spectral_prior,openbmi:43,83.5,167,200
component-author-20260926__no_spectral_prior,openbmi:44,71.0,71,100
component-author-20260926__no_spectral_prior,openbmi:45,59.833333333333336,359,600
component-author-20260926__no_spectral_prior,openbmi:46,69.83333333333333,419,600
component-author-20260926__no_spectral_prior,openbmi:47,77.5,31,40
component-author-20260926__no_spectral_prior,openbmi:48,70.33333333333333,211,300
component-author-20260926__no_spectral_prior,openbmi:49,68.66666666666667,103,150
component-author-20260926__no_spectral_prior,openbmi:5,59.666666666666664,179,300
component-author-20260926__no_spectral_prior,openbmi:50,52.333333333333336,157,300
component-author-20260926__no_spectral_prior,openbmi:51,62.166666666666664,373,600
component-author-20260926__no_spectral_prior,openbmi:52,66.66666666666667,2,3
component-author-20260926__no_spectral_prior,openbmi:53,58.333333333333336,7,12
component-author-20260926__no_spectral_prior,openbmi:54,54.333333333333336,163,300
component-author-20260926__no_spectral_prior,openbmi:6,91.66666666666667,11,12
component-author-20260926__no_spectral_prior,openbmi:7,76.16666666666667,457,600
component-author-20260926__no_spectral_prior,openbmi:8,63.333333333333336,19,30
component-author-20260926__no_spectral_prior,openbmi:9,52.333333333333336,157,300
component-author-20260926__spectral_only,openbmi:1,60.166666666666664,361,600
component-author-20260926__spectral_only,openbmi:10,63.833333333333336,383,600
component-author-20260926__spectral_only,openbmi:11,48.5,97,200
component-author-20260926__spectral_only,openbmi:12,56.0,14,25
component-author-20260926__spectral_only,openbmi:13,50.166666666666664,301,600
component-author-20260926__spectral_only,openbmi:14,49.666666666666664,149,300
component-author-20260926__spectral_only,openbmi:15,64.5,129,200
component-author-20260926__spectral_only,openbmi:16,65.83333333333333,79,120
component-author-20260926__spectral_only,openbmi:17,54.666666666666664,41,75
component-author-20260926__spectral_only,openbmi:18,85.16666666666667,511,600
component-author-20260926__spectral_only,openbmi:19,72.33333333333333,217,300
component-author-20260926__spectral_only,openbmi:2,59.833333333333336,359,600
component-author-20260926__spectral_only,openbmi:20,57.166666666666664,343,600
component-author-20260926__spectral_only,openbmi:21,98.0,49,50
component-author-20260926__spectral_only,openbmi:22,61.833333333333336,371,600
component-author-20260926__spectral_only,openbmi:23,55.666666666666664,167,300
component-author-20260926__spectral_only,openbmi:24,48.833333333333336,293,600
component-author-20260926__spectral_only,openbmi:25,63.5,127,200
component-author-20260926__spectral_only,openbmi:26,73.16666666666667,439,600
component-author-20260926__spectral_only,openbmi:27,61.166666666666664,367,600
component-author-20260926__spectral_only,openbmi:28,80.0,4,5
component-author-20260926__spectral_only,openbmi:29,94.33333333333333,283,300
component-author-20260926__spectral_only,openbmi:3,92.16666666666667,553,600
component-author-20260926__spectral_only,openbmi:30,59.833333333333336,359,600
component-author-20260926__spectral_only,openbmi:31,59.333333333333336,89,150
component-author-20260926__spectral_only,openbmi:32,68.16666666666667,409,600
component-author-20260926__spectral_only,openbmi:33,97.33333333333333,73,75
component-author-20260926__spectral_only,openbmi:34,55.333333333333336,83,150
component-author-20260926__spectral_only,openbmi:35,87.16666666666667,523,600
component-author-20260926__spectral_only,openbmi:36,99.0,99,100
component-author-20260926__spectral_only,openbmi:37,89.66666666666667,269,300
component-author-20260926__spectral_only,openbmi:38,51.833333333333336,311,600
component-author-20260926__spectral_only,openbmi:39,63.333333333333336,19,30
component-author-20260926__spectral_only,openbmi:4,77.83333333333333,467,600
component-author-20260926__spectral_only,openbmi:40,56.333333333333336,169,300
component-author-20260926__spectral_only,openbmi:41,50.833333333333336,61,120
component-author-20260926__spectral_only,openbmi:42,64.0,16,25
component-author-20260926__spectral_only,openbmi:43,61.5,123,200
component-author-20260926__spectral_only,openbmi:44,95.66666666666667,287,300
component-author-20260926__spectral_only,openbmi:45,83.83333333333333,503,600
component-author-20260926__spectral_only,openbmi:46,62.666666666666664,47,75
component-author-20260926__spectral_only,openbmi:47,57.5,23,40
component-author-20260926__spectral_only,openbmi:48,59.666666666666664,179,300
component-author-20260926__spectral_only,openbmi:49,56.166666666666664,337,600
component-author-20260926__spectral_only,openbmi:5,83.5,167,200
component-author-20260926__spectral_only,openbmi:50,50.833333333333336,61,120
component-author-20260926__spectral_only,openbmi:51,58.333333333333336,7,12
component-author-20260926__spectral_only,openbmi:52,65.83333333333333,79,120
component-author-20260926__spectral_only,openbmi:53,54.666666666666664,41,75
component-author-20260926__spectral_only,openbmi:54,51.666666666666664,31,60
component-author-20260926__spectral_only,openbmi:6,89.16666666666667,107,120
component-author-20260926__spectral_only,openbmi:7,60.166666666666664,361,600
component-author-20260926__spectral_only,openbmi:8,70.66666666666667,53,75
component-author-20260926__spectral_only,openbmi:9,73.83333333333333,443,600
methods-audit-20260928__current_nodemean,openbmi:1,54.166666666666664,13,24
methods-audit-20260928__current_nodemean,openbmi:10,54.5,109,200
methods-audit-20260928__current_nodemean,openbmi:11,50.5,101,200
methods-audit-20260928__current_nodemean,openbmi:12,58.5,117,200
methods-audit-20260928__current_nodemean,openbmi:13,53.5,107,200
methods-audit-20260928__current_nodemean,openbmi:14,57.333333333333336,43,75
methods-audit-20260928__current_nodemean,openbmi:15,64.5,129,200
methods-audit-20260928__current_nodemean,openbmi:16,74.66666666666667,56,75
methods-audit-20260928__current_nodemean,openbmi:17,53.5,107,200
methods-audit-20260928__current_nodemean,openbmi:18,82.66666666666667,62,75
methods-audit-20260928__current_nodemean,openbmi:19,67.66666666666667,203,300
methods-audit-20260928__current_nodemean,openbmi:2,69.16666666666667,83,120
methods-audit-20260928__current_nodemean,openbmi:20,62.166666666666664,373,600
methods-audit-20260928__current_nodemean,openbmi:21,97.16666666666667,583,600
methods-audit-20260928__current_nodemean,openbmi:22,54.666666666666664,41,75
methods-audit-20260928__current_nodemean,openbmi:23,47.5,19,40
methods-audit-20260928__current_nodemean,openbmi:24,50.833333333333336,61,120
methods-audit-20260928__current_nodemean,openbmi:25,73.33333333333333,11,15
methods-audit-20260928__current_nodemean,openbmi:26,72.33333333333333,217,300
methods-audit-20260928__current_nodemean,openbmi:27,79.0,79,100
methods-audit-20260928__current_nodemean,openbmi:28,69.83333333333333,419,600
methods-audit-20260928__current_nodemean,openbmi:29,81.33333333333333,61,75
methods-audit-20260928__current_nodemean,openbmi:3,92.5,37,40
methods-audit-20260928__current_nodemean,openbmi:30,59.333333333333336,89,150
methods-audit-20260928__current_nodemean,openbmi:31,69.33333333333333,52,75
methods-audit-20260928__current_nodemean,openbmi:32,57.0,57,100
methods-audit-20260928__current_nodemean,openbmi:33,80.83333333333333,97,120
methods-audit-20260928__current_nodemean,openbmi:34,61.166666666666664,367,600
methods-audit-20260928__current_nodemean,openbmi:35,82.16666666666667,493,600
methods-audit-20260928__current_nodemean,openbmi:36,96.83333333333333,581,600
methods-audit-20260928__current_nodemean,openbmi:37,90.0,9,10
methods-audit-20260928__current_nodemean,openbmi:38,52.333333333333336,157,300
methods-audit-20260928__current_nodemean,openbmi:39,60.833333333333336,73,120
methods-audit-20260928__current_nodemean,openbmi:4,68.33333333333333,41,60
methods-audit-20260928__current_nodemean,openbmi:40,58.833333333333336,353,600
methods-audit-20260928__current_nodemean,openbmi:41,56.0,14,25
methods-audit-20260928__current_nodemean,openbmi:42,66.0,33,50
methods-audit-20260928__current_nodemean,openbmi:43,54.833333333333336,329,600
methods-audit-20260928__current_nodemean,openbmi:44,95.5,191,200
methods-audit-20260928__current_nodemean,openbmi:45,83.0,83,100
methods-audit-20260928__current_nodemean,openbmi:46,63.833333333333336,383,600
methods-audit-20260928__current_nodemean,openbmi:47,78.33333333333333,47,60
methods-audit-20260928__current_nodemean,openbmi:48,60.666666666666664,91,150
methods-audit-20260928__current_nodemean,openbmi:49,54.0,27,50
methods-audit-20260928__current_nodemean,openbmi:5,63.0,63,100
methods-audit-20260928__current_nodemean,openbmi:50,51.333333333333336,77,150
methods-audit-20260928__current_nodemean,openbmi:51,59.833333333333336,359,600
methods-audit-20260928__current_nodemean,openbmi:52,58.666666666666664,44,75
methods-audit-20260928__current_nodemean,openbmi:53,51.166666666666664,307,600
methods-audit-20260928__current_nodemean,openbmi:54,57.833333333333336,347,600
methods-audit-20260928__current_nodemean,openbmi:6,83.33333333333333,5,6
methods-audit-20260928__current_nodemean,openbmi:7,50.0,1,2
methods-audit-20260928__current_nodemean,openbmi:8,67.83333333333333,407,600
methods-audit-20260928__current_nodemean,openbmi:9,74.66666666666667,56,75
methods-audit-20260928__current_rd,openbmi:1,60.833333333333336,73,120
methods-audit-20260928__current_rd,openbmi:10,55.833333333333336,67,120
methods-audit-20260928__current_rd,openbmi:11,50.666666666666664,38,75
methods-audit-20260928__current_rd,openbmi:12,60.833333333333336,73,120
methods-audit-20260928__current_rd,openbmi:13,61.166666666666664,367,600
methods-audit-20260928__current_rd,openbmi:14,57.5,23,40
methods-audit-20260928__current_rd,openbmi:15,74.16666666666667,89,120
methods-audit-20260928__current_rd,openbmi:16,67.83333333333333,407,600
methods-audit-20260928__current_rd,openbmi:17,60.333333333333336,181,300
methods-audit-20260928__current_rd,openbmi:18,83.5,167,200
methods-audit-20260928__current_rd,openbmi:19,66.83333333333333,401,600
methods-audit-20260928__current_rd,openbmi:2,64.83333333333333,389,600
methods-audit-20260928__current_rd,openbmi:20,62.666666666666664,47,75
methods-audit-20260928__current_rd,openbmi:21,96.33333333333333,289,300
methods-audit-20260928__current_rd,openbmi:22,58.666666666666664,44,75
methods-audit-20260928__current_rd,openbmi:23,55.333333333333336,83,150
methods-audit-20260928__current_rd,openbmi:24,49.833333333333336,299,600
methods-audit-20260928__current_rd,openbmi:25,87.0,87,100
methods-audit-20260928__current_rd,openbmi:26,77.83333333333333,467,600
methods-audit-20260928__current_rd,openbmi:27,80.33333333333333,241,300
methods-audit-20260928__current_rd,openbmi:28,80.83333333333333,97,120
methods-audit-20260928__current_rd,openbmi:29,89.83333333333333,539,600
methods-audit-20260928__current_rd,openbmi:3,92.83333333333333,557,600
methods-audit-20260928__current_rd,openbmi:30,67.0,67,100
methods-audit-20260928__current_rd,openbmi:31,72.5,29,40
methods-audit-20260928__current_rd,openbmi:32,60.166666666666664,361,600
methods-audit-20260928__current_rd,openbmi:33,92.33333333333333,277,300
methods-audit-20260928__current_rd,openbmi:34,57.833333333333336,347,600
methods-audit-20260928__current_rd,openbmi:35,90.16666666666667,541,600
methods-audit-20260928__current_rd,openbmi:36,96.16666666666667,577,600
methods-audit-20260928__current_rd,openbmi:37,87.5,7,8
methods-audit-20260928__current_rd,openbmi:38,54.666666666666664,41,75
methods-audit-20260928__current_rd,openbmi:39,63.166666666666664,379,600
methods-audit-20260928__current_rd,openbmi:4,82.66666666666667,62,75
methods-audit-20260928__current_rd,openbmi:40,64.16666666666667,77,120
methods-audit-20260928__current_rd,openbmi:41,54.666666666666664,41,75
methods-audit-20260928__current_rd,openbmi:42,62.833333333333336,377,600
methods-audit-20260928__current_rd,openbmi:43,84.33333333333333,253,300
methods-audit-20260928__current_rd,openbmi:44,97.16666666666667,583,600
methods-audit-20260928__current_rd,openbmi:45,82.16666666666667,493,600
methods-audit-20260928__current_rd,openbmi:46,68.83333333333333,413,600
methods-audit-20260928__current_rd,openbmi:47,76.5,153,200
methods-audit-20260928__current_rd,openbmi:48,70.5,141,200
methods-audit-20260928__current_rd,openbmi:49,67.83333333333333,407,600
methods-audit-20260928__current_rd,openbmi:5,75.66666666666667,227,300
methods-audit-20260928__current_rd,openbmi:50,54.0,27,50
methods-audit-20260928__current_rd,openbmi:51,63.666666666666664,191,300
methods-audit-20260928__current_rd,openbmi:52,66.0,33,50
methods-audit-20260928__current_rd,openbmi:53,53.666666666666664,161,300
methods-audit-20260928__current_rd,openbmi:54,56.833333333333336,341,600
methods-audit-20260928__current_rd,openbmi:6,91.83333333333333,551,600
methods-audit-20260928__current_rd,openbmi:7,79.5,159,200
methods-audit-20260928__current_rd,openbmi:8,63.833333333333336,383,600
methods-audit-20260928__current_rd,openbmi:9,67.66666666666667,203,300
methods-audit-20260928__fft_reflect_nodemean,openbmi:1,52.333333333333336,157,300
methods-audit-20260928__fft_reflect_nodemean,openbmi:10,56.833333333333336,341,600
methods-audit-20260928__fft_reflect_nodemean,openbmi:11,49.666666666666664,149,300
methods-audit-20260928__fft_reflect_nodemean,openbmi:12,57.0,57,100
methods-audit-20260928__fft_reflect_nodemean,openbmi:13,53.166666666666664,319,600
methods-audit-20260928__fft_reflect_nodemean,openbmi:14,56.666666666666664,17,30
methods-audit-20260928__fft_reflect_nodemean,openbmi:15,64.66666666666667,97,150
methods-audit-20260928__fft_reflect_nodemean,openbmi:16,76.83333333333333,461,600
methods-audit-20260928__fft_reflect_nodemean,openbmi:17,54.833333333333336,329,600
methods-audit-20260928__fft_reflect_nodemean,openbmi:18,84.5,169,200
methods-audit-20260928__fft_reflect_nodemean,openbmi:19,69.16666666666667,83,120
methods-audit-20260928__fft_reflect_nodemean,openbmi:2,66.66666666666667,2,3
methods-audit-20260928__fft_reflect_nodemean,openbmi:20,59.333333333333336,89,150
methods-audit-20260928__fft_reflect_nodemean,openbmi:21,97.66666666666667,293,300
methods-audit-20260928__fft_reflect_nodemean,openbmi:22,55.333333333333336,83,150
methods-audit-20260928__fft_reflect_nodemean,openbmi:23,47.5,19,40
methods-audit-20260928__fft_reflect_nodemean,openbmi:24,50.833333333333336,61,120
methods-audit-20260928__fft_reflect_nodemean,openbmi:25,76.5,153,200
methods-audit-20260928__fft_reflect_nodemean,openbmi:26,73.33333333333333,11,15
methods-audit-20260928__fft_reflect_nodemean,openbmi:27,76.83333333333333,461,600
methods-audit-20260928__fft_reflect_nodemean,openbmi:28,72.5,29,40
methods-audit-20260928__fft_reflect_nodemean,openbmi:29,87.5,7,8
methods-audit-20260928__fft_reflect_nodemean,openbmi:3,88.0,22,25
methods-audit-20260928__fft_reflect_nodemean,openbmi:30,61.0,61,100
methods-audit-20260928__fft_reflect_nodemean,openbmi:31,70.0,7,10
methods-audit-20260928__fft_reflect_nodemean,openbmi:32,67.5,27,40
methods-audit-20260928__fft_reflect_nodemean,openbmi:33,77.33333333333333,58,75
methods-audit-20260928__fft_reflect_nodemean,openbmi:34,60.5,121,200
methods-audit-20260928__fft_reflect_nodemean,openbmi:35,82.0,41,50
methods-audit-20260928__fft_reflect_nodemean,openbmi:36,95.5,191,200
methods-audit-20260928__fft_reflect_nodemean,openbmi:37,91.66666666666667,11,12
methods-audit-20260928__fft_reflect_nodemean,openbmi:38,50.166666666666664,301,600
methods-audit-20260928__fft_reflect_nodemean,openbmi:39,57.833333333333336,347,600
methods-audit-20260928__fft_reflect_nodemean,openbmi:4,67.33333333333333,101,150
methods-audit-20260928__fft_reflect_nodemean,openbmi:40,54.333333333333336,163,300
methods-audit-20260928__fft_reflect_nodemean,openbmi:41,54.5,109,200
methods-audit-20260928__fft_reflect_nodemean,openbmi:42,63.333333333333336,19,30
methods-audit-20260928__fft_reflect_nodemean,openbmi:43,57.333333333333336,43,75
methods-audit-20260928__fft_reflect_nodemean,openbmi:44,93.5,187,200
methods-audit-20260928__fft_reflect_nodemean,openbmi:45,83.33333333333333,5,6
methods-audit-20260928__fft_reflect_nodemean,openbmi:46,65.5,131,200
methods-audit-20260928__fft_reflect_nodemean,openbmi:47,74.83333333333333,449,600
methods-audit-20260928__fft_reflect_nodemean,openbmi:48,61.0,61,100
methods-audit-20260928__fft_reflect_nodemean,openbmi:49,55.166666666666664,331,600
methods-audit-20260928__fft_reflect_nodemean,openbmi:5,69.66666666666667,209,300
methods-audit-20260928__fft_reflect_nodemean,openbmi:50,52.166666666666664,313,600
methods-audit-20260928__fft_reflect_nodemean,openbmi:51,59.833333333333336,359,600
methods-audit-20260928__fft_reflect_nodemean,openbmi:52,59.666666666666664,179,300
methods-audit-20260928__fft_reflect_nodemean,openbmi:53,52.833333333333336,317,600
methods-audit-20260928__fft_reflect_nodemean,openbmi:54,55.5,111,200
methods-audit-20260928__fft_reflect_nodemean,openbmi:6,86.33333333333333,259,300
methods-audit-20260928__fft_reflect_nodemean,openbmi:7,50.0,1,2
methods-audit-20260928__fft_reflect_nodemean,openbmi:8,68.16666666666667,409,600
methods-audit-20260928__fft_reflect_nodemean,openbmi:9,76.0,19,25
methods-audit-20260928__fft_reflect_rd,openbmi:1,58.333333333333336,7,12
methods-audit-20260928__fft_reflect_rd,openbmi:10,53.166666666666664,319,600
methods-audit-20260928__fft_reflect_rd,openbmi:11,50.833333333333336,61,120
methods-audit-20260928__fft_reflect_rd,openbmi:12,62.0,31,50
methods-audit-20260928__fft_reflect_rd,openbmi:13,59.166666666666664,71,120
methods-audit-20260928__fft_reflect_rd,openbmi:14,58.5,117,200
methods-audit-20260928__fft_reflect_rd,openbmi:15,76.0,19,25
methods-audit-20260928__fft_reflect_rd,openbmi:16,65.16666666666667,391,600
methods-audit-20260928__fft_reflect_rd,openbmi:17,58.333333333333336,7,12
methods-audit-20260928__fft_reflect_rd,openbmi:18,77.83333333333333,467,600
methods-audit-20260928__fft_reflect_rd,openbmi:19,68.0,17,25
methods-audit-20260928__fft_reflect_rd,openbmi:2,64.16666666666667,77,120
methods-audit-20260928__fft_reflect_rd,openbmi:20,61.666666666666664,37,60
methods-audit-20260928__fft_reflect_rd,openbmi:21,98.0,49,50
methods-audit-20260928__fft_reflect_rd,openbmi:22,57.166666666666664,343,600
methods-audit-20260928__fft_reflect_rd,openbmi:23,56.166666666666664,337,600
methods-audit-20260928__fft_reflect_rd,openbmi:24,51.333333333333336,77,150
methods-audit-20260928__fft_reflect_rd,openbmi:25,86.33333333333333,259,300
methods-audit-20260928__fft_reflect_rd,openbmi:26,78.16666666666667,469,600
methods-audit-20260928__fft_reflect_rd,openbmi:27,79.83333333333333,479,600
methods-audit-20260928__fft_reflect_rd,openbmi:28,80.83333333333333,97,120
methods-audit-20260928__fft_reflect_rd,openbmi:29,90.0,9,10
methods-audit-20260928__fft_reflect_rd,openbmi:3,95.0,19,20
methods-audit-20260928__fft_reflect_rd,openbmi:30,63.0,63,100
methods-audit-20260928__fft_reflect_rd,openbmi:31,73.0,73,100
methods-audit-20260928__fft_reflect_rd,openbmi:32,57.833333333333336,347,600
methods-audit-20260928__fft_reflect_rd,openbmi:33,94.66666666666667,71,75
methods-audit-20260928__fft_reflect_rd,openbmi:34,59.0,59,100
methods-audit-20260928__fft_reflect_rd,openbmi:35,90.16666666666667,541,600
methods-audit-20260928__fft_reflect_rd,openbmi:36,96.83333333333333,581,600
methods-audit-20260928__fft_reflect_rd,openbmi:37,91.0,91,100
methods-audit-20260928__fft_reflect_rd,openbmi:38,54.333333333333336,163,300
methods-audit-20260928__fft_reflect_rd,openbmi:39,66.83333333333333,401,600
methods-audit-20260928__fft_reflect_rd,openbmi:4,82.5,33,40
methods-audit-20260928__fft_reflect_rd,openbmi:40,63.833333333333336,383,600
methods-audit-20260928__fft_reflect_rd,openbmi:41,54.5,109,200
methods-audit-20260928__fft_reflect_rd,openbmi:42,64.16666666666667,77,120
methods-audit-20260928__fft_reflect_rd,openbmi:43,84.0,21,25
methods-audit-20260928__fft_reflect_rd,openbmi:44,95.0,19,20
methods-audit-20260928__fft_reflect_rd,openbmi:45,81.16666666666667,487,600
methods-audit-20260928__fft_reflect_rd,openbmi:46,69.5,139,200
methods-audit-20260928__fft_reflect_rd,openbmi:47,77.83333333333333,467,600
methods-audit-20260928__fft_reflect_rd,openbmi:48,70.5,141,200
methods-audit-20260928__fft_reflect_rd,openbmi:49,68.0,17,25
methods-audit-20260928__fft_reflect_rd,openbmi:5,80.83333333333333,97,120
methods-audit-20260928__fft_reflect_rd,openbmi:50,54.5,109,200
methods-audit-20260928__fft_reflect_rd,openbmi:51,64.83333333333333,389,600
methods-audit-20260928__fft_reflect_rd,openbmi:52,64.5,129,200
methods-audit-20260928__fft_reflect_rd,openbmi:53,55.0,11,20
methods-audit-20260928__fft_reflect_rd,openbmi:54,55.333333333333336,83,150
methods-audit-20260928__fft_reflect_rd,openbmi:6,93.0,93,100
methods-audit-20260928__fft_reflect_rd,openbmi:7,80.33333333333333,241,300
methods-audit-20260928__fft_reflect_rd,openbmi:8,66.5,133,200
methods-audit-20260928__fft_reflect_rd,openbmi:9,71.33333333333333,107,150
methods-audit-20260928__raw_reflect_nodemean,openbmi:1,57.0,57,100
methods-audit-20260928__raw_reflect_nodemean,openbmi:10,51.833333333333336,311,600
methods-audit-20260928__raw_reflect_nodemean,openbmi:11,50.0,1,2
methods-audit-20260928__raw_reflect_nodemean,openbmi:12,57.166666666666664,343,600
methods-audit-20260928__raw_reflect_nodemean,openbmi:13,54.5,109,200
methods-audit-20260928__raw_reflect_nodemean,openbmi:14,56.5,113,200
methods-audit-20260928__raw_reflect_nodemean,openbmi:15,66.83333333333333,401,600
methods-audit-20260928__raw_reflect_nodemean,openbmi:16,76.83333333333333,461,600
methods-audit-20260928__raw_reflect_nodemean,openbmi:17,53.166666666666664,319,600
methods-audit-20260928__raw_reflect_nodemean,openbmi:18,85.83333333333333,103,120
methods-audit-20260928__raw_reflect_nodemean,openbmi:19,66.33333333333333,199,300
methods-audit-20260928__raw_reflect_nodemean,openbmi:2,68.5,137,200
methods-audit-20260928__raw_reflect_nodemean,openbmi:20,60.833333333333336,73,120
methods-audit-20260928__raw_reflect_nodemean,openbmi:21,97.5,39,40
methods-audit-20260928__raw_reflect_nodemean,openbmi:22,55.833333333333336,67,120
methods-audit-20260928__raw_reflect_nodemean,openbmi:23,53.166666666666664,319,600
methods-audit-20260928__raw_reflect_nodemean,openbmi:24,51.666666666666664,31,60
methods-audit-20260928__raw_reflect_nodemean,openbmi:25,76.0,19,25
methods-audit-20260928__raw_reflect_nodemean,openbmi:26,73.5,147,200
methods-audit-20260928__raw_reflect_nodemean,openbmi:27,78.66666666666667,59,75
methods-audit-20260928__raw_reflect_nodemean,openbmi:28,70.33333333333333,211,300
methods-audit-20260928__raw_reflect_nodemean,openbmi:29,85.0,17,20
methods-audit-20260928__raw_reflect_nodemean,openbmi:3,87.5,7,8
methods-audit-20260928__raw_reflect_nodemean,openbmi:30,60.833333333333336,73,120
methods-audit-20260928__raw_reflect_nodemean,openbmi:31,66.0,33,50
methods-audit-20260928__raw_reflect_nodemean,openbmi:32,55.833333333333336,67,120
methods-audit-20260928__raw_reflect_nodemean,openbmi:33,85.33333333333333,64,75
methods-audit-20260928__raw_reflect_nodemean,openbmi:34,57.666666666666664,173,300
methods-audit-20260928__raw_reflect_nodemean,openbmi:35,81.0,81,100
methods-audit-20260928__raw_reflect_nodemean,openbmi:36,97.83333333333333,587,600
methods-audit-20260928__raw_reflect_nodemean,openbmi:37,90.16666666666667,541,600
methods-audit-20260928__raw_reflect_nodemean,openbmi:38,51.166666666666664,307,600
methods-audit-20260928__raw_reflect_nodemean,openbmi:39,63.666666666666664,191,300
methods-audit-20260928__raw_reflect_nodemean,openbmi:4,68.66666666666667,103,150
methods-audit-20260928__raw_reflect_nodemean,openbmi:40,59.0,59,100
methods-audit-20260928__raw_reflect_nodemean,openbmi:41,55.5,111,200
methods-audit-20260928__raw_reflect_nodemean,openbmi:42,64.66666666666667,97,150
methods-audit-20260928__raw_reflect_nodemean,openbmi:43,56.5,113,200
methods-audit-20260928__raw_reflect_nodemean,openbmi:44,93.5,187,200
methods-audit-20260928__raw_reflect_nodemean,openbmi:45,84.16666666666667,101,120
methods-audit-20260928__raw_reflect_nodemean,openbmi:46,61.166666666666664,367,600
methods-audit-20260928__raw_reflect_nodemean,openbmi:47,78.83333333333333,473,600
methods-audit-20260928__raw_reflect_nodemean,openbmi:48,61.0,61,100
methods-audit-20260928__raw_reflect_nodemean,openbmi:49,57.666666666666664,173,300
methods-audit-20260928__raw_reflect_nodemean,openbmi:5,69.5,139,200
methods-audit-20260928__raw_reflect_nodemean,openbmi:50,54.166666666666664,13,24
methods-audit-20260928__raw_reflect_nodemean,openbmi:51,60.333333333333336,181,300
methods-audit-20260928__raw_reflect_nodemean,openbmi:52,60.0,3,5
methods-audit-20260928__raw_reflect_nodemean,openbmi:53,52.333333333333336,157,300
methods-audit-20260928__raw_reflect_nodemean,openbmi:54,53.666666666666664,161,300
methods-audit-20260928__raw_reflect_nodemean,openbmi:6,89.16666666666667,107,120
methods-audit-20260928__raw_reflect_nodemean,openbmi:7,50.0,1,2
methods-audit-20260928__raw_reflect_nodemean,openbmi:8,68.5,137,200
methods-audit-20260928__raw_reflect_nodemean,openbmi:9,72.83333333333333,437,600
methods-audit-20260928__raw_reflect_rd,openbmi:1,60.0,3,5
methods-audit-20260928__raw_reflect_rd,openbmi:10,55.5,111,200
methods-audit-20260928__raw_reflect_rd,openbmi:11,52.5,21,40
methods-audit-20260928__raw_reflect_rd,openbmi:12,62.0,31,50
methods-audit-20260928__raw_reflect_rd,openbmi:13,60.333333333333336,181,300
methods-audit-20260928__raw_reflect_rd,openbmi:14,56.833333333333336,341,600
methods-audit-20260928__raw_reflect_rd,openbmi:15,74.5,149,200
methods-audit-20260928__raw_reflect_rd,openbmi:16,69.83333333333333,419,600
methods-audit-20260928__raw_reflect_rd,openbmi:17,56.5,113,200
methods-audit-20260928__raw_reflect_rd,openbmi:18,83.16666666666667,499,600
methods-audit-20260928__raw_reflect_rd,openbmi:19,67.66666666666667,203,300
methods-audit-20260928__raw_reflect_rd,openbmi:2,65.33333333333333,49,75
methods-audit-20260928__raw_reflect_rd,openbmi:20,60.333333333333336,181,300
methods-audit-20260928__raw_reflect_rd,openbmi:21,95.5,191,200
methods-audit-20260928__raw_reflect_rd,openbmi:22,61.0,61,100
methods-audit-20260928__raw_reflect_rd,openbmi:23,53.333333333333336,8,15
methods-audit-20260928__raw_reflect_rd,openbmi:24,49.333333333333336,37,75
methods-audit-20260928__raw_reflect_rd,openbmi:25,87.16666666666667,523,600
methods-audit-20260928__raw_reflect_rd,openbmi:26,78.5,157,200
methods-audit-20260928__raw_reflect_rd,openbmi:27,79.33333333333333,119,150
methods-audit-20260928__raw_reflect_rd,openbmi:28,79.16666666666667,19,24
methods-audit-20260928__raw_reflect_rd,openbmi:29,88.16666666666667,529,600
methods-audit-20260928__raw_reflect_rd,openbmi:3,92.66666666666667,139,150
methods-audit-20260928__raw_reflect_rd,openbmi:30,65.5,131,200
methods-audit-20260928__raw_reflect_rd,openbmi:31,73.66666666666667,221,300
methods-audit-20260928__raw_reflect_rd,openbmi:32,61.5,123,200
methods-audit-20260928__raw_reflect_rd,openbmi:33,94.5,189,200
methods-audit-20260928__raw_reflect_rd,openbmi:34,57.833333333333336,347,600
methods-audit-20260928__raw_reflect_rd,openbmi:35,92.0,23,25
methods-audit-20260928__raw_reflect_rd,openbmi:36,97.0,97,100
methods-audit-20260928__raw_reflect_rd,openbmi:37,88.5,177,200
methods-audit-20260928__raw_reflect_rd,openbmi:38,56.5,113,200
methods-audit-20260928__raw_reflect_rd,openbmi:39,62.666666666666664,47,75
methods-audit-20260928__raw_reflect_rd,openbmi:4,83.0,83,100
methods-audit-20260928__raw_reflect_rd,openbmi:40,64.83333333333333,389,600
methods-audit-20260928__raw_reflect_rd,openbmi:41,54.666666666666664,41,75
methods-audit-20260928__raw_reflect_rd,openbmi:42,64.66666666666667,97,150
methods-audit-20260928__raw_reflect_rd,openbmi:43,85.16666666666667,511,600
methods-audit-20260928__raw_reflect_rd,openbmi:44,95.83333333333333,23,24
methods-audit-20260928__raw_reflect_rd,openbmi:45,81.5,163,200
methods-audit-20260928__raw_reflect_rd,openbmi:46,71.16666666666667,427,600
methods-audit-20260928__raw_reflect_rd,openbmi:47,77.5,31,40
methods-audit-20260928__raw_reflect_rd,openbmi:48,72.16666666666667,433,600
methods-audit-20260928__raw_reflect_rd,openbmi:49,66.5,133,200
methods-audit-20260928__raw_reflect_rd,openbmi:5,76.83333333333333,461,600
methods-audit-20260928__raw_reflect_rd,openbmi:50,50.333333333333336,151,300
methods-audit-20260928__raw_reflect_rd,openbmi:51,63.0,63,100
methods-audit-20260928__raw_reflect_rd,openbmi:52,66.66666666666667,2,3
methods-audit-20260928__raw_reflect_rd,openbmi:53,54.166666666666664,13,24
methods-audit-20260928__raw_reflect_rd,openbmi:54,54.0,27,50
methods-audit-20260928__raw_reflect_rd,openbmi:6,92.16666666666667,553,600
methods-audit-20260928__raw_reflect_rd,openbmi:7,79.0,79,100
methods-audit-20260928__raw_reflect_rd,openbmi:8,66.83333333333333,401,600
methods-audit-20260928__raw_reflect_rd,openbmi:9,73.0,73,100
paper-20260917__openbmi_atcnet_final_demean_3seed,openbmi:1,49.5,99,200
paper-20260917__openbmi_atcnet_final_demean_3seed,openbmi:10,53.166666666666664,319,600
paper-20260917__openbmi_atcnet_final_demean_3seed,openbmi:11,51.5,103,200
paper-20260917__openbmi_atcnet_final_demean_3seed,openbmi:12,51.666666666666664,31,60
paper-20260917__openbmi_atcnet_final_demean_3seed,openbmi:13,55.333333333333336,83,150
paper-20260917__openbmi_atcnet_final_demean_3seed,openbmi:14,56.166666666666664,337,600
paper-20260917__openbmi_atcnet_final_demean_3seed,openbmi:15,68.33333333333333,41,60
paper-20260917__openbmi_atcnet_final_demean_3seed,openbmi:16,58.333333333333336,7,12
paper-20260917__openbmi_atcnet_final_demean_3seed,openbmi:17,53.166666666666664,319,600
paper-20260917__openbmi_atcnet_final_demean_3seed,openbmi:18,52.166666666666664,313,600
paper-20260917__openbmi_atcnet_final_demean_3seed,openbmi:19,57.0,57,100
paper-20260917__openbmi_atcnet_final_demean_3seed,openbmi:2,58.333333333333336,7,12
paper-20260917__openbmi_atcnet_final_demean_3seed,openbmi:20,53.5,107,200
paper-20260917__openbmi_atcnet_final_demean_3seed,openbmi:21,77.83333333333333,467,600
paper-20260917__openbmi_atcnet_final_demean_3seed,openbmi:22,52.833333333333336,317,600
paper-20260917__openbmi_atcnet_final_demean_3seed,openbmi:23,52.666666666666664,79,150
paper-20260917__openbmi_atcnet_final_demean_3seed,openbmi:24,48.5,97,200
paper-20260917__openbmi_atcnet_final_demean_3seed,openbmi:25,70.66666666666667,53,75
paper-20260917__openbmi_atcnet_final_demean_3seed,openbmi:26,67.5,27,40
paper-20260917__openbmi_atcnet_final_demean_3seed,openbmi:27,65.83333333333333,79,120
paper-20260917__openbmi_atcnet_final_demean_3seed,openbmi:28,71.66666666666667,43,60
paper-20260917__openbmi_atcnet_final_demean_3seed,openbmi:29,87.16666666666667,523,600
paper-20260917__openbmi_atcnet_final_demean_3seed,openbmi:3,49.833333333333336,299,600
paper-20260917__openbmi_atcnet_final_demean_3seed,openbmi:30,51.666666666666664,31,60
paper-20260917__openbmi_atcnet_final_demean_3seed,openbmi:31,59.833333333333336,359,600
paper-20260917__openbmi_atcnet_final_demean_3seed,openbmi:32,51.666666666666664,31,60
paper-20260917__openbmi_atcnet_final_demean_3seed,openbmi:33,80.0,4,5
paper-20260917__openbmi_atcnet_final_demean_3seed,openbmi:34,52.833333333333336,317,600
paper-20260917__openbmi_atcnet_final_demean_3seed,openbmi:35,75.33333333333333,113,150
paper-20260917__openbmi_atcnet_final_demean_3seed,openbmi:36,91.83333333333333,551,600
paper-20260917__openbmi_atcnet_final_demean_3seed,openbmi:37,66.33333333333333,199,300
paper-20260917__openbmi_atcnet_final_demean_3seed,openbmi:38,49.166666666666664,59,120
paper-20260917__openbmi_atcnet_final_demean_3seed,openbmi:39,53.0,53,100
paper-20260917__openbmi_atcnet_final_demean_3seed,openbmi:4,75.5,151,200
paper-20260917__openbmi_atcnet_final_demean_3seed,openbmi:40,58.0,29,50
paper-20260917__openbmi_atcnet_final_demean_3seed,openbmi:41,50.833333333333336,61,120
paper-20260917__openbmi_atcnet_final_demean_3seed,openbmi:42,56.666666666666664,17,30
paper-20260917__openbmi_atcnet_final_demean_3seed,openbmi:43,77.33333333333333,58,75
paper-20260917__openbmi_atcnet_final_demean_3seed,openbmi:44,78.33333333333333,47,60
paper-20260917__openbmi_atcnet_final_demean_3seed,openbmi:45,58.0,29,50
paper-20260917__openbmi_atcnet_final_demean_3seed,openbmi:46,64.83333333333333,389,600
paper-20260917__openbmi_atcnet_final_demean_3seed,openbmi:47,66.33333333333333,199,300
paper-20260917__openbmi_atcnet_final_demean_3seed,openbmi:48,63.5,127,200
paper-20260917__openbmi_atcnet_final_demean_3seed,openbmi:49,56.166666666666664,337,600
paper-20260917__openbmi_atcnet_final_demean_3seed,openbmi:5,49.5,99,200
paper-20260917__openbmi_atcnet_final_demean_3seed,openbmi:50,53.166666666666664,319,600
paper-20260917__openbmi_atcnet_final_demean_3seed,openbmi:51,62.166666666666664,373,600
paper-20260917__openbmi_atcnet_final_demean_3seed,openbmi:52,57.0,57,100
paper-20260917__openbmi_atcnet_final_demean_3seed,openbmi:53,48.5,97,200
paper-20260917__openbmi_atcnet_final_demean_3seed,openbmi:54,50.0,1,2
paper-20260917__openbmi_atcnet_final_demean_3seed,openbmi:6,83.83333333333333,503,600
paper-20260917__openbmi_atcnet_final_demean_3seed,openbmi:7,68.5,137,200
paper-20260917__openbmi_atcnet_final_demean_3seed,openbmi:8,61.166666666666664,367,600
paper-20260917__openbmi_atcnet_final_demean_3seed,openbmi:9,50.5,101,200
paper-20260917__openbmi_baseline_final_eegnet_demean_3seed,openbmi:1,60.0,3,5
paper-20260917__openbmi_baseline_final_eegnet_demean_3seed,openbmi:10,51.166666666666664,307,600
paper-20260917__openbmi_baseline_final_eegnet_demean_3seed,openbmi:11,50.333333333333336,151,300
paper-20260917__openbmi_baseline_final_eegnet_demean_3seed,openbmi:12,59.333333333333336,89,150
paper-20260917__openbmi_baseline_final_eegnet_demean_3seed,openbmi:13,61.666666666666664,37,60
paper-20260917__openbmi_baseline_final_eegnet_demean_3seed,openbmi:14,57.833333333333336,347,600
paper-20260917__openbmi_baseline_final_eegnet_demean_3seed,openbmi:15,74.5,149,200
paper-20260917__openbmi_baseline_final_eegnet_demean_3seed,openbmi:16,59.0,59,100
paper-20260917__openbmi_baseline_final_eegnet_demean_3seed,openbmi:17,57.0,57,100
paper-20260917__openbmi_baseline_final_eegnet_demean_3seed,openbmi:18,54.666666666666664,41,75
paper-20260917__openbmi_baseline_final_eegnet_demean_3seed,openbmi:19,57.0,57,100
paper-20260917__openbmi_baseline_final_eegnet_demean_3seed,openbmi:2,67.5,27,40
paper-20260917__openbmi_baseline_final_eegnet_demean_3seed,openbmi:20,62.0,31,50
paper-20260917__openbmi_baseline_final_eegnet_demean_3seed,openbmi:21,54.166666666666664,13,24
paper-20260917__openbmi_baseline_final_eegnet_demean_3seed,openbmi:22,54.833333333333336,329,600
paper-20260917__openbmi_baseline_final_eegnet_demean_3seed,openbmi:23,53.5,107,200
paper-20260917__openbmi_baseline_final_eegnet_demean_3seed,openbmi:24,48.833333333333336,293,600
paper-20260917__openbmi_baseline_final_eegnet_demean_3seed,openbmi:25,87.16666666666667,523,600
paper-20260917__openbmi_baseline_final_eegnet_demean_3seed,openbmi:26,77.66666666666667,233,300
paper-20260917__openbmi_baseline_final_eegnet_demean_3seed,openbmi:27,78.16666666666667,469,600
paper-20260917__openbmi_baseline_final_eegnet_demean_3seed,openbmi:28,75.0,3,4
paper-20260917__openbmi_baseline_final_eegnet_demean_3seed,openbmi:29,86.5,173,200
paper-20260917__openbmi_baseline_final_eegnet_demean_3seed,openbmi:3,51.666666666666664,31,60
paper-20260917__openbmi_baseline_final_eegnet_demean_3seed,openbmi:30,65.5,131,200
paper-20260917__openbmi_baseline_final_eegnet_demean_3seed,openbmi:31,72.66666666666667,109,150
paper-20260917__openbmi_baseline_final_eegnet_demean_3seed,openbmi:32,51.666666666666664,31,60
paper-20260917__openbmi_baseline_final_eegnet_demean_3seed,openbmi:33,64.33333333333333,193,300
paper-20260917__openbmi_baseline_final_eegnet_demean_3seed,openbmi:34,59.5,119,200
paper-20260917__openbmi_baseline_final_eegnet_demean_3seed,openbmi:35,89.83333333333333,539,600
paper-20260917__openbmi_baseline_final_eegnet_demean_3seed,openbmi:36,78.66666666666667,59,75
paper-20260917__openbmi_baseline_final_eegnet_demean_3seed,openbmi:37,49.833333333333336,299,600
paper-20260917__openbmi_baseline_final_eegnet_demean_3seed,openbmi:38,55.5,111,200
paper-20260917__openbmi_baseline_final_eegnet_demean_3seed,openbmi:39,59.666666666666664,179,300
paper-20260917__openbmi_baseline_final_eegnet_demean_3seed,openbmi:4,79.0,79,100
paper-20260917__openbmi_baseline_final_eegnet_demean_3seed,openbmi:40,66.16666666666667,397,600
paper-20260917__openbmi_baseline_final_eegnet_demean_3seed,openbmi:41,55.833333333333336,67,120
paper-20260917__openbmi_baseline_final_eegnet_demean_3seed,openbmi:42,65.0,13,20
paper-20260917__openbmi_baseline_final_eegnet_demean_3seed,openbmi:43,83.5,167,200
paper-20260917__openbmi_baseline_final_eegnet_demean_3seed,openbmi:44,70.0,7,10
paper-20260917__openbmi_baseline_final_eegnet_demean_3seed,openbmi:45,61.5,123,200
paper-20260917__openbmi_baseline_final_eegnet_demean_3seed,openbmi:46,68.5,137,200
paper-20260917__openbmi_baseline_final_eegnet_demean_3seed,openbmi:47,77.66666666666667,233,300
paper-20260917__openbmi_baseline_final_eegnet_demean_3seed,openbmi:48,71.16666666666667,427,600
paper-20260917__openbmi_baseline_final_eegnet_demean_3seed,openbmi:49,67.16666666666667,403,600
paper-20260917__openbmi_baseline_final_eegnet_demean_3seed,openbmi:5,61.5,123,200
paper-20260917__openbmi_baseline_final_eegnet_demean_3seed,openbmi:50,52.666666666666664,79,150
paper-20260917__openbmi_baseline_final_eegnet_demean_3seed,openbmi:51,65.0,13,20
paper-20260917__openbmi_baseline_final_eegnet_demean_3seed,openbmi:52,61.166666666666664,367,600
paper-20260917__openbmi_baseline_final_eegnet_demean_3seed,openbmi:53,55.333333333333336,83,150
paper-20260917__openbmi_baseline_final_eegnet_demean_3seed,openbmi:54,55.666666666666664,167,300
paper-20260917__openbmi_baseline_final_eegnet_demean_3seed,openbmi:6,89.33333333333333,67,75
paper-20260917__openbmi_baseline_final_eegnet_demean_3seed,openbmi:7,80.16666666666667,481,600
paper-20260917__openbmi_baseline_final_eegnet_demean_3seed,openbmi:8,66.83333333333333,401,600
paper-20260917__openbmi_baseline_final_eegnet_demean_3seed,openbmi:9,48.833333333333336,293,600
paper-20260917__openbmi_eegconformer_final_demean_3seed,openbmi:1,54.5,109,200
paper-20260917__openbmi_eegconformer_final_demean_3seed,openbmi:10,50.333333333333336,151,300
paper-20260917__openbmi_eegconformer_final_demean_3seed,openbmi:11,52.166666666666664,313,600
paper-20260917__openbmi_eegconformer_final_demean_3seed,openbmi:12,55.333333333333336,83,150
paper-20260917__openbmi_eegconformer_final_demean_3seed,openbmi:13,58.833333333333336,353,600
paper-20260917__openbmi_eegconformer_final_demean_3seed,openbmi:14,52.5,21,40
paper-20260917__openbmi_eegconformer_final_demean_3seed,openbmi:15,75.16666666666667,451,600
paper-20260917__openbmi_eegconformer_final_demean_3seed,openbmi:16,60.833333333333336,73,120
paper-20260917__openbmi_eegconformer_final_demean_3seed,openbmi:17,54.166666666666664,13,24
paper-20260917__openbmi_eegconformer_final_demean_3seed,openbmi:18,56.333333333333336,169,300
paper-20260917__openbmi_eegconformer_final_demean_3seed,openbmi:19,56.666666666666664,17,30
paper-20260917__openbmi_eegconformer_final_demean_3seed,openbmi:2,63.166666666666664,379,600
paper-20260917__openbmi_eegconformer_final_demean_3seed,openbmi:20,57.166666666666664,343,600
paper-20260917__openbmi_eegconformer_final_demean_3seed,openbmi:21,60.833333333333336,73,120
paper-20260917__openbmi_eegconformer_final_demean_3seed,openbmi:22,53.5,107,200
paper-20260917__openbmi_eegconformer_final_demean_3seed,openbmi:23,50.166666666666664,301,600
paper-20260917__openbmi_eegconformer_final_demean_3seed,openbmi:24,48.833333333333336,293,600
paper-20260917__openbmi_eegconformer_final_demean_3seed,openbmi:25,86.16666666666667,517,600
paper-20260917__openbmi_eegconformer_final_demean_3seed,openbmi:26,72.33333333333333,217,300
paper-20260917__openbmi_eegconformer_final_demean_3seed,openbmi:27,75.33333333333333,113,150
paper-20260917__openbmi_eegconformer_final_demean_3seed,openbmi:28,70.0,7,10
paper-20260917__openbmi_eegconformer_final_demean_3seed,openbmi:29,78.16666666666667,469,600
paper-20260917__openbmi_eegconformer_final_demean_3seed,openbmi:3,56.0,14,25
paper-20260917__openbmi_eegconformer_final_demean_3seed,openbmi:30,63.833333333333336,383,600
paper-20260917__openbmi_eegconformer_final_demean_3seed,openbmi:31,61.666666666666664,37,60
paper-20260917__openbmi_eegconformer_final_demean_3seed,openbmi:32,56.333333333333336,169,300
paper-20260917__openbmi_eegconformer_final_demean_3seed,openbmi:33,67.0,67,100
paper-20260917__openbmi_eegconformer_final_demean_3seed,openbmi:34,57.666666666666664,173,300
paper-20260917__openbmi_eegconformer_final_demean_3seed,openbmi:35,83.66666666666667,251,300
paper-20260917__openbmi_eegconformer_final_demean_3seed,openbmi:36,76.66666666666667,23,30
paper-20260917__openbmi_eegconformer_final_demean_3seed,openbmi:37,53.166666666666664,319,600
paper-20260917__openbmi_eegconformer_final_demean_3seed,openbmi:38,52.833333333333336,317,600
paper-20260917__openbmi_eegconformer_final_demean_3seed,openbmi:39,57.166666666666664,343,600
paper-20260917__openbmi_eegconformer_final_demean_3seed,openbmi:4,81.33333333333333,61,75
paper-20260917__openbmi_eegconformer_final_demean_3seed,openbmi:40,66.66666666666667,2,3
paper-20260917__openbmi_eegconformer_final_demean_3seed,openbmi:41,52.5,21,40
paper-20260917__openbmi_eegconformer_final_demean_3seed,openbmi:42,59.333333333333336,89,150
paper-20260917__openbmi_eegconformer_final_demean_3seed,openbmi:43,79.33333333333333,119,150
paper-20260917__openbmi_eegconformer_final_demean_3seed,openbmi:44,63.166666666666664,379,600
paper-20260917__openbmi_eegconformer_final_demean_3seed,openbmi:45,58.166666666666664,349,600
paper-20260917__openbmi_eegconformer_final_demean_3seed,openbmi:46,65.83333333333333,79,120
paper-20260917__openbmi_eegconformer_final_demean_3seed,openbmi:47,74.5,149,200
paper-20260917__openbmi_eegconformer_final_demean_3seed,openbmi:48,64.16666666666667,77,120
paper-20260917__openbmi_eegconformer_final_demean_3seed,openbmi:49,63.833333333333336,383,600
paper-20260917__openbmi_eegconformer_final_demean_3seed,openbmi:5,56.166666666666664,337,600
paper-20260917__openbmi_eegconformer_final_demean_3seed,openbmi:50,50.666666666666664,38,75
paper-20260917__openbmi_eegconformer_final_demean_3seed,openbmi:51,61.333333333333336,46,75
paper-20260917__openbmi_eegconformer_final_demean_3seed,openbmi:52,57.333333333333336,43,75
paper-20260917__openbmi_eegconformer_final_demean_3seed,openbmi:53,55.5,111,200
paper-20260917__openbmi_eegconformer_final_demean_3seed,openbmi:54,51.833333333333336,311,600
paper-20260917__openbmi_eegconformer_final_demean_3seed,openbmi:6,86.5,173,200
paper-20260917__openbmi_eegconformer_final_demean_3seed,openbmi:7,73.33333333333333,11,15
paper-20260917__openbmi_eegconformer_final_demean_3seed,openbmi:8,62.666666666666664,47,75
paper-20260917__openbmi_eegconformer_final_demean_3seed,openbmi:9,51.5,103,200
openbmi_primary_nodemean,openbmi:1,51.166666666666664,307,600
openbmi_primary_nodemean,openbmi:10,53.5,107,200
openbmi_primary_nodemean,openbmi:11,51.0,51,100
openbmi_primary_nodemean,openbmi:12,60.166666666666664,361,600
openbmi_primary_nodemean,openbmi:13,53.333333333333336,8,15
openbmi_primary_nodemean,openbmi:14,52.666666666666664,79,150
openbmi_primary_nodemean,openbmi:15,64.5,129,200
openbmi_primary_nodemean,openbmi:16,75.0,3,4
openbmi_primary_nodemean,openbmi:17,56.5,113,200
openbmi_primary_nodemean,openbmi:18,82.83333333333333,497,600
openbmi_primary_nodemean,openbmi:19,70.66666666666667,53,75
openbmi_primary_nodemean,openbmi:2,64.66666666666667,97,150
openbmi_primary_nodemean,openbmi:20,63.333333333333336,19,30
openbmi_primary_nodemean,openbmi:21,97.83333333333333,587,600
openbmi_primary_nodemean,openbmi:22,55.5,111,200
openbmi_primary_nodemean,openbmi:23,50.5,101,200
openbmi_primary_nodemean,openbmi:24,49.666666666666664,149,300
openbmi_primary_nodemean,openbmi:25,79.66666666666667,239,300
openbmi_primary_nodemean,openbmi:26,73.66666666666667,221,300
openbmi_primary_nodemean,openbmi:27,77.66666666666667,233,300
openbmi_primary_nodemean,openbmi:28,71.83333333333333,431,600
openbmi_primary_nodemean,openbmi:29,79.83333333333333,479,600
openbmi_primary_nodemean,openbmi:3,83.33333333333333,5,6
openbmi_primary_nodemean,openbmi:30,58.0,29,50
openbmi_primary_nodemean,openbmi:31,69.5,139,200
openbmi_primary_nodemean,openbmi:32,58.666666666666664,44,75
openbmi_primary_nodemean,openbmi:33,83.66666666666667,251,300
openbmi_primary_nodemean,openbmi:34,59.166666666666664,71,120
openbmi_primary_nodemean,openbmi:35,81.83333333333333,491,600
openbmi_primary_nodemean,openbmi:36,95.83333333333333,23,24
openbmi_primary_nodemean,openbmi:37,93.66666666666667,281,300
openbmi_primary_nodemean,openbmi:38,49.166666666666664,59,120
openbmi_primary_nodemean,openbmi:39,54.666666666666664,41,75
openbmi_primary_nodemean,openbmi:4,68.66666666666667,103,150
openbmi_primary_nodemean,openbmi:40,58.5,117,200
openbmi_primary_nodemean,openbmi:41,55.666666666666664,167,300
openbmi_primary_nodemean,openbmi:42,62.666666666666664,47,75
openbmi_primary_nodemean,openbmi:43,59.0,59,100
openbmi_primary_nodemean,openbmi:44,95.16666666666667,571,600
openbmi_primary_nodemean,openbmi:45,82.5,33,40
openbmi_primary_nodemean,openbmi:46,67.5,27,40
openbmi_primary_nodemean,openbmi:47,77.5,31,40
openbmi_primary_nodemean,openbmi:48,60.0,3,5
openbmi_primary_nodemean,openbmi:49,53.166666666666664,319,600
openbmi_primary_nodemean,openbmi:5,71.83333333333333,431,600
openbmi_primary_nodemean,openbmi:50,50.5,101,200
openbmi_primary_nodemean,openbmi:51,59.0,59,100
openbmi_primary_nodemean,openbmi:52,61.0,61,100
openbmi_primary_nodemean,openbmi:53,51.5,103,200
openbmi_primary_nodemean,openbmi:54,54.666666666666664,41,75
openbmi_primary_nodemean,openbmi:6,89.33333333333333,67,75
openbmi_primary_nodemean,openbmi:7,50.0,1,2
openbmi_primary_nodemean,openbmi:8,68.66666666666667,103,150
openbmi_primary_nodemean,openbmi:9,68.5,137,200
openbmi_primary_rd,openbmi:1,67.33333333333333,101,150
openbmi_primary_rd,openbmi:10,59.666666666666664,179,300
openbmi_primary_rd,openbmi:11,51.666666666666664,31,60
openbmi_primary_rd,openbmi:12,59.833333333333336,359,600
openbmi_primary_rd,openbmi:13,60.166666666666664,361,600
openbmi_primary_rd,openbmi:14,55.666666666666664,167,300
openbmi_primary_rd,openbmi:15,76.0,19,25
openbmi_primary_rd,openbmi:16,68.5,137,200
openbmi_primary_rd,openbmi:17,56.0,14,25
openbmi_primary_rd,openbmi:18,84.5,169,200
openbmi_primary_rd,openbmi:19,70.33333333333333,211,300
openbmi_primary_rd,openbmi:2,61.833333333333336,371,600
openbmi_primary_rd,openbmi:20,61.666666666666664,37,60
openbmi_primary_rd,openbmi:21,94.5,189,200
openbmi_primary_rd,openbmi:22,60.333333333333336,181,300
openbmi_primary_rd,openbmi:23,52.166666666666664,313,600
openbmi_primary_rd,openbmi:24,51.166666666666664,307,600
openbmi_primary_rd,openbmi:25,87.16666666666667,523,600
openbmi_primary_rd,openbmi:26,76.0,19,25
openbmi_primary_rd,openbmi:27,77.33333333333333,58,75
openbmi_primary_rd,openbmi:28,80.0,4,5
openbmi_primary_rd,openbmi:29,89.16666666666667,107,120
openbmi_primary_rd,openbmi:3,76.0,19,25
openbmi_primary_rd,openbmi:30,63.833333333333336,383,600
openbmi_primary_rd,openbmi:31,73.5,147,200
openbmi_primary_rd,openbmi:32,61.333333333333336,46,75
openbmi_primary_rd,openbmi:33,93.16666666666667,559,600
openbmi_primary_rd,openbmi:34,60.833333333333336,73,120
openbmi_primary_rd,openbmi:35,90.5,181,200
openbmi_primary_rd,openbmi:36,98.5,197,200
openbmi_primary_rd,openbmi:37,92.66666666666667,139,150
openbmi_primary_rd,openbmi:38,56.666666666666664,17,30
openbmi_primary_rd,openbmi:39,63.5,127,200
openbmi_primary_rd,openbmi:4,82.0,41,50
openbmi_primary_rd,openbmi:40,68.0,17,25
openbmi_primary_rd,openbmi:41,54.833333333333336,329,600
openbmi_primary_rd,openbmi:42,64.83333333333333,389,600
openbmi_primary_rd,openbmi:43,85.5,171,200
openbmi_primary_rd,openbmi:44,97.0,97,100
openbmi_primary_rd,openbmi:45,76.5,153,200
openbmi_primary_rd,openbmi:46,68.0,17,25
openbmi_primary_rd,openbmi:47,77.5,31,40
openbmi_primary_rd,openbmi:48,69.83333333333333,419,600
openbmi_primary_rd,openbmi:49,66.33333333333333,199,300
openbmi_primary_rd,openbmi:5,74.83333333333333,449,600
openbmi_primary_rd,openbmi:50,53.5,107,200
openbmi_primary_rd,openbmi:51,63.333333333333336,19,30
openbmi_primary_rd,openbmi:52,63.166666666666664,379,600
openbmi_primary_rd,openbmi:53,55.666666666666664,167,300
openbmi_primary_rd,openbmi:54,55.666666666666664,167,300
openbmi_primary_rd,openbmi:6,90.83333333333333,109,120
openbmi_primary_rd,openbmi:7,78.66666666666667,59,75
openbmi_primary_rd,openbmi:8,67.5,27,40
openbmi_primary_rd,openbmi:9,69.33333333333333,52,75
openbmi_fulldemean,openbmi:1,61.166666666666664,367,600
openbmi_fulldemean,openbmi:10,57.333333333333336,43,75
openbmi_fulldemean,openbmi:11,51.833333333333336,311,600
openbmi_fulldemean,openbmi:12,62.833333333333336,377,600
openbmi_fulldemean,openbmi:13,61.166666666666664,367,600
openbmi_fulldemean,openbmi:14,55.0,11,20
openbmi_fulldemean,openbmi:15,73.16666666666667,439,600
openbmi_fulldemean,openbmi:16,65.0,13,20
openbmi_fulldemean,openbmi:17,59.5,119,200
openbmi_fulldemean,openbmi:18,80.66666666666667,121,150
openbmi_fulldemean,openbmi:19,75.0,3,4
openbmi_fulldemean,openbmi:2,60.166666666666664,361,600
openbmi_fulldemean,openbmi:20,63.0,63,100
openbmi_fulldemean,openbmi:21,97.33333333333333,73,75
openbmi_fulldemean,openbmi:22,57.333333333333336,43,75
openbmi_fulldemean,openbmi:23,54.666666666666664,41,75
openbmi_fulldemean,openbmi:24,52.0,13,25
openbmi_fulldemean,openbmi:25,88.16666666666667,529,600
openbmi_fulldemean,openbmi:26,76.83333333333333,461,600
openbmi_fulldemean,openbmi:27,77.83333333333333,467,600
openbmi_fulldemean,openbmi:28,79.5,159,200
openbmi_fulldemean,openbmi:29,88.5,177,200
openbmi_fulldemean,openbmi:3,77.66666666666667,233,300
openbmi_fulldemean,openbmi:30,66.66666666666667,2,3
openbmi_fulldemean,openbmi:31,73.16666666666667,439,600
openbmi_fulldemean,openbmi:32,59.666666666666664,179,300
openbmi_fulldemean,openbmi:33,93.33333333333333,14,15
openbmi_fulldemean,openbmi:34,57.666666666666664,173,300
openbmi_fulldemean,openbmi:35,89.0,89,100
openbmi_fulldemean,openbmi:36,96.5,193,200
openbmi_fulldemean,openbmi:37,93.16666666666667,559,600
openbmi_fulldemean,openbmi:38,57.5,23,40
openbmi_fulldemean,openbmi:39,65.66666666666667,197,300
openbmi_fulldemean,openbmi:4,81.33333333333333,61,75
openbmi_fulldemean,openbmi:40,60.0,3,5
openbmi_fulldemean,openbmi:41,55.166666666666664,331,600
openbmi_fulldemean,openbmi:42,63.5,127,200
openbmi_fulldemean,openbmi:43,85.33333333333333,64,75
openbmi_fulldemean,openbmi:44,95.5,191,200
openbmi_fulldemean,openbmi:45,80.0,4,5
openbmi_fulldemean,openbmi:46,66.5,133,200
openbmi_fulldemean,openbmi:47,75.83333333333333,91,120
openbmi_fulldemean,openbmi:48,69.33333333333333,52,75
openbmi_fulldemean,openbmi:49,64.5,129,200
openbmi_fulldemean,openbmi:5,81.16666666666667,487,600
openbmi_fulldemean,openbmi:50,52.833333333333336,317,600
openbmi_fulldemean,openbmi:51,64.66666666666667,97,150
openbmi_fulldemean,openbmi:52,66.16666666666667,397,600
openbmi_fulldemean,openbmi:53,55.0,11,20
openbmi_fulldemean,openbmi:54,55.166666666666664,331,600
openbmi_fulldemean,openbmi:6,90.5,181,200
openbmi_fulldemean,openbmi:7,77.5,31,40
openbmi_fulldemean,openbmi:8,65.66666666666667,197,300
openbmi_fulldemean,openbmi:9,68.66666666666667,103,150
openbmi_epoch_hp1,openbmi:1,54.833333333333336,329,600
openbmi_epoch_hp1,openbmi:10,53.0,53,100
openbmi_epoch_hp1,openbmi:11,49.333333333333336,37,75
openbmi_epoch_hp1,openbmi:12,46.666666666666664,7,15
openbmi_epoch_hp1,openbmi:13,53.166666666666664,319,600
openbmi_epoch_hp1,openbmi:14,52.0,13,25
openbmi_epoch_hp1,openbmi:15,58.333333333333336,7,12
openbmi_epoch_hp1,openbmi:16,49.666666666666664,149,300
openbmi_epoch_hp1,openbmi:17,57.166666666666664,343,600
openbmi_epoch_hp1,openbmi:18,81.5,163,200
openbmi_epoch_hp1,openbmi:19,73.33333333333333,11,15
openbmi_epoch_hp1,openbmi:2,58.166666666666664,349,600
openbmi_epoch_hp1,openbmi:20,57.333333333333336,43,75
openbmi_epoch_hp1,openbmi:21,96.5,193,200
openbmi_epoch_hp1,openbmi:22,64.16666666666667,77,120
openbmi_epoch_hp1,openbmi:23,53.0,53,100
openbmi_epoch_hp1,openbmi:24,53.0,53,100
openbmi_epoch_hp1,openbmi:25,76.83333333333333,461,600
openbmi_epoch_hp1,openbmi:26,55.166666666666664,331,600
openbmi_epoch_hp1,openbmi:27,53.833333333333336,323,600
openbmi_epoch_hp1,openbmi:28,81.66666666666667,49,60
openbmi_epoch_hp1,openbmi:29,96.5,193,200
openbmi_epoch_hp1,openbmi:3,93.5,187,200
openbmi_epoch_hp1,openbmi:30,55.833333333333336,67,120
openbmi_epoch_hp1,openbmi:31,54.166666666666664,13,24
openbmi_epoch_hp1,openbmi:32,71.83333333333333,431,600
openbmi_epoch_hp1,openbmi:33,95.33333333333333,143,150
openbmi_epoch_hp1,openbmi:34,52.333333333333336,157,300
openbmi_epoch_hp1,openbmi:35,87.16666666666667,523,600
openbmi_epoch_hp1,openbmi:36,97.5,39,40
openbmi_epoch_hp1,openbmi:37,91.66666666666667,11,12
openbmi_epoch_hp1,openbmi:38,54.5,109,200
openbmi_epoch_hp1,openbmi:39,54.0,27,50
openbmi_epoch_hp1,openbmi:4,64.33333333333333,193,300
openbmi_epoch_hp1,openbmi:40,54.5,109,200
openbmi_epoch_hp1,openbmi:41,53.833333333333336,323,600
openbmi_epoch_hp1,openbmi:42,54.166666666666664,13,24
openbmi_epoch_hp1,openbmi:43,70.0,7,10
openbmi_epoch_hp1,openbmi:44,94.83333333333333,569,600
openbmi_epoch_hp1,openbmi:45,87.66666666666667,263,300
openbmi_epoch_hp1,openbmi:46,59.0,59,100
openbmi_epoch_hp1,openbmi:47,52.833333333333336,317,600
openbmi_epoch_hp1,openbmi:48,61.666666666666664,37,60
openbmi_epoch_hp1,openbmi:49,52.166666666666664,313,600
openbmi_epoch_hp1,openbmi:5,77.16666666666667,463,600
openbmi_epoch_hp1,openbmi:50,51.166666666666664,307,600
openbmi_epoch_hp1,openbmi:51,48.166666666666664,289,600
openbmi_epoch_hp1,openbmi:52,59.333333333333336,89,150
openbmi_epoch_hp1,openbmi:53,49.833333333333336,299,600
openbmi_epoch_hp1,openbmi:54,52.666666666666664,79,150
openbmi_epoch_hp1,openbmi:6,74.33333333333333,223,300
openbmi_epoch_hp1,openbmi:7,56.5,113,200
openbmi_epoch_hp1,openbmi:8,60.333333333333336,181,300
openbmi_epoch_hp1,openbmi:9,67.83333333333333,407,600
reviewer-controls-20260925__bnci2015_001_eegnet_demean_final,bnci2015:1,53.0,53,100
reviewer-controls-20260925__bnci2015_001_eegnet_demean_final,bnci2015:10,69.33333333333333,52,75
reviewer-controls-20260925__bnci2015_001_eegnet_demean_final,bnci2015:11,53.0,53,100
reviewer-controls-20260925__bnci2015_001_eegnet_demean_final,bnci2015:12,68.0,17,25
reviewer-controls-20260925__bnci2015_001_eegnet_demean_final,bnci2015:2,92.0,23,25
reviewer-controls-20260925__bnci2015_001_eegnet_demean_final,bnci2015:3,70.0,7,10
reviewer-controls-20260925__bnci2015_001_eegnet_demean_final,bnci2015:4,81.0,81,100
reviewer-controls-20260925__bnci2015_001_eegnet_demean_final,bnci2015:5,54.5,109,200
reviewer-controls-20260925__bnci2015_001_eegnet_demean_final,bnci2015:6,73.5,147,200
reviewer-controls-20260925__bnci2015_001_eegnet_demean_final,bnci2015:7,78.5,157,200
reviewer-controls-20260925__bnci2015_001_eegnet_demean_final,bnci2015:8,57.333333333333336,43,75
reviewer-controls-20260925__bnci2015_001_eegnet_demean_final,bnci2015:9,58.0,29,50
reviewer-controls-20260925__bnci2015_001_nodemean_final,bnci2015:1,51.833333333333336,311,600
reviewer-controls-20260925__bnci2015_001_nodemean_final,bnci2015:10,74.33333333333333,223,300
reviewer-controls-20260925__bnci2015_001_nodemean_final,bnci2015:11,58.666666666666664,44,75
reviewer-controls-20260925__bnci2015_001_nodemean_final,bnci2015:12,69.5,139,200
reviewer-controls-20260925__bnci2015_001_nodemean_final,bnci2015:2,95.5,191,200
reviewer-controls-20260925__bnci2015_001_nodemean_final,bnci2015:3,94.0,47,50
reviewer-controls-20260925__bnci2015_001_nodemean_final,bnci2015:4,93.0,93,100
reviewer-controls-20260925__bnci2015_001_nodemean_final,bnci2015:5,80.5,161,200
reviewer-controls-20260925__bnci2015_001_nodemean_final,bnci2015:6,78.0,39,50
reviewer-controls-20260925__bnci2015_001_nodemean_final,bnci2015:7,93.33333333333333,14,15
reviewer-controls-20260925__bnci2015_001_nodemean_final,bnci2015:8,56.5,113,200
reviewer-controls-20260925__bnci2015_001_nodemean_final,bnci2015:9,67.33333333333333,101,150
reviewer-controls-20260925__bnci2015_001_rd_final,bnci2015:1,52.5,21,40
reviewer-controls-20260925__bnci2015_001_rd_final,bnci2015:10,76.66666666666667,23,30
reviewer-controls-20260925__bnci2015_001_rd_final,bnci2015:11,57.833333333333336,347,600
reviewer-controls-20260925__bnci2015_001_rd_final,bnci2015:12,71.33333333333333,107,150
reviewer-controls-20260925__bnci2015_001_rd_final,bnci2015:2,95.0,19,20
reviewer-controls-20260925__bnci2015_001_rd_final,bnci2015:3,94.83333333333333,569,600
reviewer-controls-20260925__bnci2015_001_rd_final,bnci2015:4,92.5,37,40
reviewer-controls-20260925__bnci2015_001_rd_final,bnci2015:5,80.66666666666667,121,150
reviewer-controls-20260925__bnci2015_001_rd_final,bnci2015:6,77.33333333333333,58,75
reviewer-controls-20260925__bnci2015_001_rd_final,bnci2015:7,93.33333333333333,14,15
reviewer-controls-20260925__bnci2015_001_rd_final,bnci2015:8,56.5,113,200
reviewer-controls-20260925__bnci2015_001_rd_final,bnci2015:9,67.66666666666667,203,300
reviewer-controls-20260925__eegnet_large_final,openbmi:1,56.666666666666664,17,30
reviewer-controls-20260925__eegnet_large_final,openbmi:10,55.0,11,20
reviewer-controls-20260925__eegnet_large_final,openbmi:11,52.0,13,25
reviewer-controls-20260925__eegnet_large_final,openbmi:12,59.5,119,200
reviewer-controls-20260925__eegnet_large_final,openbmi:13,60.166666666666664,361,600
reviewer-controls-20260925__eegnet_large_final,openbmi:14,59.5,119,200
reviewer-controls-20260925__eegnet_large_final,openbmi:15,73.0,73,100
reviewer-controls-20260925__eegnet_large_final,openbmi:16,66.0,33,50
reviewer-controls-20260925__eegnet_large_final,openbmi:17,54.666666666666664,41,75
reviewer-controls-20260925__eegnet_large_final,openbmi:18,52.333333333333336,157,300
reviewer-controls-20260925__eegnet_large_final,openbmi:19,59.333333333333336,89,150
reviewer-controls-20260925__eegnet_large_final,openbmi:2,71.16666666666667,427,600
reviewer-controls-20260925__eegnet_large_final,openbmi:20,62.833333333333336,377,600
reviewer-controls-20260925__eegnet_large_final,openbmi:21,65.16666666666667,391,600
reviewer-controls-20260925__eegnet_large_final,openbmi:22,56.333333333333336,169,300
reviewer-controls-20260925__eegnet_large_final,openbmi:23,50.333333333333336,151,300
reviewer-controls-20260925__eegnet_large_final,openbmi:24,45.666666666666664,137,300
reviewer-controls-20260925__eegnet_large_final,openbmi:25,89.0,89,100
reviewer-controls-20260925__eegnet_large_final,openbmi:26,72.66666666666667,109,150
reviewer-controls-20260925__eegnet_large_final,openbmi:27,79.16666666666667,19,24
reviewer-controls-20260925__eegnet_large_final,openbmi:28,75.33333333333333,113,150
reviewer-controls-20260925__eegnet_large_final,openbmi:29,83.16666666666667,499,600
reviewer-controls-20260925__eegnet_large_final,openbmi:3,77.0,77,100
reviewer-controls-20260925__eegnet_large_final,openbmi:30,63.5,127,200
reviewer-controls-20260925__eegnet_large_final,openbmi:31,68.83333333333333,413,600
reviewer-controls-20260925__eegnet_large_final,openbmi:32,53.0,53,100
reviewer-controls-20260925__eegnet_large_final,openbmi:33,65.5,131,200
reviewer-controls-20260925__eegnet_large_final,openbmi:34,58.0,29,50
reviewer-controls-20260925__eegnet_large_final,openbmi:35,86.83333333333333,521,600
reviewer-controls-20260925__eegnet_large_final,openbmi:36,90.5,181,200
reviewer-controls-20260925__eegnet_large_final,openbmi:37,48.833333333333336,293,600
reviewer-controls-20260925__eegnet_large_final,openbmi:38,64.33333333333333,193,300
reviewer-controls-20260925__eegnet_large_final,openbmi:39,62.5,5,8
reviewer-controls-20260925__eegnet_large_final,openbmi:4,81.33333333333333,61,75
reviewer-controls-20260925__eegnet_large_final,openbmi:40,63.0,63,100
reviewer-controls-20260925__eegnet_large_final,openbmi:41,58.5,117,200
reviewer-controls-20260925__eegnet_large_final,openbmi:42,62.5,5,8
reviewer-controls-20260925__eegnet_large_final,openbmi:43,84.33333333333333,253,300
reviewer-controls-20260925__eegnet_large_final,openbmi:44,83.33333333333333,5,6
reviewer-controls-20260925__eegnet_large_final,openbmi:45,58.666666666666664,44,75
reviewer-controls-20260925__eegnet_large_final,openbmi:46,68.83333333333333,413,600
reviewer-controls-20260925__eegnet_large_final,openbmi:47,72.83333333333333,437,600
reviewer-controls-20260925__eegnet_large_final,openbmi:48,69.66666666666667,209,300
reviewer-controls-20260925__eegnet_large_final,openbmi:49,67.0,67,100
reviewer-controls-20260925__eegnet_large_final,openbmi:5,62.0,31,50
reviewer-controls-20260925__eegnet_large_final,openbmi:50,55.0,11,20
reviewer-controls-20260925__eegnet_large_final,openbmi:51,65.16666666666667,391,600
reviewer-controls-20260925__eegnet_large_final,openbmi:52,66.0,33,50
reviewer-controls-20260925__eegnet_large_final,openbmi:53,56.333333333333336,169,300
reviewer-controls-20260925__eegnet_large_final,openbmi:54,54.333333333333336,163,300
reviewer-controls-20260925__eegnet_large_final,openbmi:6,90.33333333333333,271,300
reviewer-controls-20260925__eegnet_large_final,openbmi:7,78.66666666666667,59,75
reviewer-controls-20260925__eegnet_large_final,openbmi:8,65.5,131,200
reviewer-controls-20260925__eegnet_large_final,openbmi:9,52.0,13,25
reviewer-controls-20260925__hp05_eegnet_large_demean_final,openbmi:1,50.833333333333336,61,120
reviewer-controls-20260925__hp05_eegnet_large_demean_final,openbmi:10,55.666666666666664,167,300
reviewer-controls-20260925__hp05_eegnet_large_demean_final,openbmi:11,54.0,27,50
reviewer-controls-20260925__hp05_eegnet_large_demean_final,openbmi:12,60.333333333333336,181,300
reviewer-controls-20260925__hp05_eegnet_large_demean_final,openbmi:13,59.833333333333336,359,600
reviewer-controls-20260925__hp05_eegnet_large_demean_final,openbmi:14,60.166666666666664,361,600
reviewer-controls-20260925__hp05_eegnet_large_demean_final,openbmi:15,65.83333333333333,79,120
reviewer-controls-20260925__hp05_eegnet_large_demean_final,openbmi:16,65.16666666666667,391,600
reviewer-controls-20260925__hp05_eegnet_large_demean_final,openbmi:17,51.166666666666664,307,600
reviewer-controls-20260925__hp05_eegnet_large_demean_final,openbmi:18,53.0,53,100
reviewer-controls-20260925__hp05_eegnet_large_demean_final,openbmi:19,59.666666666666664,179,300
reviewer-controls-20260925__hp05_eegnet_large_demean_final,openbmi:2,65.5,131,200
reviewer-controls-20260925__hp05_eegnet_large_demean_final,openbmi:20,58.0,29,50
reviewer-controls-20260925__hp05_eegnet_large_demean_final,openbmi:21,68.5,137,200
reviewer-controls-20260925__hp05_eegnet_large_demean_final,openbmi:22,53.333333333333336,8,15
reviewer-controls-20260925__hp05_eegnet_large_demean_final,openbmi:23,49.333333333333336,37,75
reviewer-controls-20260925__hp05_eegnet_large_demean_final,openbmi:24,51.333333333333336,77,150
reviewer-controls-20260925__hp05_eegnet_large_demean_final,openbmi:25,90.16666666666667,541,600
reviewer-controls-20260925__hp05_eegnet_large_demean_final,openbmi:26,66.5,133,200
reviewer-controls-20260925__hp05_eegnet_large_demean_final,openbmi:27,80.5,161,200
reviewer-controls-20260925__hp05_eegnet_large_demean_final,openbmi:28,61.833333333333336,371,600
reviewer-controls-20260925__hp05_eegnet_large_demean_final,openbmi:29,84.33333333333333,253,300
reviewer-controls-20260925__hp05_eegnet_large_demean_final,openbmi:3,73.5,147,200
reviewer-controls-20260925__hp05_eegnet_large_demean_final,openbmi:30,60.333333333333336,181,300
reviewer-controls-20260925__hp05_eegnet_large_demean_final,openbmi:31,67.83333333333333,407,600
reviewer-controls-20260925__hp05_eegnet_large_demean_final,openbmi:32,52.5,21,40
reviewer-controls-20260925__hp05_eegnet_large_demean_final,openbmi:33,73.16666666666667,439,600
reviewer-controls-20260925__hp05_eegnet_large_demean_final,openbmi:34,50.666666666666664,38,75
reviewer-controls-20260925__hp05_eegnet_large_demean_final,openbmi:35,94.0,47,50
reviewer-controls-20260925__hp05_eegnet_large_demean_final,openbmi:36,95.5,191,200
reviewer-controls-20260925__hp05_eegnet_large_demean_final,openbmi:37,50.0,1,2
reviewer-controls-20260925__hp05_eegnet_large_demean_final,openbmi:38,68.0,17,25
reviewer-controls-20260925__hp05_eegnet_large_demean_final,openbmi:39,52.166666666666664,313,600
reviewer-controls-20260925__hp05_eegnet_large_demean_final,openbmi:4,80.5,161,200
reviewer-controls-20260925__hp05_eegnet_large_demean_final,openbmi:40,61.0,61,100
reviewer-controls-20260925__hp05_eegnet_large_demean_final,openbmi:41,58.666666666666664,44,75
reviewer-controls-20260925__hp05_eegnet_large_demean_final,openbmi:42,54.333333333333336,163,300
reviewer-controls-20260925__hp05_eegnet_large_demean_final,openbmi:43,75.33333333333333,113,150
reviewer-controls-20260925__hp05_eegnet_large_demean_final,openbmi:44,79.5,159,200
reviewer-controls-20260925__hp05_eegnet_large_demean_final,openbmi:45,76.0,19,25
reviewer-controls-20260925__hp05_eegnet_large_demean_final,openbmi:46,60.333333333333336,181,300
reviewer-controls-20260925__hp05_eegnet_large_demean_final,openbmi:47,60.5,121,200
reviewer-controls-20260925__hp05_eegnet_large_demean_final,openbmi:48,67.33333333333333,101,150
reviewer-controls-20260925__hp05_eegnet_large_demean_final,openbmi:49,61.166666666666664,367,600
reviewer-controls-20260925__hp05_eegnet_large_demean_final,openbmi:5,60.666666666666664,91,150
reviewer-controls-20260925__hp05_eegnet_large_demean_final,openbmi:50,47.333333333333336,71,150
reviewer-controls-20260925__hp05_eegnet_large_demean_final,openbmi:51,53.833333333333336,323,600
reviewer-controls-20260925__hp05_eegnet_large_demean_final,openbmi:52,70.83333333333333,17,24
reviewer-controls-20260925__hp05_eegnet_large_demean_final,openbmi:53,55.0,11,20
reviewer-controls-20260925__hp05_eegnet_large_demean_final,openbmi:54,54.5,109,200
reviewer-controls-20260925__hp05_eegnet_large_demean_final,openbmi:6,80.0,4,5
reviewer-controls-20260925__hp05_eegnet_large_demean_final,openbmi:7,75.0,3,4
reviewer-controls-20260925__hp05_eegnet_large_demean_final,openbmi:8,67.66666666666667,203,300
reviewer-controls-20260925__hp05_eegnet_large_demean_final,openbmi:9,49.333333333333336,37,75
reviewer-controls-20260925__hp05_eegnet_large_nodemean_final,openbmi:1,51.833333333333336,311,600
reviewer-controls-20260925__hp05_eegnet_large_nodemean_final,openbmi:10,59.5,119,200
reviewer-controls-20260925__hp05_eegnet_large_nodemean_final,openbmi:11,52.166666666666664,313,600
reviewer-controls-20260925__hp05_eegnet_large_nodemean_final,openbmi:12,59.333333333333336,89,150
reviewer-controls-20260925__hp05_eegnet_large_nodemean_final,openbmi:13,56.333333333333336,169,300
reviewer-controls-20260925__hp05_eegnet_large_nodemean_final,openbmi:14,60.666666666666664,91,150
reviewer-controls-20260925__hp05_eegnet_large_nodemean_final,openbmi:15,66.66666666666667,2,3
reviewer-controls-20260925__hp05_eegnet_large_nodemean_final,openbmi:16,64.16666666666667,77,120
reviewer-controls-20260925__hp05_eegnet_large_nodemean_final,openbmi:17,52.166666666666664,313,600
reviewer-controls-20260925__hp05_eegnet_large_nodemean_final,openbmi:18,50.5,101,200
reviewer-controls-20260925__hp05_eegnet_large_nodemean_final,openbmi:19,59.5,119,200
reviewer-controls-20260925__hp05_eegnet_large_nodemean_final,openbmi:2,62.833333333333336,377,600
reviewer-controls-20260925__hp05_eegnet_large_nodemean_final,openbmi:20,58.666666666666664,44,75
reviewer-controls-20260925__hp05_eegnet_large_nodemean_final,openbmi:21,68.16666666666667,409,600
reviewer-controls-20260925__hp05_eegnet_large_nodemean_final,openbmi:22,54.333333333333336,163,300
reviewer-controls-20260925__hp05_eegnet_large_nodemean_final,openbmi:23,46.666666666666664,7,15
reviewer-controls-20260925__hp05_eegnet_large_nodemean_final,openbmi:24,52.5,21,40
reviewer-controls-20260925__hp05_eegnet_large_nodemean_final,openbmi:25,89.5,179,200
reviewer-controls-20260925__hp05_eegnet_large_nodemean_final,openbmi:26,66.33333333333333,199,300
reviewer-controls-20260925__hp05_eegnet_large_nodemean_final,openbmi:27,81.16666666666667,487,600
reviewer-controls-20260925__hp05_eegnet_large_nodemean_final,openbmi:28,61.333333333333336,46,75
reviewer-controls-20260925__hp05_eegnet_large_nodemean_final,openbmi:29,85.66666666666667,257,300
reviewer-controls-20260925__hp05_eegnet_large_nodemean_final,openbmi:3,72.83333333333333,437,600
reviewer-controls-20260925__hp05_eegnet_large_nodemean_final,openbmi:30,56.666666666666664,17,30
reviewer-controls-20260925__hp05_eegnet_large_nodemean_final,openbmi:31,67.33333333333333,101,150
reviewer-controls-20260925__hp05_eegnet_large_nodemean_final,openbmi:32,52.166666666666664,313,600
reviewer-controls-20260925__hp05_eegnet_large_nodemean_final,openbmi:33,74.66666666666667,56,75
reviewer-controls-20260925__hp05_eegnet_large_nodemean_final,openbmi:34,51.0,51,100
reviewer-controls-20260925__hp05_eegnet_large_nodemean_final,openbmi:35,94.33333333333333,283,300
reviewer-controls-20260925__hp05_eegnet_large_nodemean_final,openbmi:36,96.0,24,25
reviewer-controls-20260925__hp05_eegnet_large_nodemean_final,openbmi:37,51.0,51,100
reviewer-controls-20260925__hp05_eegnet_large_nodemean_final,openbmi:38,70.16666666666667,421,600
reviewer-controls-20260925__hp05_eegnet_large_nodemean_final,openbmi:39,53.5,107,200
reviewer-controls-20260925__hp05_eegnet_large_nodemean_final,openbmi:4,79.33333333333333,119,150
reviewer-controls-20260925__hp05_eegnet_large_nodemean_final,openbmi:40,57.666666666666664,173,300
reviewer-controls-20260925__hp05_eegnet_large_nodemean_final,openbmi:41,59.333333333333336,89,150
reviewer-controls-20260925__hp05_eegnet_large_nodemean_final,openbmi:42,53.0,53,100
reviewer-controls-20260925__hp05_eegnet_large_nodemean_final,openbmi:43,76.16666666666667,457,600
reviewer-controls-20260925__hp05_eegnet_large_nodemean_final,openbmi:44,76.83333333333333,461,600
reviewer-controls-20260925__hp05_eegnet_large_nodemean_final,openbmi:45,68.16666666666667,409,600
reviewer-controls-20260925__hp05_eegnet_large_nodemean_final,openbmi:46,60.166666666666664,361,600
reviewer-controls-20260925__hp05_eegnet_large_nodemean_final,openbmi:47,64.5,129,200
reviewer-controls-20260925__hp05_eegnet_large_nodemean_final,openbmi:48,66.83333333333333,401,600
reviewer-controls-20260925__hp05_eegnet_large_nodemean_final,openbmi:49,61.333333333333336,46,75
reviewer-controls-20260925__hp05_eegnet_large_nodemean_final,openbmi:5,61.666666666666664,37,60
reviewer-controls-20260925__hp05_eegnet_large_nodemean_final,openbmi:50,47.833333333333336,287,600
reviewer-controls-20260925__hp05_eegnet_large_nodemean_final,openbmi:51,54.333333333333336,163,300
reviewer-controls-20260925__hp05_eegnet_large_nodemean_final,openbmi:52,66.16666666666667,397,600
reviewer-controls-20260925__hp05_eegnet_large_nodemean_final,openbmi:53,53.833333333333336,323,600
reviewer-controls-20260925__hp05_eegnet_large_nodemean_final,openbmi:54,54.5,109,200
reviewer-controls-20260925__hp05_eegnet_large_nodemean_final,openbmi:6,78.0,39,50
reviewer-controls-20260925__hp05_eegnet_large_nodemean_final,openbmi:7,73.83333333333333,443,600
reviewer-controls-20260925__hp05_eegnet_large_nodemean_final,openbmi:8,69.0,69,100
reviewer-controls-20260925__hp05_eegnet_large_nodemean_final,openbmi:9,47.666666666666664,143,300
reviewer-controls-20260925__hp05_eegnet_small_demean_final,openbmi:1,50.833333333333336,61,120
reviewer-controls-20260925__hp05_eegnet_small_demean_final,openbmi:10,59.5,119,200
reviewer-controls-20260925__hp05_eegnet_small_demean_final,openbmi:11,55.666666666666664,167,300
reviewer-controls-20260925__hp05_eegnet_small_demean_final,openbmi:12,58.166666666666664,349,600
reviewer-controls-20260925__hp05_eegnet_small_demean_final,openbmi:13,58.166666666666664,349,600
reviewer-controls-20260925__hp05_eegnet_small_demean_final,openbmi:14,57.833333333333336,347,600
reviewer-controls-20260925__hp05_eegnet_small_demean_final,openbmi:15,65.83333333333333,79,120
reviewer-controls-20260925__hp05_eegnet_small_demean_final,openbmi:16,57.166666666666664,343,600
reviewer-controls-20260925__hp05_eegnet_small_demean_final,openbmi:17,52.666666666666664,79,150
reviewer-controls-20260925__hp05_eegnet_small_demean_final,openbmi:18,52.5,21,40
reviewer-controls-20260925__hp05_eegnet_small_demean_final,openbmi:19,59.333333333333336,89,150
reviewer-controls-20260925__hp05_eegnet_small_demean_final,openbmi:2,64.16666666666667,77,120
reviewer-controls-20260925__hp05_eegnet_small_demean_final,openbmi:20,58.5,117,200
reviewer-controls-20260925__hp05_eegnet_small_demean_final,openbmi:21,55.166666666666664,331,600
reviewer-controls-20260925__hp05_eegnet_small_demean_final,openbmi:22,52.833333333333336,317,600
reviewer-controls-20260925__hp05_eegnet_small_demean_final,openbmi:23,51.166666666666664,307,600
reviewer-controls-20260925__hp05_eegnet_small_demean_final,openbmi:24,53.666666666666664,161,300
reviewer-controls-20260925__hp05_eegnet_small_demean_final,openbmi:25,88.83333333333333,533,600
reviewer-controls-20260925__hp05_eegnet_small_demean_final,openbmi:26,64.5,129,200
reviewer-controls-20260925__hp05_eegnet_small_demean_final,openbmi:27,79.33333333333333,119,150
reviewer-controls-20260925__hp05_eegnet_small_demean_final,openbmi:28,62.833333333333336,377,600
reviewer-controls-20260925__hp05_eegnet_small_demean_final,openbmi:29,91.16666666666667,547,600
reviewer-controls-20260925__hp05_eegnet_small_demean_final,openbmi:3,73.5,147,200
reviewer-controls-20260925__hp05_eegnet_small_demean_final,openbmi:30,58.0,29,50
reviewer-controls-20260925__hp05_eegnet_small_demean_final,openbmi:31,65.0,13,20
reviewer-controls-20260925__hp05_eegnet_small_demean_final,openbmi:32,52.833333333333336,317,600
reviewer-controls-20260925__hp05_eegnet_small_demean_final,openbmi:33,71.83333333333333,431,600
reviewer-controls-20260925__hp05_eegnet_small_demean_final,openbmi:34,49.5,99,200
reviewer-controls-20260925__hp05_eegnet_small_demean_final,openbmi:35,93.83333333333333,563,600
reviewer-controls-20260925__hp05_eegnet_small_demean_final,openbmi:36,93.16666666666667,559,600
reviewer-controls-20260925__hp05_eegnet_small_demean_final,openbmi:37,51.833333333333336,311,600
reviewer-controls-20260925__hp05_eegnet_small_demean_final,openbmi:38,72.66666666666667,109,150
reviewer-controls-20260925__hp05_eegnet_small_demean_final,openbmi:39,55.5,111,200
reviewer-controls-20260925__hp05_eegnet_small_demean_final,openbmi:4,77.66666666666667,233,300
reviewer-controls-20260925__hp05_eegnet_small_demean_final,openbmi:40,56.0,14,25
reviewer-controls-20260925__hp05_eegnet_small_demean_final,openbmi:41,58.5,117,200
reviewer-controls-20260925__hp05_eegnet_small_demean_final,openbmi:42,56.5,113,200
reviewer-controls-20260925__hp05_eegnet_small_demean_final,openbmi:43,71.33333333333333,107,150
reviewer-controls-20260925__hp05_eegnet_small_demean_final,openbmi:44,76.83333333333333,461,600
reviewer-controls-20260925__hp05_eegnet_small_demean_final,openbmi:45,51.666666666666664,31,60
reviewer-controls-20260925__hp05_eegnet_small_demean_final,openbmi:46,55.833333333333336,67,120
reviewer-controls-20260925__hp05_eegnet_small_demean_final,openbmi:47,65.33333333333333,49,75
reviewer-controls-20260925__hp05_eegnet_small_demean_final,openbmi:48,70.83333333333333,17,24
reviewer-controls-20260925__hp05_eegnet_small_demean_final,openbmi:49,56.0,14,25
reviewer-controls-20260925__hp05_eegnet_small_demean_final,openbmi:5,63.666666666666664,191,300
reviewer-controls-20260925__hp05_eegnet_small_demean_final,openbmi:50,49.333333333333336,37,75
reviewer-controls-20260925__hp05_eegnet_small_demean_final,openbmi:51,55.0,11,20
reviewer-controls-20260925__hp05_eegnet_small_demean_final,openbmi:52,66.0,33,50
reviewer-controls-20260925__hp05_eegnet_small_demean_final,openbmi:53,53.333333333333336,8,15
reviewer-controls-20260925__hp05_eegnet_small_demean_final,openbmi:54,56.833333333333336,341,600
reviewer-controls-20260925__hp05_eegnet_small_demean_final,openbmi:6,76.0,19,25
reviewer-controls-20260925__hp05_eegnet_small_demean_final,openbmi:7,73.66666666666667,221,300
reviewer-controls-20260925__hp05_eegnet_small_demean_final,openbmi:8,68.66666666666667,103,150
reviewer-controls-20260925__hp05_eegnet_small_demean_final,openbmi:9,49.5,99,200
reviewer-controls-20260925__hp05_eegnet_small_nodemean_final,openbmi:1,52.5,21,40
reviewer-controls-20260925__hp05_eegnet_small_nodemean_final,openbmi:10,56.333333333333336,169,300
reviewer-controls-20260925__hp05_eegnet_small_nodemean_final,openbmi:11,48.833333333333336,293,600
reviewer-controls-20260925__hp05_eegnet_small_nodemean_final,openbmi:12,57.0,57,100
reviewer-controls-20260925__hp05_eegnet_small_nodemean_final,openbmi:13,58.333333333333336,7,12
reviewer-controls-20260925__hp05_eegnet_small_nodemean_final,openbmi:14,57.333333333333336,43,75
reviewer-controls-20260925__hp05_eegnet_small_nodemean_final,openbmi:15,68.66666666666667,103,150
reviewer-controls-20260925__hp05_eegnet_small_nodemean_final,openbmi:16,58.666666666666664,44,75
reviewer-controls-20260925__hp05_eegnet_small_nodemean_final,openbmi:17,52.5,21,40
reviewer-controls-20260925__hp05_eegnet_small_nodemean_final,openbmi:18,48.833333333333336,293,600
reviewer-controls-20260925__hp05_eegnet_small_nodemean_final,openbmi:19,59.833333333333336,359,600
reviewer-controls-20260925__hp05_eegnet_small_nodemean_final,openbmi:2,65.16666666666667,391,600
reviewer-controls-20260925__hp05_eegnet_small_nodemean_final,openbmi:20,59.166666666666664,71,120
reviewer-controls-20260925__hp05_eegnet_small_nodemean_final,openbmi:21,55.0,11,20
reviewer-controls-20260925__hp05_eegnet_small_nodemean_final,openbmi:22,52.0,13,25
reviewer-controls-20260925__hp05_eegnet_small_nodemean_final,openbmi:23,52.166666666666664,313,600
reviewer-controls-20260925__hp05_eegnet_small_nodemean_final,openbmi:24,54.666666666666664,41,75
reviewer-controls-20260925__hp05_eegnet_small_nodemean_final,openbmi:25,79.33333333333333,119,150
reviewer-controls-20260925__hp05_eegnet_small_nodemean_final,openbmi:26,65.16666666666667,391,600
reviewer-controls-20260925__hp05_eegnet_small_nodemean_final,openbmi:27,81.0,81,100
reviewer-controls-20260925__hp05_eegnet_small_nodemean_final,openbmi:28,62.5,5,8
reviewer-controls-20260925__hp05_eegnet_small_nodemean_final,openbmi:29,91.66666666666667,11,12
reviewer-controls-20260925__hp05_eegnet_small_nodemean_final,openbmi:3,66.33333333333333,199,300
reviewer-controls-20260925__hp05_eegnet_small_nodemean_final,openbmi:30,60.0,3,5
reviewer-controls-20260925__hp05_eegnet_small_nodemean_final,openbmi:31,63.166666666666664,379,600
reviewer-controls-20260925__hp05_eegnet_small_nodemean_final,openbmi:32,51.0,51,100
reviewer-controls-20260925__hp05_eegnet_small_nodemean_final,openbmi:33,72.33333333333333,217,300
reviewer-controls-20260925__hp05_eegnet_small_nodemean_final,openbmi:34,49.666666666666664,149,300
reviewer-controls-20260925__hp05_eegnet_small_nodemean_final,openbmi:35,94.0,47,50
reviewer-controls-20260925__hp05_eegnet_small_nodemean_final,openbmi:36,92.33333333333333,277,300
reviewer-controls-20260925__hp05_eegnet_small_nodemean_final,openbmi:37,52.666666666666664,79,150
reviewer-controls-20260925__hp05_eegnet_small_nodemean_final,openbmi:38,66.83333333333333,401,600
reviewer-controls-20260925__hp05_eegnet_small_nodemean_final,openbmi:39,56.166666666666664,337,600
reviewer-controls-20260925__hp05_eegnet_small_nodemean_final,openbmi:4,77.83333333333333,467,600
reviewer-controls-20260925__hp05_eegnet_small_nodemean_final,openbmi:40,59.166666666666664,71,120
reviewer-controls-20260925__hp05_eegnet_small_nodemean_final,openbmi:41,59.833333333333336,359,600
reviewer-controls-20260925__hp05_eegnet_small_nodemean_final,openbmi:42,55.0,11,20
reviewer-controls-20260925__hp05_eegnet_small_nodemean_final,openbmi:43,69.0,69,100
reviewer-controls-20260925__hp05_eegnet_small_nodemean_final,openbmi:44,70.16666666666667,421,600
reviewer-controls-20260925__hp05_eegnet_small_nodemean_final,openbmi:45,52.666666666666664,79,150
reviewer-controls-20260925__hp05_eegnet_small_nodemean_final,openbmi:46,58.0,29,50
reviewer-controls-20260925__hp05_eegnet_small_nodemean_final,openbmi:47,65.66666666666667,197,300
reviewer-controls-20260925__hp05_eegnet_small_nodemean_final,openbmi:48,71.0,71,100
reviewer-controls-20260925__hp05_eegnet_small_nodemean_final,openbmi:49,53.5,107,200
reviewer-controls-20260925__hp05_eegnet_small_nodemean_final,openbmi:5,64.33333333333333,193,300
reviewer-controls-20260925__hp05_eegnet_small_nodemean_final,openbmi:50,49.0,49,100
reviewer-controls-20260925__hp05_eegnet_small_nodemean_final,openbmi:51,55.333333333333336,83,150
reviewer-controls-20260925__hp05_eegnet_small_nodemean_final,openbmi:52,68.16666666666667,409,600
reviewer-controls-20260925__hp05_eegnet_small_nodemean_final,openbmi:53,53.333333333333336,8,15
reviewer-controls-20260925__hp05_eegnet_small_nodemean_final,openbmi:54,57.5,23,40
reviewer-controls-20260925__hp05_eegnet_small_nodemean_final,openbmi:6,76.83333333333333,461,600
reviewer-controls-20260925__hp05_eegnet_small_nodemean_final,openbmi:7,73.33333333333333,11,15
reviewer-controls-20260925__hp05_eegnet_small_nodemean_final,openbmi:8,69.16666666666667,83,120
reviewer-controls-20260925__hp05_eegnet_small_nodemean_final,openbmi:9,47.833333333333336,287,600
openbmi_hp05_nodemean,openbmi:1,54.5,109,200
openbmi_hp05_nodemean,openbmi:10,55.333333333333336,83,150
openbmi_hp05_nodemean,openbmi:11,52.0,13,25
openbmi_hp05_nodemean,openbmi:12,58.0,29,50
openbmi_hp05_nodemean,openbmi:13,59.0,59,100
openbmi_hp05_nodemean,openbmi:14,53.833333333333336,323,600
openbmi_hp05_nodemean,openbmi:15,64.83333333333333,389,600
openbmi_hp05_nodemean,openbmi:16,63.0,63,100
openbmi_hp05_nodemean,openbmi:17,54.0,27,50
openbmi_hp05_nodemean,openbmi:18,80.5,161,200
openbmi_hp05_nodemean,openbmi:19,75.33333333333333,113,150
openbmi_hp05_nodemean,openbmi:2,54.166666666666664,13,24
openbmi_hp05_nodemean,openbmi:20,60.0,3,5
openbmi_hp05_nodemean,openbmi:21,97.5,39,40
openbmi_hp05_nodemean,openbmi:22,61.166666666666664,367,600
openbmi_hp05_nodemean,openbmi:23,53.333333333333336,8,15
openbmi_hp05_nodemean,openbmi:24,56.166666666666664,337,600
openbmi_hp05_nodemean,openbmi:25,90.0,9,10
openbmi_hp05_nodemean,openbmi:26,62.833333333333336,377,600
openbmi_hp05_nodemean,openbmi:27,80.33333333333333,241,300
openbmi_hp05_nodemean,openbmi:28,75.83333333333333,91,120
openbmi_hp05_nodemean,openbmi:29,94.33333333333333,283,300
openbmi_hp05_nodemean,openbmi:3,93.33333333333333,14,15
openbmi_hp05_nodemean,openbmi:30,61.5,123,200
openbmi_hp05_nodemean,openbmi:31,66.33333333333333,199,300
openbmi_hp05_nodemean,openbmi:32,71.66666666666667,43,60
openbmi_hp05_nodemean,openbmi:33,95.16666666666667,571,600
openbmi_hp05_nodemean,openbmi:34,52.166666666666664,313,600
openbmi_hp05_nodemean,openbmi:35,93.83333333333333,563,600
openbmi_hp05_nodemean,openbmi:36,99.0,99,100
openbmi_hp05_nodemean,openbmi:37,92.16666666666667,553,600
openbmi_hp05_nodemean,openbmi:38,70.83333333333333,17,24
openbmi_hp05_nodemean,openbmi:39,65.16666666666667,391,600
openbmi_hp05_nodemean,openbmi:4,76.33333333333333,229,300
openbmi_hp05_nodemean,openbmi:40,58.5,117,200
openbmi_hp05_nodemean,openbmi:41,58.0,29,50
openbmi_hp05_nodemean,openbmi:42,56.0,14,25
openbmi_hp05_nodemean,openbmi:43,74.0,37,50
openbmi_hp05_nodemean,openbmi:44,94.5,189,200
openbmi_hp05_nodemean,openbmi:45,85.16666666666667,511,600
openbmi_hp05_nodemean,openbmi:46,60.0,3,5
openbmi_hp05_nodemean,openbmi:47,65.83333333333333,79,120
openbmi_hp05_nodemean,openbmi:48,72.5,29,40
openbmi_hp05_nodemean,openbmi:49,51.333333333333336,77,150
openbmi_hp05_nodemean,openbmi:5,84.33333333333333,253,300
openbmi_hp05_nodemean,openbmi:50,54.0,27,50
openbmi_hp05_nodemean,openbmi:51,54.833333333333336,329,600
openbmi_hp05_nodemean,openbmi:52,69.83333333333333,419,600
openbmi_hp05_nodemean,openbmi:53,52.833333333333336,317,600
openbmi_hp05_nodemean,openbmi:54,54.0,27,50
openbmi_hp05_nodemean,openbmi:6,78.83333333333333,473,600
openbmi_hp05_nodemean,openbmi:7,72.83333333333333,437,600
openbmi_hp05_nodemean,openbmi:8,71.0,71,100
openbmi_hp05_nodemean,openbmi:9,59.5,119,200
openbmi_hp05_rd,openbmi:1,53.5,107,200
openbmi_hp05_rd,openbmi:10,59.333333333333336,89,150
openbmi_hp05_rd,openbmi:11,51.0,51,100
openbmi_hp05_rd,openbmi:12,57.833333333333336,347,600
openbmi_hp05_rd,openbmi:13,56.666666666666664,17,30
openbmi_hp05_rd,openbmi:14,54.833333333333336,329,600
openbmi_hp05_rd,openbmi:15,65.5,131,200
openbmi_hp05_rd,openbmi:16,63.5,127,200
openbmi_hp05_rd,openbmi:17,55.833333333333336,67,120
openbmi_hp05_rd,openbmi:18,81.33333333333333,61,75
openbmi_hp05_rd,openbmi:19,75.16666666666667,451,600
openbmi_hp05_rd,openbmi:2,57.333333333333336,43,75
openbmi_hp05_rd,openbmi:20,60.0,3,5
openbmi_hp05_rd,openbmi:21,97.83333333333333,587,600
openbmi_hp05_rd,openbmi:22,62.166666666666664,373,600
openbmi_hp05_rd,openbmi:23,54.833333333333336,329,600
openbmi_hp05_rd,openbmi:24,53.166666666666664,319,600
openbmi_hp05_rd,openbmi:25,91.66666666666667,11,12
openbmi_hp05_rd,openbmi:26,63.666666666666664,191,300
openbmi_hp05_rd,openbmi:27,79.5,159,200
openbmi_hp05_rd,openbmi:28,76.66666666666667,23,30
openbmi_hp05_rd,openbmi:29,93.83333333333333,563,600
openbmi_hp05_rd,openbmi:3,94.33333333333333,283,300
openbmi_hp05_rd,openbmi:30,60.666666666666664,91,150
openbmi_hp05_rd,openbmi:31,62.833333333333336,377,600
openbmi_hp05_rd,openbmi:32,75.33333333333333,113,150
openbmi_hp05_rd,openbmi:33,94.83333333333333,569,600
openbmi_hp05_rd,openbmi:34,51.333333333333336,77,150
openbmi_hp05_rd,openbmi:35,94.0,47,50
openbmi_hp05_rd,openbmi:36,98.66666666666667,74,75
openbmi_hp05_rd,openbmi:37,92.16666666666667,553,600
openbmi_hp05_rd,openbmi:38,71.16666666666667,427,600
openbmi_hp05_rd,openbmi:39,63.833333333333336,383,600
openbmi_hp05_rd,openbmi:4,76.33333333333333,229,300
openbmi_hp05_rd,openbmi:40,58.333333333333336,7,12
openbmi_hp05_rd,openbmi:41,58.5,117,200
openbmi_hp05_rd,openbmi:42,55.5,111,200
openbmi_hp05_rd,openbmi:43,75.0,3,4
openbmi_hp05_rd,openbmi:44,94.16666666666667,113,120
openbmi_hp05_rd,openbmi:45,86.66666666666667,13,15
openbmi_hp05_rd,openbmi:46,57.666666666666664,173,300
openbmi_hp05_rd,openbmi:47,64.5,129,200
openbmi_hp05_rd,openbmi:48,73.66666666666667,221,300
openbmi_hp05_rd,openbmi:49,62.666666666666664,47,75
openbmi_hp05_rd,openbmi:5,81.66666666666667,49,60
openbmi_hp05_rd,openbmi:50,52.0,13,25
openbmi_hp05_rd,openbmi:51,55.166666666666664,331,600
openbmi_hp05_rd,openbmi:52,71.33333333333333,107,150
openbmi_hp05_rd,openbmi:53,51.5,103,200
openbmi_hp05_rd,openbmi:54,52.666666666666664,79,150
openbmi_hp05_rd,openbmi:6,79.5,159,200
openbmi_hp05_rd,openbmi:7,72.66666666666667,109,150
openbmi_hp05_rd,openbmi:8,71.33333333333333,107,150
openbmi_hp05_rd,openbmi:9,68.66666666666667,103,150
zhou2016-20260927__zhou2016_eegnet_demean_final,zhou2016:1,61.77777777777778,139,225
zhou2016-20260927__zhou2016_eegnet_demean_final,zhou2016:2,36.54320987654321,148,405
zhou2016-20260927__zhou2016_eegnet_demean_final,zhou2016:3,45.916114790286976,208,453
zhou2016-20260927__zhou2016_eegnet_demean_final,zhou2016:4,55.55555555555556,5,9
zhou2016-20260927__zhou2016_nodemean_final,zhou2016:1,81.77777777777777,184,225
zhou2016-20260927__zhou2016_nodemean_final,zhou2016:2,78.0246913580247,316,405
zhou2016-20260927__zhou2016_nodemean_final,zhou2016:3,49.22737306843267,223,453
zhou2016-20260927__zhou2016_nodemean_final,zhou2016:4,60.888888888888886,137,225
zhou2016-20260927__zhou2016_rd_final,zhou2016:1,80.0,4,5
zhou2016-20260927__zhou2016_rd_final,zhou2016:2,66.17283950617283,268,405
zhou2016-20260927__zhou2016_rd_final,zhou2016:3,52.980132450331126,80,151
zhou2016-20260927__zhou2016_rd_final,zhou2016:4,64.66666666666667,97,150
openbmi_fbcnet_filtermatched,openbmi:1,75.16666666666667,451,600
openbmi_fbcnet_filtermatched,openbmi:10,62.0,31,50
openbmi_fbcnet_filtermatched,openbmi:11,50.333333333333336,151,300
openbmi_fbcnet_filtermatched,openbmi:12,51.5,103,200
openbmi_fbcnet_filtermatched,openbmi:13,51.166666666666664,307,600
openbmi_fbcnet_filtermatched,openbmi:14,52.0,13,25
openbmi_fbcnet_filtermatched,openbmi:15,62.833333333333336,377,600
openbmi_fbcnet_filtermatched,openbmi:16,59.333333333333336,89,150
openbmi_fbcnet_filtermatched,openbmi:17,60.333333333333336,181,300
openbmi_fbcnet_filtermatched,openbmi:18,86.0,43,50
openbmi_fbcnet_filtermatched,openbmi:19,67.83333333333333,407,600
openbmi_fbcnet_filtermatched,openbmi:2,71.0,71,100
openbmi_fbcnet_filtermatched,openbmi:20,56.666666666666664,17,30
openbmi_fbcnet_filtermatched,openbmi:21,99.83333333333333,599,600
openbmi_fbcnet_filtermatched,openbmi:22,71.5,143,200
openbmi_fbcnet_filtermatched,openbmi:23,56.666666666666664,17,30
openbmi_fbcnet_filtermatched,openbmi:24,50.333333333333336,151,300
openbmi_fbcnet_filtermatched,openbmi:25,62.333333333333336,187,300
openbmi_fbcnet_filtermatched,openbmi:26,60.333333333333336,181,300
openbmi_fbcnet_filtermatched,openbmi:27,54.666666666666664,41,75
openbmi_fbcnet_filtermatched,openbmi:28,94.83333333333333,569,600
openbmi_fbcnet_filtermatched,openbmi:29,91.83333333333333,551,600
openbmi_fbcnet_filtermatched,openbmi:3,94.16666666666667,113,120
openbmi_fbcnet_filtermatched,openbmi:30,62.5,5,8
openbmi_fbcnet_filtermatched,openbmi:31,56.166666666666664,337,600
openbmi_fbcnet_filtermatched,openbmi:32,67.0,67,100
openbmi_fbcnet_filtermatched,openbmi:33,95.5,191,200
openbmi_fbcnet_filtermatched,openbmi:34,59.0,59,100
openbmi_fbcnet_filtermatched,openbmi:35,69.16666666666667,83,120
openbmi_fbcnet_filtermatched,openbmi:36,97.16666666666667,583,600
openbmi_fbcnet_filtermatched,openbmi:37,93.66666666666667,281,300
openbmi_fbcnet_filtermatched,openbmi:38,51.333333333333336,77,150
openbmi_fbcnet_filtermatched,openbmi:39,63.666666666666664,191,300
openbmi_fbcnet_filtermatched,openbmi:4,76.66666666666667,23,30
openbmi_fbcnet_filtermatched,openbmi:40,54.666666666666664,41,75
openbmi_fbcnet_filtermatched,openbmi:41,49.166666666666664,59,120
openbmi_fbcnet_filtermatched,openbmi:42,55.666666666666664,167,300
openbmi_fbcnet_filtermatched,openbmi:43,79.0,79,100
openbmi_fbcnet_filtermatched,openbmi:44,97.83333333333333,587,600
openbmi_fbcnet_filtermatched,openbmi:45,85.33333333333333,64,75
openbmi_fbcnet_filtermatched,openbmi:46,59.666666666666664,179,300
openbmi_fbcnet_filtermatched,openbmi:47,52.5,21,40
openbmi_fbcnet_filtermatched,openbmi:48,59.666666666666664,179,300
openbmi_fbcnet_filtermatched,openbmi:49,64.33333333333333,193,300
openbmi_fbcnet_filtermatched,openbmi:5,77.83333333333333,467,600
openbmi_fbcnet_filtermatched,openbmi:50,53.333333333333336,8,15
openbmi_fbcnet_filtermatched,openbmi:51,62.833333333333336,377,600
openbmi_fbcnet_filtermatched,openbmi:52,65.16666666666667,391,600
openbmi_fbcnet_filtermatched,openbmi:53,50.333333333333336,151,300
openbmi_fbcnet_filtermatched,openbmi:54,51.333333333333336,77,150
openbmi_fbcnet_filtermatched,openbmi:6,76.5,153,200
openbmi_fbcnet_filtermatched,openbmi:7,56.0,14,25
openbmi_fbcnet_filtermatched,openbmi:8,64.0,16,25
openbmi_fbcnet_filtermatched,openbmi:9,76.5,153,200
openbmi_fbcnet_hp05,openbmi:1,80.66666666666667,121,150
openbmi_fbcnet_hp05,openbmi:10,63.0,63,100
openbmi_fbcnet_hp05,openbmi:11,49.333333333333336,37,75
openbmi_fbcnet_hp05,openbmi:12,50.833333333333336,61,120
openbmi_fbcnet_hp05,openbmi:13,51.5,103,200
openbmi_fbcnet_hp05,openbmi:14,49.833333333333336,299,600
openbmi_fbcnet_hp05,openbmi:15,58.666666666666664,44,75
openbmi_fbcnet_hp05,openbmi:16,57.5,23,40
openbmi_fbcnet_hp05,openbmi:17,63.666666666666664,191,300
openbmi_fbcnet_hp05,openbmi:18,83.0,83,100
openbmi_fbcnet_hp05,openbmi:19,71.16666666666667,427,600
openbmi_fbcnet_hp05,openbmi:2,72.0,18,25
openbmi_fbcnet_hp05,openbmi:20,57.5,23,40
openbmi_fbcnet_hp05,openbmi:21,99.5,199,200
openbmi_fbcnet_hp05,openbmi:22,72.5,29,40
openbmi_fbcnet_hp05,openbmi:23,54.0,27,50
openbmi_fbcnet_hp05,openbmi:24,49.333333333333336,37,75
openbmi_fbcnet_hp05,openbmi:25,63.833333333333336,383,600
openbmi_fbcnet_hp05,openbmi:26,53.333333333333336,8,15
openbmi_fbcnet_hp05,openbmi:27,51.0,51,100
openbmi_fbcnet_hp05,openbmi:28,94.33333333333333,283,300
openbmi_fbcnet_hp05,openbmi:29,93.83333333333333,563,600
openbmi_fbcnet_hp05,openbmi:3,94.5,189,200
openbmi_fbcnet_hp05,openbmi:30,57.0,57,100
openbmi_fbcnet_hp05,openbmi:31,57.333333333333336,43,75
openbmi_fbcnet_hp05,openbmi:32,84.0,21,25
openbmi_fbcnet_hp05,openbmi:33,95.16666666666667,571,600
openbmi_fbcnet_hp05,openbmi:34,52.166666666666664,313,600
openbmi_fbcnet_hp05,openbmi:35,77.0,77,100
openbmi_fbcnet_hp05,openbmi:36,97.33333333333333,73,75
openbmi_fbcnet_hp05,openbmi:37,93.66666666666667,281,300
openbmi_fbcnet_hp05,openbmi:38,55.666666666666664,167,300
openbmi_fbcnet_hp05,openbmi:39,73.66666666666667,221,300
openbmi_fbcnet_hp05,openbmi:4,74.83333333333333,449,600
openbmi_fbcnet_hp05,openbmi:40,58.166666666666664,349,600
openbmi_fbcnet_hp05,openbmi:41,50.5,101,200
openbmi_fbcnet_hp05,openbmi:42,58.5,117,200
openbmi_fbcnet_hp05,openbmi:43,80.16666666666667,481,600
openbmi_fbcnet_hp05,openbmi:44,97.83333333333333,587,600
openbmi_fbcnet_hp05,openbmi:45,88.33333333333333,53,60
openbmi_fbcnet_hp05,openbmi:46,62.5,5,8
openbmi_fbcnet_hp05,openbmi:47,51.666666666666664,31,60
openbmi_fbcnet_hp05,openbmi:48,57.0,57,100
openbmi_fbcnet_hp05,openbmi:49,64.0,16,25
openbmi_fbcnet_hp05,openbmi:5,84.66666666666667,127,150
openbmi_fbcnet_hp05,openbmi:50,51.833333333333336,311,600
openbmi_fbcnet_hp05,openbmi:51,57.833333333333336,347,600
openbmi_fbcnet_hp05,openbmi:52,63.833333333333336,383,600
openbmi_fbcnet_hp05,openbmi:53,47.833333333333336,287,600
openbmi_fbcnet_hp05,openbmi:54,55.0,11,20
openbmi_fbcnet_hp05,openbmi:6,75.83333333333333,91,120
openbmi_fbcnet_hp05,openbmi:7,52.333333333333336,157,300
openbmi_fbcnet_hp05,openbmi:8,62.166666666666664,373,600
openbmi_fbcnet_hp05,openbmi:9,76.66666666666667,23,30
zhou2020_rd,zhou2020_a:13,30.13888888888889,217,720
zhou2020_rd,zhou2020_a:14,46.388888888888886,167,360
zhou2020_rd,zhou2020_a:15,35.416666666666664,17,48
zhou2020_rd,zhou2020_a:16,34.03361344537815,81,238
zhou2020_rd,zhou2020_a:17,23.88888888888889,43,180
zhou2020_rd,zhou2020_a:18,54.166666666666664,13,24
zhou2020_rd,zhou2020_a:19,35.97222222222222,259,720
zhou2020_rd,zhou2020_a:20,31.52777777777778,227,720
zhou2020_rd,zhou2020_s:1,28.47222222222222,41,144
zhou2020_rd,zhou2020_s:10,29.72222222222222,107,360
zhou2020_rd,zhou2020_s:11,44.72222222222222,161,360
zhou2020_rd,zhou2020_s:12,38.888888888888886,7,18
zhou2020_rd,zhou2020_s:2,43.05555555555556,31,72
zhou2020_rd,zhou2020_s:3,28.47222222222222,41,144
zhou2020_rd,zhou2020_s:4,36.388888888888886,131,360
zhou2020_rd,zhou2020_s:5,29.86111111111111,43,144
zhou2020_rd,zhou2020_s:6,65.13888888888889,469,720
zhou2020_rd,zhou2020_s:7,55.97222222222222,403,720
zhou2020_rd,zhou2020_s:8,32.21757322175732,77,239
zhou2020_rd,zhou2020_s:9,49.72222222222222,179,360
zhou2020_nodemean,zhou2020_a:13,28.88888888888889,13,45
zhou2020_nodemean,zhou2020_a:14,48.75,39,80
zhou2020_nodemean,zhou2020_a:15,31.52777777777778,227,720
zhou2020_nodemean,zhou2020_a:16,33.19327731092437,79,238
zhou2020_nodemean,zhou2020_a:17,26.805555555555557,193,720
zhou2020_nodemean,zhou2020_a:18,50.97222222222222,367,720
zhou2020_nodemean,zhou2020_a:19,33.05555555555556,119,360
zhou2020_nodemean,zhou2020_a:20,30.416666666666668,73,240
zhou2020_nodemean,zhou2020_s:1,29.444444444444443,53,180
zhou2020_nodemean,zhou2020_s:10,30.97222222222222,223,720
zhou2020_nodemean,zhou2020_s:11,47.083333333333336,113,240
zhou2020_nodemean,zhou2020_s:12,37.638888888888886,271,720
zhou2020_nodemean,zhou2020_s:2,44.861111111111114,323,720
zhou2020_nodemean,zhou2020_s:3,26.805555555555557,193,720
zhou2020_nodemean,zhou2020_s:4,35.97222222222222,259,720
zhou2020_nodemean,zhou2020_s:5,30.555555555555557,11,36
zhou2020_nodemean,zhou2020_s:6,61.388888888888886,221,360
zhou2020_nodemean,zhou2020_s:7,55.69444444444444,401,720
zhou2020_nodemean,zhou2020_s:8,29.567642956764296,212,717
zhou2020_nodemean,zhou2020_s:9,53.888888888888886,97,180
zhou2020_eegnet_demean,zhou2020_a:13,27.77777777777778,5,18
zhou2020_eegnet_demean,zhou2020_a:14,43.611111111111114,157,360
zhou2020_eegnet_demean,zhou2020_a:15,26.11111111111111,47,180
zhou2020_eegnet_demean,zhou2020_a:16,31.092436974789916,37,119
zhou2020_eegnet_demean,zhou2020_a:17,23.333333333333332,7,30
zhou2020_eegnet_demean,zhou2020_a:18,42.638888888888886,307,720
zhou2020_eegnet_demean,zhou2020_a:19,34.30555555555556,247,720
zhou2020_eegnet_demean,zhou2020_a:20,26.944444444444443,97,360
zhou2020_eegnet_demean,zhou2020_s:1,25.13888888888889,181,720
zhou2020_eegnet_demean,zhou2020_s:10,27.77777777777778,5,18
zhou2020_eegnet_demean,zhou2020_s:11,45.69444444444444,329,720
zhou2020_eegnet_demean,zhou2020_s:12,35.69444444444444,257,720
zhou2020_eegnet_demean,zhou2020_s:2,43.75,7,16
zhou2020_eegnet_demean,zhou2020_s:3,25.97222222222222,187,720
zhou2020_eegnet_demean,zhou2020_s:4,33.75,27,80
zhou2020_eegnet_demean,zhou2020_s:5,29.72222222222222,107,360
zhou2020_eegnet_demean,zhou2020_s:6,57.22222222222222,103,180
zhou2020_eegnet_demean,zhou2020_s:7,48.05555555555556,173,360
zhou2020_eegnet_demean,zhou2020_s:8,30.404463040446306,218,717
zhou2020_eegnet_demean,zhou2020_s:9,43.333333333333336,13,30
